run_id,epoch,timestamp,elapsed_total_sec,train_loss_xy,train_loss_z,val_loss_xy,val_loss_z,psnr_xy,psnr_final,ssim_xy,ssim_final,ram_mb
Wang_2023_260728_1406,0,1785240595.1762662,192.54720211029053,0.07886939495801926,0.07422740012407303,0.07127292594148053,0.07116355230410894,26.949134080674913,27.193344582451715,0.6054553784264458,0.6120586391290029,21596.03712
Wang_2023_260728_1406,1,1785240749.6016145,346.9725503921509,0.06625337898731232,0.06663864850997925,0.07127292594148053,0.07116355230410894,26.949134080674913,27.193344582451715,0.6054553784264458,0.6120586391290029,21568.626688
Wang_2023_260728_1406,2,1785240905.7630334,503.1339693069458,0.06114709749817848,0.061477310955524445,0.07127292594148053,0.07116355230410894,26.949134080674913,27.193344582451715,0.6054553784264458,0.6120586391290029,21897.314304
Wang_2023_260728_1406,3,1785241059.194585,656.5655210018158,0.06260703504085541,0.06295479089021683,0.07127292594148053,0.07116355230410894,26.949134080674913,27.193344582451715,0.6054553784264458,0.6120586391290029,21935.140864
Wang_2023_260728_1406,4,1785241205.8565743,803.2275102138519,0.06264672428369522,0.0628284364938736,0.07127292594148053,0.07116355230410894,26.949134080674913,27.193344582451715,0.6054553784264458,0.6120586391290029,21670.232064
Wang_2023_260728_1406,5,1785241349.5025804,946.8735163211823,0.06121543049812317,0.06118273735046387,0.07127292594148053,0.07116355230410894,26.949134080674913,27.193344582451715,0.6054553784264458,0.6120586391290029,21524.733952
Wang_2023_260728_1406,6,1785241501.0138235,1098.384759426117,0.060703255236148834,0.06091548129916191,0.07127292594148053,0.07116355230410894,26.949134080674913,27.193344582451715,0.6054553784264458,0.6120586391290029,22110.113792
Wang_2023_260728_1406,7,1785241642.1618528,1239.5327887535095,0.06446761637926102,0.06457217782735825,0.07127292594148053,0.07116355230410894,26.949134080674913,27.193344582451715,0.6054553784264458,0.6120586391290029,21551.603712
Wang_2023_260728_1406,8,1785241798.9352295,1396.3061654567719,0.06264730542898178,0.06290217489004135,0.07127292594148053,0.07116355230410894,26.949134080674913,27.193344582451715,0.6054553784264458,0.6120586391290029,22141.78816
Wang_2023_260728_1406,9,1785241986.800953,1584.1718888282776,0.061585940420627594,0.061831746250391006,0.0621854850401481,0.06209450120727221,26.922550972832575,28.731541154649523,0.6539686955346001,0.6539663785033756,22105.305088
Wang_2023_260728_1406,10,1785242141.38421,1738.7551460266113,0.06458250433206558,0.06478607654571533,0.0621854850401481,0.06209450120727221,26.922550972832575,28.731541154649523,0.6539686955346001,0.6539663785033756,22246.78912
Wang_2023_260728_1406,11,1785242295.2941422,1892.665078163147,0.062369298189878464,0.06247212737798691,0.0621854850401481,0.06209450120727221,26.922550972832575,28.731541154649523,0.6539686955346001,0.6539663785033756,22322.950144
Wang_2023_260728_1406,12,1785242449.4329543,2046.8038902282715,0.06077092885971069,0.06084001809358597,0.0621854850401481,0.06209450120727221,26.922550972832575,28.731541154649523,0.6539686955346001,0.6539663785033756,22351.835136
Wang_2023_260728_1406,13,1785242598.7449923,2196.115928173065,0.05807562917470932,0.058104000985622406,0.0621854850401481,0.06209450120727221,26.922550972832575,28.731541154649523,0.6539686955346001,0.6539663785033756,22490.17344
Wang_2023_260728_1406,14,1785242747.6606777,2345.031613588333,0.05696134269237518,0.05704469978809357,0.0621854850401481,0.06209450120727221,26.922550972832575,28.731541154649523,0.6539686955346001,0.6539663785033756,22001.60256
Wang_2023_260728_1406,15,1785242898.2536402,2495.6245760917664,0.060407694429159164,0.06050843372941017,0.0621854850401481,0.06209450120727221,26.922550972832575,28.731541154649523,0.6539686955346001,0.6539663785033756,22283.69408
Wang_2023_260728_1406,16,1785243047.898279,2645.2692148685455,0.05915463715791702,0.05915597826242447,0.0621854850401481,0.06209450120727221,26.922550972832575,28.731541154649523,0.6539686955346001,0.6539663785033756,22356.680704
Wang_2023_260728_1406,17,1785243198.6590316,2796.029967546463,0.058191169053316116,0.058237701654434204,0.0621854850401481,0.06209450120727221,26.922550972832575,28.731541154649523,0.6539686955346001,0.6539663785033756,22488.86272
Wang_2023_260728_1406,18,1785243345.4207003,2942.7916362285614,0.058509185910224915,0.05863422527909279,0.0621854850401481,0.06209450120727221,26.922550972832575,28.731541154649523,0.6539686955346001,0.6539663785033756,22313.443328
Wang_2023_260728_1406,19,1785243527.1529658,3124.5239017009735,0.05839037895202637,0.05833710730075836,0.058713235110044476,0.058415024768975046,28.668323389689128,28.866157913208006,0.6669539060857561,0.6673663568496704,22398.517248
Wang_2023_260728_1406,20,1785243679.9315233,3277.3024592399597,0.05992033705115318,0.06008520722389221,0.058713235110044476,0.058415024768975046,28.668323389689128,28.866157913208006,0.6669539060857561,0.6673663568496704,22467.203072
Wang_2023_260728_1406,21,1785243827.2619023,3424.6328382492065,0.056997232139110565,0.05693810433149338,0.058713235110044476,0.058415024768975046,28.668323389689128,28.866157913208006,0.6669539060857561,0.6673663568496704,22430.855168
Wang_2023_260728_1406,22,1785243977.0737586,3574.444694519043,0.05658883973956108,0.056495551019907,0.058713235110044476,0.058415024768975046,28.668323389689128,28.866157913208006,0.6669539060857561,0.6673663568496704,22218.870784
Wang_2023_260728_1406,23,1785244129.2027786,3726.573714494705,0.056719232350587845,0.05676142871379852,0.058713235110044476,0.058415024768975046,28.668323389689128,28.866157913208006,0.6669539060857561,0.6673663568496704,22803.591168
Wang_2023_260728_1406,24,1785244277.151881,3874.5228168964386,0.056649189442396164,0.05667548626661301,0.058713235110044476,0.058415024768975046,28.668323389689128,28.866157913208006,0.6669539060857561,0.6673663568496704,22521.237504
Wang_2023_260728_1406,25,1785244426.101123,4023.4720590114594,0.05679065361618996,0.05680038407444954,0.058713235110044476,0.058415024768975046,28.668323389689128,28.866157913208006,0.6669539060857561,0.6673663568496704,22870.6304
Wang_2023_260728_1406,26,1785244572.448715,4169.819650888443,0.06171775981783867,0.06154394522309303,0.058713235110044476,0.058415024768975046,28.668323389689128,28.866157913208006,0.6669539060857561,0.6673663568496704,22978.056192
Wang_2023_260728_1406,27,1785244718.616853,4315.987788915634,0.05851643532514572,0.058539293706417084,0.058713235110044476,0.058415024768975046,28.668323389689128,28.866157913208006,0.6669539060857561,0.6673663568496704,22976.65536
Wang_2023_260728_1406,28,1785244871.728015,4469.0989508628845,0.05553346127271652,0.05548134446144104,0.058713235110044476,0.058415024768975046,28.668323389689128,28.866157913208006,0.6669539060857561,0.6673663568496704,22994.120704
Wang_2023_260728_1406,29,1785245052.210805,4649.581740856171,0.06203095242381096,0.06190793216228485,0.06156670617560545,0.061226441487669946,28.411437318589954,28.570490375094945,0.6478643249140845,0.6489325686958101,23172.251648
Wang_2023_260728_1406,30,1785245201.1319268,4798.502862691879,0.05682465434074402,0.05691899359226227,0.06156670617560545,0.061226441487669946,28.411437318589954,28.570490375094945,0.6478643249140845,0.6489325686958101,23022.112768
Wang_2023_260728_1406,31,1785245352.6078627,4949.978798627853,0.06097846478223801,0.060943350195884705,0.06156670617560545,0.061226441487669946,28.411437318589954,28.570490375094945,0.6478643249140845,0.6489325686958101,23021.780992
Wang_2023_260728_1406,32,1785245496.4238415,5093.794777393341,0.05577898770570755,0.055754415690898895,0.06156670617560545,0.061226441487669946,28.411437318589954,28.570490375094945,0.6478643249140845,0.6489325686958101,23151.140864
Wang_2023_260728_1406,33,1785245647.8910418,5245.261977672577,0.055346399545669556,0.055313754826784134,0.06156670617560545,0.061226441487669946,28.411437318589954,28.570490375094945,0.6478643249140845,0.6489325686958101,23056.621568
Wang_2023_260728_1406,34,1785245792.2557623,5389.626698255539,0.05430186912417412,0.0541924387216568,0.06156670617560545,0.061226441487669946,28.411437318589954,28.570490375094945,0.6478643249140845,0.6489325686958101,22914.90816
Wang_2023_260728_1406,35,1785245948.8618507,5546.232786655426,0.05493852496147156,0.05481100454926491,0.06156670617560545,0.061226441487669946,28.411437318589954,28.570490375094945,0.6478643249140845,0.6489325686958101,23109.9392
Wang_2023_260728_1406,36,1785246100.1291888,5697.500124692917,0.05671718716621399,0.05656641721725464,0.06156670617560545,0.061226441487669946,28.411437318589954,28.570490375094945,0.6478643249140845,0.6489325686958101,22932.262912
Wang_2023_260728_1406,37,1785246251.594215,5848.96515083313,0.05430084094405174,0.054236192256212234,0.06156670617560545,0.061226441487669946,28.411437318589954,28.570490375094945,0.6478643249140845,0.6489325686958101,23119.568896
Wang_2023_260728_1406,38,1785246397.8996263,5995.270562171936,0.05289629101753235,0.052791938185691833,0.06156670617560545,0.061226441487669946,28.411437318589954,28.570490375094945,0.6478643249140845,0.6489325686958101,23065.460736
Wang_2023_260728_1406,39,1785246573.7590303,6171.129966259003,0.053503505885601044,0.05335633456707001,0.0537843944132328,0.053540580347180365,28.780302327473958,29.88050072564019,0.6916789968808492,0.6902487330966526,23006.261248
Wang_2023_260728_1406,40,1785246724.285882,6321.656817913055,0.05628553032875061,0.05607123300433159,0.0537843944132328,0.053540580347180365,28.780302327473958,29.88050072564019,0.6916789968808492,0.6902487330966526,23382.142976
Wang_2023_260728_1406,41,1785246875.688841,6473.059777021408,0.05507779121398926,0.05493209883570671,0.0537843944132328,0.053540580347180365,28.780302327473958,29.88050072564019,0.6916789968808492,0.6902487330966526,23200.694272
Wang_2023_260728_1406,42,1785247020.8611152,6618.2320511341095,0.05280769616365433,0.05265622213482857,0.0537843944132328,0.053540580347180365,28.780302327473958,29.88050072564019,0.6916789968808492,0.6902487330966526,23131.844608
Wang_2023_260728_1406,43,1785247163.0477855,6760.418721437454,0.05424182489514351,0.05405188724398613,0.0537843944132328,0.053540580347180365,28.780302327473958,29.88050072564019,0.6916789968808492,0.6902487330966526,23035.752448
Wang_2023_260728_1406,44,1785247307.7450778,6905.116013765335,0.05633030831813812,0.056030888110399246,0.0537843944132328,0.053540580347180365,28.780302327473958,29.88050072564019,0.6916789968808492,0.6902487330966526,22751.342592
Wang_2023_260728_1406,45,1785247453.4611247,7050.832060575485,0.054015908390283585,0.05374860018491745,0.0537843944132328,0.053540580347180365,28.780302327473958,29.88050072564019,0.6916789968808492,0.6902487330966526,23019.618304
Wang_2023_260728_1406,46,1785247601.3309503,7198.701886177063,0.05344616621732712,0.05314312130212784,0.0537843944132328,0.053540580347180365,28.780302327473958,29.88050072564019,0.6916789968808492,0.6902487330966526,23133.159424
Wang_2023_260728_1406,47,1785247750.4221015,7347.793037414551,0.054462991654872894,0.05416153371334076,0.0537843944132328,0.053540580347180365,28.780302327473958,29.88050072564019,0.6916789968808492,0.6902487330966526,23273.299968
Wang_2023_260728_1406,48,1785247900.5564144,7497.927350282669,0.053051017224788666,0.05291751027107239,0.0537843944132328,0.053540580347180365,28.780302327473958,29.88050072564019,0.6916789968808492,0.6902487330966526,23454.552064
Wang_2023_260728_1406,49,1785248079.4941394,7676.865075349808,0.0529663972556591,0.05263020843267441,0.052517219442460274,0.05211466638578309,29.436636191474065,30.058886388142902,0.7013691508769989,0.6995349804560343,23133.167616
Wang_2023_260728_1406,50,1785248229.3219986,7826.692934513092,0.05107581615447998,0.050852879881858826,0.052517219442460274,0.05211466638578309,29.436636191474065,30.058886388142902,0.7013691508769989,0.6995349804560343,23399.309312
Wang_2023_260728_1406,51,1785248376.4727926,7973.843728542328,0.05351663753390312,0.053199224174022675,0.052517219442460274,0.05211466638578309,29.436636191474065,30.058886388142902,0.7013691508769989,0.6995349804560343,23399.641088
Wang_2023_260728_1406,52,1785248524.2320688,8121.603004693985,0.05113169923424721,0.05086624249815941,0.052517219442460274,0.05211466638578309,29.436636191474065,30.058886388142902,0.7013691508769989,0.6995349804560343,23631.01184
Wang_2023_260728_1406,53,1785248669.1935372,8266.56447315216,0.05020447447896004,0.04998397082090378,0.052517219442460274,0.05211466638578309,29.436636191474065,30.058886388142902,0.7013691508769989,0.6995349804560343,23399.641088
Wang_2023_260728_1406,54,1785248813.374938,8410.74587392807,0.053155701607465744,0.052799291908741,0.052517219442460274,0.05211466638578309,29.436636191474065,30.058886388142902,0.7013691508769989,0.6995349804560343,23270.940672
Wang_2023_260728_1406,55,1785248968.437909,8565.808844804764,0.050822913646698,0.05070409178733826,0.052517219442460274,0.05211466638578309,29.436636191474065,30.058886388142902,0.7013691508769989,0.6995349804560343,23342.788608
Wang_2023_260728_1406,56,1785249114.9638405,8712.33477640152,0.05511995032429695,0.05476631224155426,0.052517219442460274,0.05211466638578309,29.436636191474065,30.058886388142902,0.7013691508769989,0.6995349804560343,23608.020992
Wang_2023_260728_1406,57,1785249262.7767713,8860.147707223892,0.05029088258743286,0.05004669725894928,0.052517219442460274,0.05211466638578309,29.436636191474065,30.058886388142902,0.7013691508769989,0.6995349804560343,23593.377792
Wang_2023_260728_1406,58,1785249402.128882,8999.499817848206,0.05105145648121834,0.05069204419851303,0.052517219442460274,0.05211466638578309,29.436636191474065,30.058886388142902,0.7013691508769989,0.6995349804560343,22962.745344
Wang_2023_260728_1406,59,1785249586.7898715,9184.16080737114,0.05037049204111099,0.05004507675766945,0.048162264401714006,0.04778333710299598,30.174239179823132,30.50201914469401,0.7266994950506422,0.7242038981119792,23386.906624
Wang_2023_260728_1406,60,1785249734.9217033,9332.292639255524,0.049176376312971115,0.04878281429409981,0.048162264401714006,0.04778333710299598,30.174239179823132,30.50201914469401,0.7266994950506422,0.7242038981119792,23544.496128
Wang_2023_260728_1406,61,1785249887.388748,9484.759683847427,0.05003711208701134,0.04974010959267616,0.048162264401714006,0.04778333710299598,30.174239179823132,30.50201914469401,0.7266994950506422,0.7242038981119792,23233.06496
Wang_2023_260728_1406,62,1785250042.1410866,9639.51202249527,0.05105391889810562,0.05065455287694931,0.048162264401714006,0.04778333710299598,30.174239179823132,30.50201914469401,0.7266994950506422,0.7242038981119792,23505.944576
Wang_2023_260728_1406,63,1785250195.5496275,9792.920563459396,0.05048472061753273,0.05012675002217293,0.048162264401714006,0.04778333710299598,30.174239179823132,30.50201914469401,0.7266994950506422,0.7242038981119792,23558.127616
Wang_2023_260728_1406,64,1785250347.8458564,9945.216792345047,0.05069303140044212,0.05032137408852577,0.048162264401714006,0.04778333710299598,30.174239179823132,30.50201914469401,0.7266994950506422,0.7242038981119792,23757.053952
Wang_2023_260728_1406,65,1785250490.4454708,10087.816406726837,0.052145909518003464,0.0517711266875267,0.048162264401714006,0.04778333710299598,30.174239179823132,30.50201914469401,0.7266994950506422,0.7242038981119792,23317.38112
Wang_2023_260728_1406,66,1785250636.5979438,10233.968879699707,0.051981475204229355,0.05148502066731453,0.048162264401714006,0.04778333710299598,30.174239179823132,30.50201914469401,0.7266994950506422,0.7242038981119792,23732.658176
Wang_2023_260728_1406,67,1785250781.1123948,10378.483330726624,0.049340225756168365,0.048849787563085556,0.048162264401714006,0.04778333710299598,30.174239179823132,30.50201914469401,0.7266994950506422,0.7242038981119792,23739.518976
Wang_2023_260728_1406,68,1785250930.7771003,10528.148036241531,0.04931357502937317,0.048914872109889984,0.048162264401714006,0.04778333710299598,30.174239179823132,30.50201914469401,0.7266994950506422,0.7242038981119792,23532.863488
Wang_2023_260728_1406,69,1785251108.7760627,10706.146998643875,0.05313369631767273,0.05258665606379509,0.053356906150778136,0.05284176929957337,29.588792224460178,29.71448129442003,0.695857284201516,0.694645217789544,23443.984384
Wang_2023_260728_1406,70,1785251252.8179688,10850.188904762268,0.04844162240624428,0.047968000173568726,0.053356906150778136,0.05284176929957337,29.588792224460178,29.71448129442003,0.695857284201516,0.694645217789544,23100.796928
Wang_2023_260728_1406,71,1785251401.2608929,10998.631828784943,0.053765133023262024,0.053236257284879684,0.053356906150778136,0.05284176929957337,29.588792224460178,29.71448129442003,0.695857284201516,0.694645217789544,23144.448
Wang_2023_260728_1406,72,1785251543.0642354,11140.435171365738,0.049001604318618774,0.04859031364321709,0.053356906150778136,0.05284176929957337,29.588792224460178,29.71448129442003,0.695857284201516,0.694645217789544,23320.772608
Wang_2023_260728_1406,73,1785251686.4297462,11283.800682067871,0.04965149238705635,0.04911009967327118,0.053356906150778136,0.05284176929957337,29.588792224460178,29.71448129442003,0.695857284201516,0.694645217789544,23135.440896
Wang_2023_260728_1406,74,1785251834.4920163,11431.86295223236,0.05092349648475647,0.05043911933898926,0.053356906150778136,0.05284176929957337,29.588792224460178,29.71448129442003,0.695857284201516,0.694645217789544,23853.17888
Wang_2023_260728_1406,75,1785251981.308014,11578.678949832916,0.04892358556389809,0.04881555214524269,0.053356906150778136,0.05284176929957337,29.588792224460178,29.71448129442003,0.695857284201516,0.694645217789544,23863.230464
Wang_2023_260728_1406,76,1785252128.3454313,11725.71636724472,0.047648265957832336,0.04736360162496567,0.053356906150778136,0.05284176929957337,29.588792224460178,29.71448129442003,0.695857284201516,0.694645217789544,23733.41184
Wang_2023_260728_1406,77,1785252272.183029,11869.553964853287,0.04976673424243927,0.0492224246263504,0.053356906150778136,0.05284176929957337,29.588792224460178,29.71448129442003,0.695857284201516,0.694645217789544,23413.170176
Wang_2023_260728_1406,78,1785252420.3769348,12017.74787068367,0.050301529467105865,0.04980839788913727,0.053356906150778136,0.05284176929957337,29.588792224460178,29.71448129442003,0.695857284201516,0.694645217789544,23598.882816
Wang_2023_260728_1406,79,1785252603.8796723,12201.250608205795,0.04654733091592789,0.04615045338869095,0.04629352955354585,0.04587442533837424,30.011213082207576,31.19457244873047,0.7378759390778011,0.7357798131306966,23521.640448
Wang_2023_260728_1406,80,1785252753.408799,12350.77973484993,0.048003967851400375,0.047622039914131165,0.04629352955354585,0.04587442533837424,30.011213082207576,31.19457244873047,0.7378759390778011,0.7357798131306966,23813.81632
Wang_2023_260728_1406,81,1785252904.637905,12502.008840799332,0.046149592846632004,0.045758143067359924,0.04629352955354585,0.04587442533837424,30.011213082207576,31.19457244873047,0.7378759390778011,0.7357798131306966,23800.143872
Wang_2023_260728_1406,82,1785253047.6980572,12645.068993091583,0.05106203258037567,0.05051204562187195,0.04629352955354585,0.04587442533837424,30.011213082207576,31.19457244873047,0.7378759390778011,0.7357798131306966,23416.569856
Wang_2023_260728_1406,83,1785253196.7224083,12794.093344211578,0.04892385005950928,0.04841012880206108,0.04629352955354585,0.04587442533837424,30.011213082207576,31.19457244873047,0.7378759390778011,0.7357798131306966,23583.576064
Wang_2023_260728_1406,84,1785253343.5971212,12940.96805715561,0.048973895609378815,0.048523224890232086,0.04629352955354585,0.04587442533837424,30.011213082207576,31.19457244873047,0.7378759390778011,0.7357798131306966,23298.6624
Wang_2023_260728_1406,85,1785253494.9919538,13092.362889766693,0.04800791293382645,0.04751872271299362,0.04629352955354585,0.04587442533837424,30.011213082207576,31.19457244873047,0.7378759390778011,0.7357798131306966,23583.576064
Wang_2023_260728_1406,86,1785253636.5885403,13233.959476232529,0.048597246408462524,0.04807283356785774,0.04629352955354585,0.04587442533837424,30.011213082207576,31.19457244873047,0.7378759390778011,0.7357798131306966,23544.418304
Wang_2023_260728_1406,87,1785253784.218863,13381.589798927307,0.05096476525068283,0.050545405596494675,0.04629352955354585,0.04587442533837424,30.011213082207576,31.19457244873047,0.7378759390778011,0.7357798131306966,23578.271744
Wang_2023_260728_1406,88,1785253931.8851266,13529.25606250763,0.05017103999853134,0.04954059422016144,0.04629352955354585,0.04587442533837424,30.011213082207576,31.19457244873047,0.7378759390778011,0.7357798131306966,23877.05856
Wang_2023_260728_1406,89,1785254110.0947437,13707.465679645538,0.050294142216444016,0.049619100987911224,0.05021952754093541,0.04952158775594499,29.705851084391277,30.30781746758355,0.7133843329217698,0.7124359655380249,24131.60448
Wang_2023_260728_1406,90,1785254251.6226232,13848.993559122086,0.04906170815229416,0.04846232011914253,0.05021952754093541,0.04952158775594499,29.705851084391277,30.30781746758355,0.7133843329217698,0.7124359655380249,24312.721408
Wang_2023_260728_1406,91,1785254390.4000752,13987.77101111412,0.047115374356508255,0.046980615705251694,0.05021952754093541,0.04952158775594499,29.705851084391277,30.30781746758355,0.7133843329217698,0.7124359655380249,24347.48416
Wang_2023_260728_1406,92,1785254535.695829,14133.066764831543,0.04613944888114929,0.045934583991765976,0.05021952754093541,0.04952158775594499,29.705851084391277,30.30781746758355,0.7133843329217698,0.7124359655380249,24132.042752
Wang_2023_260728_1406,93,1785254671.9512534,14269.322189331055,0.050447236746549606,0.04983590915799141,0.05021952754093541,0.04952158775594499,29.705851084391277,30.30781746758355,0.7133843329217698,0.7124359655380249,23630.106624
Wang_2023_260728_1406,94,1785254817.6201723,14414.991108179092,0.04702705517411232,0.0468265563249588,0.05021952754093541,0.04952158775594499,29.705851084391277,30.30781746758355,0.7133843329217698,0.7124359655380249,24169.234432
Wang_2023_260728_1406,95,1785254960.7340853,14558.105021238327,0.04956534877419472,0.04906390234827995,0.05021952754093541,0.04952158775594499,29.705851084391277,30.30781746758355,0.7133843329217698,0.7124359655380249,23679.01696
Wang_2023_260728_1406,96,1785255106.581662,14703.952597856522,0.04799387976527214,0.04743214324116707,0.05021952754093541,0.04952158775594499,29.705851084391277,30.30781746758355,0.7133843329217698,0.7124359655380249,24131.284992
Wang_2023_260728_1406,97,1785255247.6310549,14845.001990795135,0.04941650480031967,0.04879309609532356,0.05021952754093541,0.04952158775594499,29.705851084391277,30.30781746758355,0.7133843329217698,0.7124359655380249,23828.840448
Wang_2023_260728_1406,98,1785255393.2831964,14990.65413236618,0.05017085745930672,0.049556270241737366,0.05021952754093541,0.04952158775594499,29.705851084391277,30.30781746758355,0.7133843329217698,0.7124359655380249,24009.5232
Wang_2023_260728_1406,99,1785255574.0779998,15171.448935747147,0.04630725085735321,0.04573173448443413,0.04579704575240612,0.045142407334513135,29.949485829671225,31.118063142564562,0.7403334087795681,0.7393380065759023,24198.0416
Wang_2023_260728_1406,100,1785255713.7580936,15311.129029512405,0.0481986366212368,0.047729022800922394,0.04579704575240612,0.045142407334513135,29.949485829671225,31.118063142564562,0.7403334087795681,0.7393380065759023,24077.729792
Wang_2023_260728_1406,101,1785255858.9440236,15456.314959526062,0.04865040257573128,0.048105861991643906,0.04579704575240612,0.045142407334513135,29.949485829671225,31.118063142564562,0.7403334087795681,0.7393380065759023,24142.409728
Wang_2023_260728_1406,102,1785256000.3530393,15597.72397518158,0.04890448600053787,0.048255663365125656,0.04579704575240612,0.045142407334513135,29.949485829671225,31.118063142564562,0.7403334087795681,0.7393380065759023,23649.4848
Wang_2023_260728_1406,103,1785256138.1619742,15735.532910108566,0.04880684241652489,0.04813726991415024,0.04579704575240612,0.045142407334513135,29.949485829671225,31.118063142564562,0.7403334087795681,0.7393380065759023,23640.4736
Wang_2023_260728_1406,104,1785256280.1626198,15877.533555746078,0.04896726459264755,0.04822545126080513,0.04579704575240612,0.045142407334513135,29.949485829671225,31.118063142564562,0.7403334087795681,0.7393380065759023,23649.4848
Wang_2023_260728_1406,105,1785256417.0077949,16014.378730773926,0.04585566744208336,0.04568446800112724,0.04579704575240612,0.045142407334513135,29.949485829671225,31.118063142564562,0.7403334087795681,0.7393380065759023,24339.083264
Wang_2023_260728_1406,106,1785256560.4057167,16157.77665257454,0.04597358778119087,0.04560863971710205,0.04579704575240612,0.045142407334513135,29.949485829671225,31.118063142564562,0.7403334087795681,0.7393380065759023,24209.727488
Wang_2023_260728_1406,107,1785256702.6821103,16300.053046226501,0.049098726361989975,0.04847755283117294,0.04579704575240612,0.045142407334513135,29.949485829671225,31.118063142564562,0.7403334087795681,0.7393380065759023,23858.376704
Wang_2023_260728_1406,108,1785256847.1316266,16444.50256252289,0.04661637917160988,0.04615547135472298,0.04579704575240612,0.045142407334513135,29.949485829671225,31.118063142564562,0.7403334087795681,0.7393380065759023,24190.640128
Wang_2023_260728_1406,109,1785257016.3613591,16613.732295036316,0.04897185415029526,0.048320651054382324,0.048987027605374656,0.04825572244822979,30.030750749376086,30.536467174953884,0.7214442960421245,0.7196995757685767,23675.977728
Wang_2023_260728_1406,110,1785257161.8855813,16759.25651717186,0.04616060480475426,0.045555826276540756,0.048987027605374656,0.04825572244822979,30.030750749376086,30.536467174953884,0.7214442960421245,0.7196995757685767,24179.05664
Wang_2023_260728_1406,111,1785257298.7538438,16896.124779701233,0.04799165204167366,0.04747380316257477,0.048987027605374656,0.04825572244822979,30.030750749376086,30.536467174953884,0.7214442960421245,0.7196995757685767,24012.951552
Wang_2023_260728_1406,112,1785257436.8687797,17034.239715576172,0.04822826758027077,0.047578442841768265,0.048987027605374656,0.04825572244822979,30.030750749376086,30.536467174953884,0.7214442960421245,0.7196995757685767,23985.491968
Wang_2023_260728_1406,113,1785257577.959194,17175.33012986183,0.044258054345846176,0.04390611872076988,0.048987027605374656,0.04825572244822979,30.030750749376086,30.536467174953884,0.7214442960421245,0.7196995757685767,24109.387776
Wang_2023_260728_1406,114,1785257725.5111673,17322.882103204727,0.046422526240348816,0.045845575630664825,0.048987027605374656,0.04825572244822979,30.030750749376086,30.536467174953884,0.7214442960421245,0.7196995757685767,24163.639296
Wang_2023_260728_1406,115,1785257867.0077662,17464.378702163696,0.04451964423060417,0.04400167241692543,0.048987027605374656,0.04825572244822979,30.030750749376086,30.536467174953884,0.7214442960421245,0.7196995757685767,23892.00896
Wang_2023_260728_1406,116,1785258008.4139104,17605.784846305847,0.04930699244141579,0.04859637841582298,0.048987027605374656,0.04825572244822979,30.030750749376086,30.536467174953884,0.7214442960421245,0.7196995757685767,23893.946368
Wang_2023_260728_1406,117,1785258154.2342758,17751.60521173477,0.04810141399502754,0.047427013516426086,0.048987027605374656,0.04825572244822979,30.030750749376086,30.536467174953884,0.7214442960421245,0.7196995757685767,24197.042176
Wang_2023_260728_1406,118,1785258290.0422513,17887.413187265396,0.04702872410416603,0.046430669724941254,0.048987027605374656,0.04825572244822979,30.030750749376086,30.536467174953884,0.7214442960421245,0.7196995757685767,23880.441856
Wang_2023_260728_1406,119,1785258461.70368,18059.074615955353,0.045093756169080734,0.04491523653268814,0.04409852270450857,0.043914024805029234,29.74196329752604,31.457693600124784,0.7534498813417223,0.7495183685090807,24412.860416
Wang_2023_260728_1406,120,1785258606.2951136,18203.66604948044,0.04376932233572006,0.04326312988996506,0.04409852270450857,0.043914024805029234,29.74196329752604,31.457693600124784,0.7534498813417223,0.7495183685090807,24268.77952
Wang_2023_260728_1406,121,1785258743.9020786,18341.27301454544,0.05026606097817421,0.049550943076610565,0.04409852270450857,0.043914024805029234,29.74196329752604,31.457693600124784,0.7534498813417223,0.7495183685090807,23974.293504
Wang_2023_260728_1406,122,1785258884.4859815,18481.856917381287,0.04881599545478821,0.04810409992933273,0.04409852270450857,0.043914024805029234,29.74196329752604,31.457693600124784,0.7534498813417223,0.7495183685090807,23943.18848
Wang_2023_260728_1406,123,1785259027.5398571,18624.910793066025,0.04690948501229286,0.04622804373502731,0.04409852270450857,0.043914024805029234,29.74196329752604,31.457693600124784,0.7534498813417223,0.7495183685090807,24041.222144
Wang_2023_260728_1406,124,1785259171.3560073,18768.72694325447,0.044532645493745804,0.044208161532878876,0.04409852270450857,0.043914024805029234,29.74196329752604,31.457693600124784,0.7534498813417223,0.7495183685090807,24106.860544
Wang_2023_260728_1406,125,1785259311.3999088,18908.770844697952,0.047272633761167526,0.046620238572359085,0.04409852270450857,0.043914024805029234,29.74196329752604,31.457693600124784,0.7534498813417223,0.7495183685090807,24423.903232
Wang_2023_260728_1406,126,1785259456.3598886,19053.73082447052,0.045500174164772034,0.045191772282123566,0.04409852270450857,0.043914024805029234,29.74196329752604,31.457693600124784,0.7534498813417223,0.7495183685090807,24089.911296
Wang_2023_260728_1406,127,1785259597.0243413,19194.395277261734,0.04555748775601387,0.04503553360700607,0.04409852270450857,0.043914024805029234,29.74196329752604,31.457693600124784,0.7534498813417223,0.7495183685090807,23941.267456
Wang_2023_260728_1406,128,1785259742.0347157,19339.405651569366,0.04672816023230553,0.04610913246870041,0.04409852270450857,0.043914024805029234,29.74196329752604,31.457693600124784,0.7534498813417223,0.7495183685090807,24245.645312
Wang_2023_260728_1406,129,1785259916.4579518,19513.828887701035,0.04422695189714432,0.04368381202220917,0.04411164030432701,0.04353426888585091,30.51562316894531,31.611909968058267,0.7533874894513024,0.7510457152790494,24180.789248
Wang_2023_260728_1406,130,1785260059.1178796,19656.488815546036,0.047866348177194595,0.04715116322040558,0.04411164030432701,0.04353426888585091,30.51562316894531,31.611909968058267,0.7533874894513024,0.7510457152790494,24121.585664
Wang_2023_260728_1406,131,1785260207.6945598,19805.065495729446,0.04495783895254135,0.044357459992170334,0.04411164030432701,0.04353426888585091,30.51562316894531,31.611909968058267,0.7533874894513024,0.7510457152790494,24229.781504
Wang_2023_260728_1406,132,1785260352.2690094,19949.63994526863,0.045545436441898346,0.045253027230501175,0.04411164030432701,0.04353426888585091,30.51562316894531,31.611909968058267,0.7533874894513024,0.7510457152790494,24105.795584
Wang_2023_260728_1406,133,1785260492.1157708,20089.486706733704,0.046931393444538116,0.04620533436536789,0.04411164030432701,0.04353426888585091,30.51562316894531,31.611909968058267,0.7533874894513024,0.7510457152790494,24052.174848
Wang_2023_260728_1406,134,1785260633.218517,20230.58945298195,0.04794881120324135,0.04726448655128479,0.04411164030432701,0.04353426888585091,30.51562316894531,31.611909968058267,0.7533874894513024,0.7510457152790494,23942.131712
Wang_2023_260728_1406,135,1785260777.7986,20375.16953587532,0.046102192252874374,0.04543714225292206,0.04411164030432701,0.04353426888585091,30.51562316894531,31.611909968058267,0.7533874894513024,0.7510457152790494,24040.165376
Wang_2023_260728_1406,136,1785260916.2370408,20513.607976675034,0.04654476046562195,0.045820411294698715,0.04411164030432701,0.04353426888585091,30.51562316894531,31.611909968058267,0.7533874894513024,0.7510457152790494,23708.9792
Wang_2023_260728_1406,137,1785261060.5601444,20657.93108034134,0.04637666791677475,0.0457301028072834,0.04411164030432701,0.04353426888585091,30.51562316894531,31.611909968058267,0.7533874894513024,0.7510457152790494,24268.443648
Wang_2023_260728_1406,138,1785261197.7900164,20795.160952329636,0.045724302530288696,0.04506903514266014,0.04411164030432701,0.04353426888585091,30.51562316894531,31.611909968058267,0.7533874894513024,0.7510457152790494,23984.96768
Wang_2023_260728_1406,139,1785261372.8922305,20970.263166427612,0.04653887823224068,0.04580540955066681,0.04618182556496726,0.04538044650521543,30.435083719889324,30.88531077067057,0.74121129433314,0.7410153122742971,24109.473792
Wang_2023_260728_1406,140,1785261520.7461808,21118.117116689682,0.0455232635140419,0.044851794838905334,0.04618182556496726,0.04538044650521543,30.435083719889324,30.88531077067057,0.74121129433314,0.7410153122742971,24287.080448
Wang_2023_260728_1406,141,1785261658.0891023,21255.46003818512,0.04394325241446495,0.04333948716521263,0.04618182556496726,0.04538044650521543,30.435083719889324,30.88531077067057,0.74121129433314,0.7410153122742971,24136.953856
Wang_2023_260728_1406,142,1785261804.0837965,21401.45473241806,0.045389626175165176,0.0448710098862648,0.04618182556496726,0.04538044650521543,30.435083719889324,30.88531077067057,0.74121129433314,0.7410153122742971,24071.950336
Wang_2023_260728_1406,143,1785261951.0058708,21548.376806735992,0.04689980298280716,0.04632590338587761,0.04618182556496726,0.04538044650521543,30.435083719889324,30.88531077067057,0.74121129433314,0.7410153122742971,24308.92032
Wang_2023_260728_1406,144,1785262089.6601586,21687.031094551086,0.04978505149483681,0.04895399883389473,0.04618182556496726,0.04538044650521543,30.435083719889324,30.88531077067057,0.74121129433314,0.7410153122742971,23729.565696
Wang_2023_260728_1406,145,1785262228.2569866,21825.627922534943,0.043842341750860214,0.04370648413896561,0.04618182556496726,0.04538044650521543,30.435083719889324,30.88531077067057,0.74121129433314,0.7410153122742971,24462.168064
Wang_2023_260728_1406,146,1785262365.9477067,21963.318642616272,0.04542745277285576,0.04520358517765999,0.04618182556496726,0.04538044650521543,30.435083719889324,30.88531077067057,0.74121129433314,0.7410153122742971,24462.168064
Wang_2023_260728_1406,147,1785262506.9712152,22104.34215116501,0.04338200017809868,0.042999256402254105,0.04618182556496726,0.04538044650521543,30.435083719889324,30.88531077067057,0.74121129433314,0.7410153122742971,24215.056384
Wang_2023_260728_1406,148,1785262654.0778153,22251.448751211166,0.04646738991141319,0.04579237103462219,0.04618182556496726,0.04538044650521543,30.435083719889324,30.88531077067057,0.74121129433314,0.7410153122742971,24283.906048
Wang_2023_260728_1406,149,1785262830.8143246,22428.185260534286,0.048141639679670334,0.04727577045559883,0.04742462284035153,0.04653404920465416,30.340104921129015,30.642488411797416,0.7332236659526825,0.7338017433219486,24434.802688
Wang_2023_260728_1406,150,1785262979.476891,22576.847826957703,0.043394021689891815,0.04289018735289574,0.04742462284035153,0.04653404920465416,30.340104921129015,30.642488411797416,0.7332236659526825,0.7338017433219486,24491.04896
Wang_2023_260728_1406,151,1785263121.3311472,22718.70208311081,0.04356857389211655,0.04297839105129242,0.04742462284035153,0.04653404920465416,30.340104921129015,30.642488411797416,0.7332236659526825,0.7338017433219486,24120.705024
Wang_2023_260728_1406,152,1785263268.0250397,22865.395975589752,0.0437905490398407,0.04360757768154144,0.04742462284035153,0.04653404920465416,30.340104921129015,30.642488411797416,0.7332236659526825,0.7338017433219486,24313.544704
Wang_2023_260728_1406,153,1785263412.411091,23009.78202700615,0.043052081018686295,0.04252929612994194,0.04742462284035153,0.04653404920465416,30.340104921129015,30.642488411797416,0.7332236659526825,0.7338017433219486,24356.704256
Wang_2023_260728_1406,154,1785263549.9759479,23147.346883773804,0.04575294256210327,0.04504545405507088,0.04742462284035153,0.04653404920465416,30.340104921129015,30.642488411797416,0.7332236659526825,0.7338017433219486,23777.349632
Wang_2023_260728_1406,155,1785263695.8695517,23293.24048757553,0.04759785532951355,0.046929821372032166,0.04742462284035153,0.04653404920465416,30.340104921129015,30.642488411797416,0.7332236659526825,0.7338017433219486,24336.764928
Wang_2023_260728_1406,156,1785263845.5354888,23442.90642476082,0.04488125443458557,0.04427063837647438,0.04742462284035153,0.04653404920465416,30.340104921129015,30.642488411797416,0.7332236659526825,0.7338017433219486,24342.335488
Wang_2023_260728_1406,157,1785263990.9498963,23588.320832252502,0.041297752410173416,0.04101584106683731,0.04742462284035153,0.04653404920465416,30.340104921129015,30.642488411797416,0.7332236659526825,0.7338017433219486,24336.769024
Wang_2023_260728_1406,158,1785264131.5388558,23728.909791707993,0.04416031390428543,0.04378761723637581,0.04742462284035153,0.04653404920465416,30.340104921129015,30.642488411797416,0.7332236659526825,0.7338017433219486,24244.10112
Wang_2023_260728_1406,159,1785264308.7174294,23906.08836531639,0.04467764496803284,0.044031258672475815,0.04410880377723111,0.043496519294050004,30.85947168138292,31.21254493713379,0.7529700618320041,0.7515717298454708,24028.397568
Wang_2023_260728_1406,160,1785264448.8011248,24046.172060728073,0.04636920243501663,0.04568970948457718,0.04410880377723111,0.043496519294050004,30.85947168138292,31.21254493713379,0.7529700618320041,0.7515717298454708,24059.502592
Wang_2023_260728_1406,161,1785264590.8927033,24188.263639211655,0.047251421958208084,0.04647907242178917,0.04410880377723111,0.043496519294050004,30.85947168138292,31.21254493713379,0.7529700618320041,0.7515717298454708,24481.66912
Wang_2023_260728_1406,162,1785264728.3447027,24325.715638637543,0.044218555092811584,0.043638039380311966,0.04410880377723111,0.043496519294050004,30.85947168138292,31.21254493713379,0.7529700618320041,0.7515717298454708,24165.92896
Wang_2023_260728_1406,163,1785264874.7326782,24472.103614091873,0.04723062366247177,0.04642757028341293,0.04410880377723111,0.043496519294050004,30.85947168138292,31.21254493713379,0.7529700618320041,0.7515717298454708,24207.970304
Wang_2023_260728_1406,164,1785265020.349703,24617.720638990402,0.043450988829135895,0.042996350675821304,0.04410880377723111,0.043496519294050004,30.85947168138292,31.21254493713379,0.7529700618320041,0.7515717298454708,24379.78112
Wang_2023_260728_1406,165,1785265166.832837,24764.203773021698,0.043503064662218094,0.043042149394750595,0.04410880377723111,0.043496519294050004,30.85947168138292,31.21254493713379,0.7529700618320041,0.7515717298454708,24100.929536
Wang_2023_260728_1406,166,1785265310.2210836,24907.592019557953,0.04577215388417244,0.04504304751753807,0.04410880377723111,0.043496519294050004,30.85947168138292,31.21254493713379,0.7529700618320041,0.7515717298454708,24245.727232
Wang_2023_260728_1406,167,1785265458.138163,25055.509099006653,0.04313362017273903,0.04260973259806633,0.04410880377723111,0.043496519294050004,30.85947168138292,31.21254493713379,0.7529700618320041,0.7515717298454708,24528.011264
Wang_2023_260728_1406,168,1785265604.477838,25201.8487739563,0.044146548956632614,0.04359135031700134,0.04410880377723111,0.043496519294050004,30.85947168138292,31.21254493713379,0.7529700618320041,0.7515717298454708,24528.01536
Wang_2023_260728_1406,169,1785265778.8757308,25376.246666669846,0.047020506113767624,0.04626547917723656,0.04650658159620232,0.04576661135587427,30.45904197692871,30.798173268636067,0.7383511486318376,0.7372621982627445,23874.752512
Wang_2023_260728_1406,170,1785265923.9349139,25521.305849790573,0.04340029135346413,0.04288732632994652,0.04650658159620232,0.04576661135587427,30.45904197692871,30.798173268636067,0.7383511486318376,0.7372621982627445,24410.783744
Wang_2023_260728_1406,171,1785266070.6842673,25668.055203199387,0.04372792690992355,0.043462805449962616,0.04650658159620232,0.04576661135587427,30.45904197692871,30.798173268636067,0.7383511486318376,0.7372621982627445,24192.077824
Wang_2023_260728_1406,172,1785266216.6290429,25813.999978780746,0.04603811725974083,0.04535125568509102,0.04650658159620232,0.04576661135587427,30.45904197692871,30.798173268636067,0.7383511486318376,0.7372621982627445,24331.677696
Wang_2023_260728_1406,173,1785266359.9929342,25957.36387014389,0.04326511546969414,0.042627956718206406,0.04650658159620232,0.04576661135587427,30.45904197692871,30.798173268636067,0.7383511486318376,0.7372621982627445,24474.963968
Wang_2023_260728_1406,174,1785266502.1092615,26099.480197429657,0.043734610080718994,0.043187644332647324,0.04650658159620232,0.04576661135587427,30.45904197692871,30.798173268636067,0.7383511486318376,0.7372621982627445,24267.32544
Wang_2023_260728_1406,175,1785266643.6757548,26241.04669070244,0.047041818499565125,0.046228524297475815,0.04650658159620232,0.04576661135587427,30.45904197692871,30.798173268636067,0.7383511486318376,0.7372621982627445,24138.625024
Wang_2023_260728_1406,176,1785266791.2891915,26388.660127401352,0.04533874988555908,0.04462844133377075,0.04650658159620232,0.04576661135587427,30.45904197692871,30.798173268636067,0.7383511486318376,0.7372621982627445,24316.23168
Wang_2023_260728_1406,177,1785266937.6853657,26535.05630159378,0.043528806418180466,0.04302843287587166,0.04650658159620232,0.04576661135587427,30.45904197692871,30.798173268636067,0.7383511486318376,0.7372621982627445,24509.50144
Wang_2023_260728_1406,178,1785267083.8299682,26681.200904130936,0.04637756198644638,0.0456177182495594,0.04650658159620232,0.04576661135587427,30.45904197692871,30.798173268636067,0.7383511486318376,0.7372621982627445,24331.890688
Wang_2023_260728_1406,179,1785267265.4683034,26862.839239358902,0.04221795126795769,0.04204016551375389,0.04230058043367333,0.042119839390118916,30.112181379530163,31.72049195183648,0.7654098720020718,0.7610530066490173,24331.812864
Wang_2023_260728_1406,180,1785267410.7869995,27008.157935380936,0.04232185333967209,0.04203513264656067,0.04230058043367333,0.042119839390118916,30.112181379530163,31.72049195183648,0.7654098720020718,0.7610530066490173,24410.918912
Wang_2023_260728_1406,181,1785267558.0006309,27155.37156677246,0.04150894656777382,0.04106929898262024,0.04230058043367333,0.042119839390118916,30.112181379530163,31.72049195183648,0.7654098720020718,0.7610530066490173,24565.932032
Wang_2023_260728_1406,182,1785267700.7631054,27298.134041309357,0.04428281635046005,0.04367038980126381,0.04230058043367333,0.042119839390118916,30.112181379530163,31.72049195183648,0.7654098720020718,0.7610530066490173,24163.51232
Wang_2023_260728_1406,183,1785267839.2501633,27436.621099233627,0.04305727034807205,0.042561985552310944,0.04230058043367333,0.042119839390118916,30.112181379530163,31.72049195183648,0.7654098720020718,0.7610530066490173,24184.569856
Wang_2023_260728_1406,184,1785267981.3467426,27578.717678546906,0.04267583787441254,0.04209311306476593,0.04230058043367333,0.042119839390118916,30.112181379530163,31.72049195183648,0.7654098720020718,0.7610530066490173,24589.303808
Wang_2023_260728_1406,185,1785268120.5750804,27717.946016311646,0.04451172053813934,0.044084854423999786,0.04230058043367333,0.042119839390118916,30.112181379530163,31.72049195183648,0.7654098720020718,0.7610530066490173,24356.241408
Wang_2023_260728_1406,186,1785268269.7815723,27867.15250825882,0.04444759339094162,0.043804578483104706,0.04230058043367333,0.042119839390118916,30.112181379530163,31.72049195183648,0.7654098720020718,0.7610530066490173,24538.103808
Wang_2023_260728_1406,187,1785268416.1888478,28013.55978369713,0.04212314635515213,0.04182073101401329,0.04230058043367333,0.042119839390118916,30.112181379530163,31.72049195183648,0.7654098720020718,0.7610530066490173,24351.113216
Wang_2023_260728_1406,188,1785268553.8399506,28151.210886478424,0.04288017377257347,0.042736947536468506,0.04230058043367333,0.042119839390118916,30.112181379530163,31.72049195183648,0.7654098720020718,0.7610530066490173,24735.711232
Wang_2023_260728_1406,189,1785268725.8351543,28323.20609021187,0.04751019924879074,0.046673089265823364,0.04712329568962256,0.04625928445822663,30.304523095024958,30.64716044108073,0.7350636072953542,0.7351622582806481,24399.241216
Wang_2023_260728_1406,190,1785268871.3568263,28468.72776222229,0.04150955379009247,0.04127084091305733,0.04712329568962256,0.04625928445822663,30.304523095024958,30.64716044108073,0.7350636072953542,0.7351622582806481,24418.840576
Wang_2023_260728_1406,191,1785269015.7583287,28613.129264593124,0.04677842557430267,0.04592529684305191,0.04712329568962256,0.04625928445822663,30.304523095024958,30.64716044108073,0.7350636072953542,0.7351622582806481,24269.160448
Wang_2023_260728_1406,192,1785269155.5659895,28752.936925411224,0.043093640357255936,0.0426475964486599,0.04712329568962256,0.04625928445822663,30.304523095024958,30.64716044108073,0.7350636072953542,0.7351622582806481,24504.377344
Wang_2023_260728_1406,193,1785269302.6391835,28900.01011943817,0.043587710708379745,0.04312435910105705,0.04712329568962256,0.04625928445822663,30.304523095024958,30.64716044108073,0.7350636072953542,0.7351622582806481,24396.767232
Wang_2023_260728_1406,194,1785269445.4842117,29042.855147600174,0.04765310883522034,0.04676734656095505,0.04712329568962256,0.04625928445822663,30.304523095024958,30.64716044108073,0.7350636072953542,0.7351622582806481,24891.20768
Wang_2023_260728_1406,195,1785269585.7304811,29183.101417064667,0.04511811211705208,0.044336285442113876,0.04712329568962256,0.04625928445822663,30.304523095024958,30.64716044108073,0.7350636072953542,0.7351622582806481,24527.675392
Wang_2023_260728_1406,196,1785269729.8093617,29327.180297613144,0.04570363461971283,0.044936250895261765,0.04712329568962256,0.04625928445822663,30.304523095024958,30.64716044108073,0.7350636072953542,0.7351622582806481,24711.057408
Wang_2023_260728_1406,197,1785269882.5853162,29479.956252098083,0.04307500645518303,0.04243606701493263,0.04712329568962256,0.04625928445822663,30.304523095024958,30.64716044108073,0.7350636072953542,0.7351622582806481,25016.700928
Wang_2023_260728_1406,198,1785270025.6430433,29623.01397919655,0.04548254609107971,0.044653914868831635,0.04712329568962256,0.04625928445822663,30.304523095024958,30.64716044108073,0.7350636072953542,0.7351622582806481,24507.392
Wang_2023_260728_1406,199,1785270208.6443481,29806.015284061432,0.04405905306339264,0.0434807725250721,0.04379508084721036,0.04316139227814145,30.410947494506836,31.50711335076226,0.7548775781525506,0.7537377206484477,25074.753536
Wang_2023_260728_1406,200,1785270358.2365358,29955.607471704483,0.04310347139835358,0.042482245713472366,0.04379508084721036,0.04316139227814145,30.410947494506836,31.50711335076226,0.7548775781525506,0.7537377206484477,25137.414144
Wang_2023_260728_1406,201,1785270501.7665892,30099.137525081635,0.04289577528834343,0.0424157939851284,0.04379508084721036,0.04316139227814145,30.410947494506836,31.50711335076226,0.7548775781525506,0.7537377206484477,25356.98432
Wang_2023_260728_1406,202,1785270646.627619,30243.998554944992,0.044773660600185394,0.04401133954524994,0.04379508084721036,0.04316139227814145,30.410947494506836,31.50711335076226,0.7548775781525506,0.7537377206484477,25162.276864
Wang_2023_260728_1406,203,1785270794.0664625,30391.437398433685,0.04428873956203461,0.0436854287981987,0.04379508084721036,0.04316139227814145,30.410947494506836,31.50711335076226,0.7548775781525506,0.7537377206484477,25381.384192
Wang_2023_260728_1406,204,1785270941.2837512,30538.654687166214,0.042359475046396255,0.04170994833111763,0.04379508084721036,0.04316139227814145,30.410947494506836,31.50711335076226,0.7548775781525506,0.7537377206484477,25336.610816
Wang_2023_260728_1406,205,1785271085.4902334,30682.861169338226,0.04397423192858696,0.043346259742975235,0.04379508084721036,0.04316139227814145,30.410947494506836,31.50711335076226,0.7548775781525506,0.7537377206484477,25146.318848
Wang_2023_260728_1406,206,1785271232.9162414,30830.287177324295,0.04308648779988289,0.042824529111385345,0.04379508084721036,0.04316139227814145,30.410947494506836,31.50711335076226,0.7548775781525506,0.7537377206484477,25360.75264
Wang_2023_260728_1406,207,1785271373.3369415,30970.707877397537,0.04295936971902847,0.042754653841257095,0.04379508084721036,0.04316139227814145,30.410947494506836,31.50711335076226,0.7548775781525506,0.7537377206484477,25538.981888
Wang_2023_260728_1406,208,1785271514.7762983,31112.14723420143,0.04255058616399765,0.04201705381274223,0.04379508084721036,0.04316139227814145,30.410947494506836,31.50711335076226,0.7548775781525506,0.7537377206484477,25054.629888
Wang_2023_260728_1406,209,1785271699.4005692,31296.771505117416,0.04183829948306084,0.04164382815361023,0.04097932195497884,0.040782691720459195,30.40272045559353,32.00515913221571,0.7743808277448019,0.7696667358610365,25342.205952
Wang_2023_260728_1406,210,1785271845.5449257,31442.915861606598,0.04473304748535156,0.04405251890420914,0.04097932195497884,0.040782691720459195,30.40272045559353,32.00515913221571,0.7743808277448019,0.7696667358610365,25383.985152
Wang_2023_260728_1406,211,1785271989.4307468,31586.801682710648,0.04018229991197586,0.0398462675511837,0.04097932195497884,0.040782691720459195,30.40272045559353,32.00515913221571,0.7743808277448019,0.7696667358610365,25489.907712
Wang_2023_260728_1406,212,1785272126.8607914,31724.23172736168,0.04255225881934166,0.042001884430646896,0.04097932195497884,0.040782691720459195,30.40272045559353,32.00515913221571,0.7743808277448019,0.7696667358610365,25195.618304
Wang_2023_260728_1406,213,1785272269.5158417,31866.88677763939,0.04159034416079521,0.04115408658981323,0.04097932195497884,0.040782691720459195,30.40272045559353,32.00515913221571,0.7743808277448019,0.7696667358610365,25489.907712
Wang_2023_260728_1406,214,1785272407.7539835,32005.12491941452,0.043951891362667084,0.043290648609399796,0.04097932195497884,0.040782691720459195,30.40272045559353,32.00515913221571,0.7743808277448019,0.7696667358610365,25044.611072
Wang_2023_260728_1406,215,1785272548.4158704,32145.786806344986,0.04403699189424515,0.04337555170059204,0.04097932195497884,0.040782691720459195,30.40272045559353,32.00515913221571,0.7743808277448019,0.7696667358610365,25043.075072
Wang_2023_260728_1406,216,1785272692.4998553,32289.870791196823,0.04558860883116722,0.044852085411548615,0.04097932195497884,0.040782691720459195,30.40272045559353,32.00515913221571,0.7743808277448019,0.7696667358610365,25136.5376
Wang_2023_260728_1406,217,1785272839.6730158,32437.0439517498,0.04427127167582512,0.04363574832677841,0.04097932195497884,0.040782691720459195,30.40272045559353,32.00515913221571,0.7743808277448019,0.7696667358610365,25342.222336
Wang_2023_260728_1406,218,1785272979.2789817,32576.64991760254,0.04377716779708862,0.043099239468574524,0.04097932195497884,0.040782691720459195,30.40272045559353,32.00515913221571,0.7743808277448019,0.7696667358610365,25043.075072
Wang_2023_260728_1406,219,1785273156.479145,32753.85008096695,0.044901907444000244,0.044193387031555176,0.04414121598833137,0.04343894856671492,30.84750003390842,31.34780271742079,0.7530685113535986,0.7510814527670543,24902.209536
Wang_2023_260728_1406,220,1785273302.716034,32900.08696985245,0.043503351509571075,0.04319683462381363,0.04414121598833137,0.04343894856671492,30.84750003390842,31.34780271742079,0.7530685113535986,0.7510814527670543,25166.860288
Wang_2023_260728_1406,221,1785273450.3217533,33047.692689180374,0.041992686688899994,0.041543230414390564,0.04414121598833137,0.04343894856671492,30.84750003390842,31.34780271742079,0.7530685113535986,0.7510814527670543,25390.034944
Wang_2023_260728_1406,222,1785273598.0798013,33195.45073723793,0.04290672391653061,0.04240287095308304,0.04414121598833137,0.04343894856671492,30.84750003390842,31.34780271742079,0.7530685113535986,0.7510814527670543,25539.01056
Wang_2023_260728_1406,223,1785273744.0470264,33341.4179623127,0.04261724278330803,0.04208182916045189,0.04414121598833137,0.04343894856671492,30.84750003390842,31.34780271742079,0.7530685113535986,0.7510814527670543,25404.02688
Wang_2023_260728_1406,224,1785273888.7069237,33486.07785964012,0.043640267103910446,0.042955849319696426,0.04414121598833137,0.04343894856671492,30.84750003390842,31.34780271742079,0.7530685113535986,0.7510814527670543,25118.134272
Wang_2023_260728_1406,225,1785274028.5260568,33625.89699268341,0.04221514239907265,0.042092110961675644,0.04414121598833137,0.04343894856671492,30.84750003390842,31.34780271742079,0.7530685113535986,0.7510814527670543,25539.01056
Wang_2023_260728_1406,226,1785274172.9499621,33770.32089805603,0.044010553508996964,0.043340060859918594,0.04414121598833137,0.04343894856671492,30.84750003390842,31.34780271742079,0.7530685113535986,0.7510814527670543,25199.734784
Wang_2023_260728_1406,227,1785274316.6409957,33914.01193165779,0.04148578271269798,0.04106280580163002,0.04414121598833137,0.04343894856671492,30.84750003390842,31.34780271742079,0.7530685113535986,0.7510814527670543,25471.238144
Wang_2023_260728_1406,228,1785274459.2160933,34056.587029218674,0.04159034788608551,0.04124916344881058,0.04414121598833137,0.04343894856671492,30.84750003390842,31.34780271742079,0.7530685113535986,0.7510814527670543,25489.92
Wang_2023_260728_1406,229,1785274637.7193015,34235.090237379074,0.04188964515924454,0.04129406809806824,0.0420238732215431,0.04141609301997556,30.916167687310114,31.90496004740397,0.7658999425835079,0.7646067151758406,25384.144896
Wang_2023_260728_1406,230,1785274780.114778,34377.48571395874,0.04202780872583389,0.04156538099050522,0.0420238732215431,0.04141609301997556,30.916167687310114,31.90496004740397,0.7658999425835079,0.7646067151758406,25055.9488
Wang_2023_260728_1406,231,1785274928.8116698,34526.18260574341,0.04207121208310127,0.04154714196920395,0.0420238732215431,0.04141609301997556,30.916167687310114,31.90496004740397,0.7658999425835079,0.7646067151758406,25345.540096
Wang_2023_260728_1406,232,1785275074.008136,34671.37907195091,0.04601188749074936,0.045244187116622925,0.0420238732215431,0.04141609301997556,30.916167687310114,31.90496004740397,0.7658999425835079,0.7646067151758406,25237.430272
Wang_2023_260728_1406,233,1785275220.8881857,34818.25912165642,0.04188303276896477,0.04168752580881119,0.0420238732215431,0.04141609301997556,30.916167687310114,31.90496004740397,0.7658999425835079,0.7646067151758406,25221.554176
Wang_2023_260728_1406,234,1785275364.1188908,34961.48982667923,0.04335913062095642,0.04271611198782921,0.0420238732215431,0.04141609301997556,30.916167687310114,31.90496004740397,0.7658999425835079,0.7646067151758406,24926.621696
Wang_2023_260728_1406,235,1785275509.522721,35106.89365696907,0.04622308164834976,0.04538490250706673,0.0420238732215431,0.04141609301997556,30.916167687310114,31.90496004740397,0.7658999425835079,0.7646067151758406,25548.836864
Wang_2023_260728_1406,236,1785275654.8593552,35252.23029112816,0.043554916977882385,0.042956992983818054,0.0420238732215431,0.04141609301997556,30.916167687310114,31.90496004740397,0.7658999425835079,0.7646067151758406,25155.670016
Wang_2023_260728_1406,237,1785275799.6899185,35397.06085443497,0.04299258813261986,0.04247696325182915,0.0420238732215431,0.04141609301997556,30.916167687310114,31.90496004740397,0.7658999425835079,0.7646067151758406,25149.243392
Wang_2023_260728_1406,238,1785275946.2971282,35543.66806411743,0.04611099511384964,0.04523647576570511,0.0420238732215431,0.04141609301997556,30.916167687310114,31.90496004740397,0.7658999425835079,0.7646067151758406,25548.836864
Wang_2023_260728_1406,239,1785276128.4726741,35725.843610048294,0.04428732022643089,0.043527547270059586,0.04414064447912905,0.0433565859331025,30.68155553181966,31.41338587443034,0.7533876389927334,0.7537404604752859,25379.49184
Wang_2023_260728_1406,240,1785276278.4015536,35875.77248954773,0.04220084473490715,0.04192831739783287,0.04414064447912905,0.0433565859331025,30.68155553181966,31.41338587443034,0.7533876389927334,0.7537404604752859,25384.022016
Wang_2023_260728_1406,241,1785276426.8042247,36024.17516064644,0.04453807324171066,0.043832965195178986,0.04414064447912905,0.0433565859331025,30.68155553181966,31.41338587443034,0.7533876389927334,0.7537404604752859,25384.0384
Wang_2023_260728_1406,242,1785276576.1259496,36173.4968855381,0.04385216906666756,0.04316461458802223,0.04414064447912905,0.0433565859331025,30.68155553181966,31.41338587443034,0.7533876389927334,0.7537404604752859,25384.0384
Wang_2023_260728_1406,243,1785276723.4542704,36320.825206279755,0.04491501301527023,0.04418175667524338,0.04414064447912905,0.0433565859331025,30.68155553181966,31.41338587443034,0.7533876389927334,0.7537404604752859,25504.587776
Wang_2023_260728_1406,244,1785276865.539887,36462.91082286835,0.04203217104077339,0.041403744369745255,0.04414064447912905,0.0433565859331025,30.68155553181966,31.41338587443034,0.7533876389927334,0.7537404604752859,25089.31072
Wang_2023_260728_1406,245,1785277016.6138654,36613.98480129242,0.04431675374507904,0.04359634965658188,0.04414064447912905,0.0433565859331025,30.68155553181966,31.41338587443034,0.7533876389927334,0.7537404604752859,25384.46848
Wang_2023_260728_1406,246,1785277166.8038177,36764.174753665924,0.044033002108335495,0.043326135724782944,0.04414064447912905,0.0433565859331025,30.68155553181966,31.41338587443034,0.7533876389927334,0.7537404604752859,25173.495808
Wang_2023_260728_1406,247,1785277313.790532,36911.16146802902,0.043549418449401855,0.042772211134433746,0.04414064447912905,0.0433565859331025,30.68155553181966,31.41338587443034,0.7533876389927334,0.7537404604752859,25511.473152
Wang_2023_260728_1406,248,1785277458.284098,37055.65503382683,0.044770248234272,0.044066984206438065,0.04414064447912905,0.0433565859331025,30.68155553181966,31.41338587443034,0.7533876389927334,0.7537404604752859,25296.207872
Wang_2023_260728_1406,249,1785277642.5183563,37239.88929224014,0.04372154176235199,0.043156374245882034,0.044137804243299696,0.043529467690322135,30.166132736206055,31.526978149414063,0.7542684112654792,0.7517902670966254,25427.456
Wang_2023_260728_1406,250,1785277782.2096486,37379.58058452606,0.04410192742943764,0.04350022226572037,0.044137804243299696,0.043529467690322135,30.166132736206055,31.526978149414063,0.7542684112654792,0.7517902670966254,25176.735744
Wang_2023_260728_1406,251,1785277937.5775867,37534.94852256775,0.04202957823872566,0.04177258908748627,0.044137804243299696,0.043529467690322135,30.166132736206055,31.526978149414063,0.7542684112654792,0.7517902670966254,25398.181888
Wang_2023_260728_1406,252,1785278086.1122408,37683.48317670822,0.04361093416810036,0.04310278594493866,0.044137804243299696,0.043529467690322135,30.166132736206055,31.526978149414063,0.7542684112654792,0.7517902670966254,25111.732224
Wang_2023_260728_1406,253,1785278231.1305206,37828.5014564991,0.04312234744429588,0.04255995899438858,0.044137804243299696,0.043529467690322135,30.166132736206055,31.526978149414063,0.7542684112654792,0.7517902670966254,25111.527424
Wang_2023_260728_1406,254,1785278371.5902379,37968.96117377281,0.04240305721759796,0.04223937168717384,0.044137804243299696,0.043529467690322135,30.166132736206055,31.526978149414063,0.7542684112654792,0.7517902670966254,25576.431616
Wang_2023_260728_1406,255,1785278519.88502,38117.255955934525,0.0451074093580246,0.04448525235056877,0.044137804243299696,0.043529467690322135,30.166132736206055,31.526978149414063,0.7542684112654792,0.7517902670966254,25398.29248
Wang_2023_260728_1406,256,1785278665.610135,38262.98107099533,0.04495663940906525,0.04419248551130295,0.044137804243299696,0.043529467690322135,30.166132736206055,31.526978149414063,0.7542684112654792,0.7517902670966254,25576.542208
Wang_2023_260728_1406,257,1785278810.0608919,38407.431827783585,0.04575147107243538,0.045033976435661316,0.044137804243299696,0.043529467690322135,30.166132736206055,31.526978149414063,0.7542684112654792,0.7517902670966254,25422.098432
Wang_2023_260728_1406,258,1785278955.1471415,38552.518077373505,0.04498962312936783,0.04429880902171135,0.044137804243299696,0.043529467690322135,30.166132736206055,31.526978149414063,0.7542684112654792,0.7517902670966254,25542.217728
Wang_2023_260728_1406,259,1785279126.7737596,38724.1446955204,0.04564133286476135,0.044858891516923904,0.04523327742185858,0.044494969695806505,30.629129842122396,31.136496039496528,0.745776907602946,0.7451421247588264,24876.220416
Wang_2023_260728_1406,260,1785279273.5529037,38870.92383956909,0.044544119387865067,0.04397168755531311,0.04523327742185858,0.044494969695806505,30.629129842122396,31.136496039496528,0.745776907602946,0.7451421247588264,25447.972864
Wang_2023_260728_1406,261,1785279421.321293,39018.69222903252,0.04294056445360184,0.04230043664574623,0.04523327742185858,0.044494969695806505,30.629129842122396,31.136496039496528,0.745776907602946,0.7451421247588264,25347.407872
Wang_2023_260728_1406,262,1785279566.6089628,39163.97989869118,0.0461723767220974,0.045423828065395355,0.04523327742185858,0.044494969695806505,30.629129842122396,31.136496039496528,0.745776907602946,0.7451421247588264,25157.791744
Wang_2023_260728_1406,263,1785279714.3188171,39311.68975305557,0.04644748568534851,0.04565766826272011,0.04523327742185858,0.044494969695806505,30.629129842122396,31.136496039496528,0.745776907602946,0.7451421247588264,25418.71104
Wang_2023_260728_1406,264,1785279855.9499218,39453.32085776329,0.04516588896512985,0.04439596086740494,0.04523327742185858,0.044494969695806505,30.629129842122396,31.136496039496528,0.745776907602946,0.7451421247588264,25090.863104
Wang_2023_260728_1406,265,1785279996.682954,39594.05388998985,0.04293936863541603,0.04255398362874985,0.04523327742185858,0.044494969695806505,30.629129842122396,31.136496039496528,0.745776907602946,0.7451421247588264,25293.35296
Wang_2023_260728_1406,266,1785280137.4169614,39734.787897348404,0.04496234655380249,0.04425795376300812,0.04523327742185858,0.044494969695806505,30.629129842122396,31.136496039496528,0.745776907602946,0.7451421247588264,24826.605568
Wang_2023_260728_1406,267,1785280286.8696418,39884.240577697754,0.04420284554362297,0.04352999106049538,0.04523327742185858,0.044494969695806505,30.629129842122396,31.136496039496528,0.745776907602946,0.7451421247588264,25380.732928
Wang_2023_260728_1406,268,1785280428.4168775,40025.787813425064,0.044310446828603745,0.04370950534939766,0.04523327742185858,0.044494969695806505,30.629129842122396,31.136496039496528,0.745776907602946,0.7451421247588264,25215.791104
Wang_2023_260728_1406,269,1785280611.823337,40209.194272994995,0.04381374642252922,0.04311397299170494,0.04332217170132531,0.04263747793932756,30.65150328742133,31.574314592149523,0.7577035223113165,0.7569746798939175,25311.862784
Wang_2023_260728_1406,270,1785280758.711964,40356.082899808884,0.044224031269550323,0.04348144680261612,0.04332217170132531,0.04263747793932756,30.65150328742133,31.574314592149523,0.7577035223113165,0.7569746798939175,25140.5312
Wang_2023_260728_1406,271,1785280904.0406935,40501.4116294384,0.04714642092585564,0.04630639776587486,0.04332217170132531,0.04263747793932756,30.65150328742133,31.574314592149523,0.7577035223113165,0.7569746798939175,24852.668416
Wang_2023_260728_1406,272,1785281051.3648467,40648.73578262329,0.04332276061177254,0.04269018769264221,0.04332217170132531,0.04263747793932756,30.65150328742133,31.574314592149523,0.7577035223113165,0.7569746798939175,25259.937792
Wang_2023_260728_1406,273,1785281194.1405542,40791.51149010658,0.04370283707976341,0.043170467019081116,0.04332217170132531,0.04263747793932756,30.65150328742133,31.574314592149523,0.7577035223113165,0.7569746798939175,25152.684032
Wang_2023_260728_1406,274,1785281340.7670276,40938.1379635334,0.04463592916727066,0.04391203075647354,0.04332217170132531,0.04263747793932756,30.65150328742133,31.574314592149523,0.7577035223113165,0.7569746798939175,25406.414848
Wang_2023_260728_1406,275,1785281481.299943,41078.67087888718,0.042669717222452164,0.042073871940374374,0.04332217170132531,0.04263747793932756,30.65150328742133,31.574314592149523,0.7577035223113165,0.7569746798939175,25152.57344
Wang_2023_260728_1406,276,1785281626.0259163,41223.39685225487,0.044785503298044205,0.0439801961183548,0.04332217170132531,0.04263747793932756,30.65150328742133,31.574314592149523,0.7577035223113165,0.7569746798939175,25526.964224
Wang_2023_260728_1406,277,1785281772.1587427,41369.529678583145,0.042348749935626984,0.04202049598097801,0.04332217170132531,0.04263747793932756,30.65150328742133,31.574314592149523,0.7577035223113165,0.7569746798939175,25206.247424
Wang_2023_260728_1406,278,1785281923.8169,41521.18783593178,0.043493323028087616,0.04280948266386986,0.04332217170132531,0.04263747793932756,30.65150328742133,31.574314592149523,0.7577035223113165,0.7569746798939175,25412.005888
Wang_2023_260728_1406,279,1785282098.6579788,41696.02891469002,0.043477315455675125,0.04288826882839203,0.042664864270223514,0.04211586620244715,30.484499757554797,31.677398325602212,0.7622100472450256,0.7599232877625359,25095.344128
Wang_2023_260728_1406,280,1785282247.0758958,41844.446831703186,0.04668012261390686,0.045920707285404205,0.042664864270223514,0.04211586620244715,30.484499757554797,31.677398325602212,0.7622100472450256,0.7599232877625359,25349.021696
Wang_2023_260728_1406,281,1785282393.5085387,41990.87947463989,0.04465792700648308,0.04404881224036217,0.042664864270223514,0.04211586620244715,30.484499757554797,31.677398325602212,0.7622100472450256,0.7599232877625359,25407.791104
Wang_2023_260728_1406,282,1785282540.2999794,42137.67091536522,0.04282352700829506,0.04227670282125473,0.042664864270223514,0.04211586620244715,30.484499757554797,31.677398325602212,0.7622100472450256,0.7599232877625359,25393.799168
Wang_2023_260728_1406,283,1785282683.8008575,42281.171793460846,0.043819982558488846,0.04313414543867111,0.042664864270223514,0.04211586620244715,30.484499757554797,31.677398325602212,0.7622100472450256,0.7599232877625359,25159.569408
Wang_2023_260728_1406,284,1785282828.6590738,42426.03000974655,0.04545868933200836,0.0447402186691761,0.042664864270223514,0.04211586620244715,30.484499757554797,31.677398325602212,0.7622100472450256,0.7599232877625359,25177.235456
Wang_2023_260728_1406,285,1785282969.7298212,42567.10075712204,0.043286945670843124,0.04269507899880409,0.042664864270223514,0.04211586620244715,30.484499757554797,31.677398325602212,0.7622100472450256,0.7599232877625359,25058.422784
Wang_2023_260728_1406,286,1785283111.1558394,42708.52677536011,0.0429198332130909,0.0423908606171608,0.042664864270223514,0.04211586620244715,30.484499757554797,31.677398325602212,0.7622100472450256,0.7599232877625359,25132.900352
Wang_2023_260728_1406,287,1785283259.4865255,42856.857461452484,0.04287760704755783,0.042692530900239944,0.042664864270223514,0.04211586620244715,30.484499757554797,31.677398325602212,0.7622100472450256,0.7599232877625359,25364.529152
Wang_2023_260728_1406,288,1785283404.1505592,43001.521495103836,0.041977815330028534,0.04130435362458229,0.042664864270223514,0.04211586620244715,30.484499757554797,31.677398325602212,0.7622100472450256,0.7599232877625359,25159.467008
Wang_2023_260728_1406,289,1785283585.450238,43182.821173906326,0.04693584889173508,0.04613359645009041,0.04610780027177599,0.0453776478767395,30.41885544670953,30.931964823404947,0.7411468704541524,0.7397451959715949,25250.205696
Wang_2023_260728_1406,290,1785283735.1268828,43332.49781870842,0.04438438266515732,0.04369417577981949,0.04610780027177599,0.0453776478767395,30.41885544670953,30.931964823404947,0.7411468704541524,0.7397451959715949,25383.03488
Wang_2023_260728_1406,291,1785283884.8138592,43482.18479514122,0.04347945749759674,0.043199364095926285,0.04610780027177599,0.0453776478767395,30.41885544670953,30.931964823404947,0.7411468704541524,0.7397451959715949,25243.103232
Wang_2023_260728_1406,292,1785284034.45445,43631.825385808945,0.0449894554913044,0.044219374656677246,0.04610780027177599,0.0453776478767395,30.41885544670953,30.931964823404947,0.7411468704541524,0.7397451959715949,25401.040896
Wang_2023_260728_1406,293,1785284180.0278769,43777.39881277084,0.041060563176870346,0.04061649367213249,0.04610780027177599,0.0453776478767395,30.41885544670953,30.931964823404947,0.7411468704541524,0.7397451959715949,25512.189952
Wang_2023_260728_1406,294,1785284323.8949661,43921.26590204239,0.044691264629364014,0.044080086052417755,0.04610780027177599,0.0453776478767395,30.41885544670953,30.931964823404947,0.7411468704541524,0.7397451959715949,25190.44096
Wang_2023_260728_1406,295,1785284465.8529265,44063.22386240959,0.04582109674811363,0.04502847045660019,0.04610780027177599,0.0453776478767395,30.41885544670953,30.931964823404947,0.7411468704541524,0.7397451959715949,25111.502848
Wang_2023_260728_1406,296,1785284613.4026945,44210.77363038063,0.04463346302509308,0.0438411720097065,0.04610780027177599,0.0453776478767395,30.41885544670953,30.931964823404947,0.7411468704541524,0.7397451959715949,25277.6448
Wang_2023_260728_1406,297,1785284757.1857915,44354.55672740936,0.043704114854335785,0.04302432760596275,0.04610780027177599,0.0453776478767395,30.41885544670953,30.931964823404947,0.7411468704541524,0.7397451959715949,25076.912128
Wang_2023_260728_1406,298,1785284900.680783,44498.05171895027,0.04615064337849617,0.04532819241285324,0.04610780027177599,0.0453776478767395,30.41885544670953,30.931964823404947,0.7411468704541524,0.7397451959715949,25189.289984
Wang_2023_260728_1406,299,1785285081.9307106,44679.30164647102,0.047913748770952225,0.047014106065034866,0.04700777397387557,0.04612731574310197,30.071015311347114,30.774238077799478,0.7340680332978566,0.7352467572689056,25401.831424
Wang_2023_260728_1406,300,1785285230.9272187,44828.298154592514,0.04500555619597435,0.044256504625082016,0.04700777397387557,0.04612731574310197,30.071015311347114,30.774238077799478,0.7340680332978566,0.7352467572689056,25401.18016
Wang_2023_260728_1406,301,1785285378.1968658,44975.56780171394,0.044359974563121796,0.04381091147661209,0.04700777397387557,0.04612731574310197,30.071015311347114,30.774238077799478,0.7340680332978566,0.7352467572689056,25171.238912
Wang_2023_260728_1406,302,1785285520.4427862,45117.81372213364,0.047598786652088165,0.046698857098817825,0.04700777397387557,0.04612731574310197,30.071015311347114,30.774238077799478,0.7340680332978566,0.7352467572689056,25098.739712
Wang_2023_260728_1406,303,1785285669.8108974,45267.18183326721,0.04204317554831505,0.04167599231004715,0.04700777397387557,0.04612731574310197,30.071015311347114,30.774238077799478,0.7340680332978566,0.7352467572689056,25425.002496
Wang_2023_260728_1406,304,1785285813.7719388,45411.14287471771,0.04300772771239281,0.042407333850860596,0.04700777397387557,0.04612731574310197,30.071015311347114,30.774238077799478,0.7340680332978566,0.7352467572689056,25083.752448
Wang_2023_260728_1406,305,1785285960.8563488,45558.227284669876,0.04455797001719475,0.04400702938437462,0.04700777397387557,0.04612731574310197,30.071015311347114,30.774238077799478,0.7340680332978566,0.7352467572689056,25416.953856
Wang_2023_260728_1406,306,1785286108.1990614,45705.56999731064,0.04360710829496384,0.04303617775440216,0.04700777397387557,0.04612731574310197,30.071015311347114,30.774238077799478,0.7340680332978566,0.7352467572689056,25416.409088
Wang_2023_260728_1406,307,1785286254.3502147,45851.72115063667,0.04602108150720596,0.04524187743663788,0.04700777397387557,0.04612731574310197,30.071015311347114,30.774238077799478,0.7340680332978566,0.7352467572689056,25564.258304
Wang_2023_260728_1406,308,1785286402.1880386,45999.55897450447,0.04514702409505844,0.04448115453124046,0.04700777397387557,0.04612731574310197,30.071015311347114,30.774238077799478,0.7340680332978566,0.7352467572689056,25385.65632
Wang_2023_260728_1406,309,1785286581.4868107,46178.857746601105,0.04399488493800163,0.043182194232940674,0.04320184700191021,0.04240851004918416,30.95917673746745,31.518067109849717,0.7593998078505199,0.7593859885798561,25261.576192
Wang_2023_260728_1406,310,1785286723.298054,46320.668989896774,0.043516334146261215,0.04302235320210457,0.04320184700191021,0.04240851004918416,30.95917673746745,31.518067109849717,0.7593998078505199,0.7593859885798561,25306.804224
Wang_2023_260728_1406,311,1785286870.5786228,46467.949558734894,0.04479929432272911,0.044031351804733276,0.04320184700191021,0.04240851004918416,30.95917673746745,31.518067109849717,0.7593998078505199,0.7593859885798561,25518.596096
Wang_2023_260728_1406,312,1785287018.4538467,46615.82478260994,0.0422503836452961,0.04173561930656433,0.04320184700191021,0.04240851004918416,30.95917673746745,31.518067109849717,0.7593998078505199,0.7593859885798561,25144.713216
Wang_2023_260728_1406,313,1785287165.0837593,46762.45469522476,0.045908570289611816,0.045138485729694366,0.04320184700191021,0.04240851004918416,30.95917673746745,31.518067109849717,0.7593998078505199,0.7593859885798561,25188.683776
Wang_2023_260728_1406,314,1785287309.2958796,46906.66681551933,0.04575003311038017,0.044939298182725906,0.04320184700191021,0.04240851004918416,30.95917673746745,31.518067109849717,0.7593998078505199,0.7593859885798561,25206.063104
Wang_2023_260728_1406,315,1785287455.073721,47052.44465684891,0.042903728783130646,0.04248606413602829,0.04320184700191021,0.04240851004918416,30.95917673746745,31.518067109849717,0.7593998078505199,0.7593859885798561,25423.5648
Wang_2023_260728_1406,316,1785287599.1471434,47196.51807928085,0.04522596672177315,0.04453295096755028,0.04320184700191021,0.04240851004918416,30.95917673746745,31.518067109849717,0.7593998078505199,0.7593859885798561,25206.063104
Wang_2023_260728_1406,317,1785287738.1211474,47335.49208331108,0.04645140469074249,0.04566369205713272,0.04320184700191021,0.04240851004918416,30.95917673746745,31.518067109849717,0.7593998078505199,0.7593859885798561,24873.373696
Wang_2023_260728_1406,318,1785287882.466128,47479.837064027786,0.04644371196627617,0.0455571673810482,0.04320184700191021,0.04240851004918416,30.95917673746745,31.518067109849717,0.7593998078505199,0.7593859885798561,25251.753984
Wang_2023_260728_1406,319,1785288064.627024,47661.99795985222,0.045037563890218735,0.04421048238873482,0.04463514184786214,0.04380749747984939,30.547943064371744,31.19922496371799,0.750063873661889,0.7499840513865152,25375.338496
Wang_2023_260728_1406,320,1785288203.257826,47800.62876200676,0.043914493173360825,0.043748971074819565,0.04463514184786214,0.04380749747984939,30.547943064371744,31.19922496371799,0.750063873661889,0.7499840513865152,25553.16224
Wang_2023_260728_1406,321,1785288350.0548985,47947.42583441734,0.043871644884347916,0.04313979297876358,0.04463514184786214,0.04380749747984939,30.547943064371744,31.19922496371799,0.750063873661889,0.7499840513865152,25398.72256
Wang_2023_260728_1406,322,1785288498.6232746,48095.994210481644,0.04292549192905426,0.042648766189813614,0.04463514184786214,0.04380749747984939,30.547943064371744,31.19922496371799,0.750063873661889,0.7499840513865152,25375.555584
Wang_2023_260728_1406,323,1785288639.3459604,48236.71689629555,0.04183683544397354,0.04140034690499306,0.04463514184786214,0.04380749747984939,30.547943064371744,31.19922496371799,0.750063873661889,0.7499840513865152,25144.754176
Wang_2023_260728_1406,324,1785288785.7960682,48383.16700410843,0.04206109791994095,0.041745152324438095,0.04463514184786214,0.04380749747984939,30.547943064371744,31.19922496371799,0.750063873661889,0.7499840513865152,25219.1744
Wang_2023_260728_1406,325,1785288932.2309651,48529.60190105438,0.043839599937200546,0.043389659374952316,0.04463514184786214,0.04380749747984939,30.547943064371744,31.19922496371799,0.750063873661889,0.7499840513865152,25423.81056
Wang_2023_260728_1406,326,1785289072.035695,48669.40663099289,0.04393491894006729,0.043187424540519714,0.04463514184786214,0.04380749747984939,30.547943064371744,31.19922496371799,0.750063873661889,0.7499840513865152,25104.30208
Wang_2023_260728_1406,327,1785289211.9571433,48809.32807922363,0.04625624045729637,0.045424651354551315,0.04463514184786214,0.04380749747984939,30.547943064371744,31.19922496371799,0.750063873661889,0.7499840513865152,25104.572416
Wang_2023_260728_1406,328,1785289357.9819455,48955.35288143158,0.043856680393218994,0.04321616142988205,0.04463514184786214,0.04380749747984939,30.547943064371744,31.19922496371799,0.750063873661889,0.7499840513865152,25401.48736
Wang_2023_260728_1406,329,1785289538.62589,49135.99682593346,0.041961636394262314,0.041627783328294754,0.04240672873953978,0.04207714638776249,30.227723507351346,31.77156439887153,0.7637011150519053,0.7607957764466604,25202.507776
Wang_2023_260728_1406,330,1785289677.9818919,49275.3528277874,0.04394702613353729,0.04330012947320938,0.04240672873953978,0.04207714638776249,30.227723507351346,31.77156439887153,0.7637011150519053,0.7607957764466604,25193.295872
Wang_2023_260728_1406,331,1785289817.294999,49414.6659348011,0.04393872991204262,0.043226033449172974,0.04240672873953978,0.04207714638776249,30.227723507351346,31.77156439887153,0.7637011150519053,0.7607957764466604,24856.952832
Wang_2023_260728_1406,332,1785289963.477173,49560.84810900688,0.04324507340788841,0.04279936105012894,0.04240672873953978,0.04207714638776249,30.227723507351346,31.77156439887153,0.7637011150519053,0.7607957764466604,25407.3856
Wang_2023_260728_1406,333,1785290104.2598684,49701.63080430031,0.042804475873708725,0.04210301861166954,0.04240672873953978,0.04207714638776249,30.227723507351346,31.77156439887153,0.7637011150519053,0.7607957764466604,25087.13984
Wang_2023_260728_1406,334,1785290246.9860163,49844.3569521904,0.04607526212930679,0.045152921229600906,0.04240672873953978,0.04207714638776249,30.227723507351346,31.77156439887153,0.7637011150519053,0.7607957764466604,25056.034816
Wang_2023_260728_1406,335,1785290387.534953,49984.90588903427,0.04224616289138794,0.04182844236493111,0.04240672873953978,0.04207714638776249,30.227723507351346,31.77156439887153,0.7637011150519053,0.7607957764466604,25289.629696
Wang_2023_260728_1406,336,1785290531.3859084,50128.75684428215,0.04377903789281845,0.04305712506175041,0.04240672873953978,0.04207714638776249,30.227723507351346,31.77156439887153,0.7637011150519053,0.7607957764466604,25502.531584
Wang_2023_260728_1406,337,1785290676.8509245,50274.22186040878,0.046154171228408813,0.045303549617528915,0.04240672873953978,0.04207714638776249,30.227723507351346,31.77156439887153,0.7637011150519053,0.7607957764466604,25502.531584
Wang_2023_260728_1406,338,1785290819.7477107,50417.118646621704,0.04349111393094063,0.04292486235499382,0.04240672873953978,0.04207714638776249,30.227723507351346,31.77156439887153,0.7637011150519053,0.7607957764466604,25294.893056
Wang_2023_260728_1406,339,1785290999.063383,50596.43431901932,0.0447295680642128,0.044075269252061844,0.04473037391073174,0.04407377913594246,30.18055244445801,31.38408398098416,0.7497278173764547,0.747703233162562,25439.657984
Wang_2023_260728_1406,340,1785291143.4256625,50740.79659843445,0.044014617800712585,0.043328601866960526,0.04473037391073174,0.04407377913594246,30.18055244445801,31.38408398098416,0.7497278173764547,0.747703233162562,25419.718656
Wang_2023_260728_1406,341,1785291287.2340374,50884.60497331619,0.04404916614294052,0.04335686191916466,0.04473037391073174,0.04407377913594246,30.18055244445801,31.38408398098416,0.7497278173764547,0.747703233162562,25332.20352
Wang_2023_260728_1406,342,1785291434.6327314,51032.003667354584,0.04458657652139664,0.04388009384274483,0.04473037391073174,0.04407377913594246,30.18055244445801,31.38408398098416,0.7497278173764547,0.747703233162562,25396.555776
Wang_2023_260728_1406,343,1785291578.4000385,51175.77097439766,0.04533911868929863,0.04465118423104286,0.04473037391073174,0.04407377913594246,30.18055244445801,31.38408398098416,0.7497278173764547,0.747703233162562,25332.20352
Wang_2023_260728_1406,344,1785291724.103911,51321.474846839905,0.04542505368590355,0.04471101984381676,0.04473037391073174,0.04407377913594246,30.18055244445801,31.38408398098416,0.7497278173764547,0.747703233162562,25419.722752
Wang_2023_260728_1406,345,1785291863.8705957,51461.24153161049,0.04339790344238281,0.0429021380841732,0.04473037391073174,0.04407377913594246,30.18055244445801,31.38408398098416,0.7497278173764547,0.747703233162562,25165.754368
Wang_2023_260728_1406,346,1785292004.7529507,51602.123886585236,0.04208142310380936,0.04160774126648903,0.04473037391073174,0.04407377913594246,30.18055244445801,31.38408398098416,0.7497278173764547,0.747703233162562,25203.503104
Wang_2023_260728_1406,347,1785292151.5995488,51748.97048473358,0.04326046258211136,0.04302923381328583,0.04473037391073174,0.04407377913594246,30.18055244445801,31.38408398098416,0.7497278173764547,0.747703233162562,25396.555776
Wang_2023_260728_1406,348,1785292289.5540955,51886.92503142357,0.04806353524327278,0.04724043607711792,0.04473037391073174,0.04407377913594246,30.18055244445801,31.38408398098416,0.7497278173764547,0.747703233162562,25079.955456
Wang_2023_260728_1406,349,1785292468.51765,52065.88858580589,0.04452953860163689,0.04376989230513573,0.044779791509111724,0.044027296031514805,30.85516326904297,31.272231521606447,0.7485620486736297,0.7479019055101607,25263.57504
Wang_2023_260728_1406,350,1785292616.5021331,52213.87306904793,0.04555562883615494,0.04482591897249222,0.044779791509111724,0.044027296031514805,30.85516326904297,31.272231521606447,0.7485620486736297,0.7479019055101607,25395.433472
Wang_2023_260728_1406,351,1785292760.182623,52357.55355882645,0.04534626007080078,0.044543009251356125,0.044779791509111724,0.044027296031514805,30.85516326904297,31.272231521606447,0.7485620486736297,0.7479019055101607,24903.163904
Wang_2023_260728_1406,352,1785292897.644588,52495.01552391052,0.045840226113796234,0.04514499753713608,0.044779791509111724,0.044027296031514805,30.85516326904297,31.272231521606447,0.7485620486736297,0.7479019055101607,25230.495744
Wang_2023_260728_1406,353,1785293039.787947,52637.15888285637,0.04583476856350899,0.04495406150817871,0.044779791509111724,0.044027296031514805,30.85516326904297,31.272231521606447,0.7485620486736297,0.7479019055101607,24903.163904
Wang_2023_260728_1406,354,1785293182.5952382,52779.96617412567,0.044729940593242645,0.04395682364702225,0.044779791509111724,0.044027296031514805,30.85516326904297,31.272231521606447,0.7485620486736297,0.7479019055101607,24903.163904
Wang_2023_260728_1406,355,1785293326.1471267,52923.51806259155,0.04467349499464035,0.04395809769630432,0.044779791509111724,0.044027296031514805,30.85516326904297,31.272231521606447,0.7485620486736297,0.7479019055101607,25191.026688
Wang_2023_260728_1406,356,1785293471.6329858,53069.00392174721,0.044161491096019745,0.04345030337572098,0.044779791509111724,0.044027296031514805,30.85516326904297,31.272231521606447,0.7485620486736297,0.7479019055101607,25396.088832
Wang_2023_260728_1406,357,1785293614.7459006,53212.11683654785,0.04613473638892174,0.04532875120639801,0.044779791509111724,0.044027296031514805,30.85516326904297,31.272231521606447,0.7485620486736297,0.7479019055101607,25092.993024
Wang_2023_260728_1406,358,1785293757.0326946,53354.40363049507,0.04380926862359047,0.04330582916736603,0.044779791509111724,0.044027296031514805,30.85516326904297,31.272231521606447,0.7485620486736297,0.7479019055101607,25524.9408
Wang_2023_260728_1406,359,1785293937.2866402,53534.65757608414,0.04390041530132294,0.04340245947241783,0.043936162839333215,0.043420566295584044,30.223701587253146,31.546701532999673,0.7539169428083632,0.7514545551935832,25146.597376
Wang_2023_260728_1406,360,1785294088.631995,53686.00293087959,0.04333896189928055,0.04271774739027023,0.043936162839333215,0.043420566295584044,30.223701587253146,31.546701532999673,0.7539169428083632,0.7514545551935832,25401.290752
Wang_2023_260728_1406,361,1785294234.0989056,53831.469841480255,0.04651037976145744,0.04571998864412308,0.043936162839333215,0.043420566295584044,30.223701587253146,31.546701532999673,0.7539169428083632,0.7514545551935832,25286.41024
Wang_2023_260728_1406,362,1785294375.547921,53972.91885685921,0.04518863186240196,0.04439058154821396,0.043936162839333215,0.043420566295584044,30.223701587253146,31.546701532999673,0.7539169428083632,0.7514545551935832,25100.218368
Wang_2023_260728_1406,363,1785294517.555392,54114.9263279438,0.04265560582280159,0.04219183325767517,0.043936162839333215,0.043420566295584044,30.223701587253146,31.546701532999673,0.7539169428083632,0.7514545551935832,25500.848128
Wang_2023_260728_1406,364,1785294661.2128885,54258.58382439613,0.04404919967055321,0.0433790497481823,0.043936162839333215,0.043420566295584044,30.223701587253146,31.546701532999673,0.7539169428083632,0.7514545551935832,24937.787392
Wang_2023_260728_1406,365,1785294808.2666128,54405.637548685074,0.04307899624109268,0.04242221266031265,0.043936162839333215,0.043420566295584044,30.223701587253146,31.546701532999673,0.7539169428083632,0.7514545551935832,25372.151808
Wang_2023_260728_1406,366,1785294945.866566,54543.237501859665,0.044226933270692825,0.04352816566824913,0.043936162839333215,0.043420566295584044,30.223701587253146,31.546701532999673,0.7539169428083632,0.7514545551935832,24870.21568
Wang_2023_260728_1406,367,1785295088.4478393,54685.818775177,0.04644479975104332,0.04564965143799782,0.043936162839333215,0.043420566295584044,30.223701587253146,31.546701532999673,0.7539169428083632,0.7514545551935832,25202.905088
Wang_2023_260728_1406,368,1785295229.848519,54827.21945500374,0.042163826525211334,0.04177045449614525,0.043936162839333215,0.043420566295584044,30.223701587253146,31.546701532999673,0.7539169428083632,0.7514545551935832,25500.708864
Wang_2023_260728_1406,369,1785295401.5507727,54998.92170858383,0.0436018742620945,0.04299096390604973,0.04346321924693054,0.042863706656628184,30.360260357326933,31.55990533616808,0.7571962025430468,0.7560447647836473,25206.419456
Wang_2023_260728_1406,370,1785295540.0366108,55137.40754675865,0.04702453687787056,0.046202633529901505,0.04346321924693054,0.042863706656628184,30.360260357326933,31.55990533616808,0.7571962025430468,0.7560447647836473,25051.725824
Wang_2023_260728_1406,371,1785295682.009018,55279.37995386124,0.04235797002911568,0.04186072200536728,0.04346321924693054,0.042863706656628184,30.360260357326933,31.55990533616808,0.7571962025430468,0.7560447647836473,25497.02656
Wang_2023_260728_1406,372,1785295821.0689206,55418.439856529236,0.04773789644241333,0.04686858877539635,0.04346321924693054,0.042863706656628184,30.360260357326933,31.55990533616808,0.7571962025430468,0.7560447647836473,25051.72992
Wang_2023_260728_1406,373,1785295960.5590606,55557.92999649048,0.044434305280447006,0.043757401406764984,0.04346321924693054,0.042863706656628184,30.360260357326933,31.55990533616808,0.7571962025430468,0.7560447647836473,25051.72992
Wang_2023_260728_1406,374,1785296104.4235651,55701.79450106621,0.0430268868803978,0.04230468347668648,0.04346321924693054,0.042863706656628184,30.360260357326933,31.55990533616808,0.7571962025430468,0.7560447647836473,25511.276544
Wang_2023_260728_1406,375,1785296250.0120947,55847.383030653,0.04522046819329262,0.044393446296453476,0.04346321924693054,0.042863706656628184,30.360260357326933,31.55990533616808,0.7571962025430468,0.7560447647836473,25235.488768
Wang_2023_260728_1406,376,1785296387.7070372,55985.077973127365,0.04376021772623062,0.043152403086423874,0.04346321924693054,0.042863706656628184,30.360260357326933,31.55990533616808,0.7571962025430468,0.7560447647836473,25202.249728
Wang_2023_260728_1406,377,1785296528.3723443,56125.74328017235,0.04394517093896866,0.04332944378256798,0.04346321924693054,0.042863706656628184,30.360260357326933,31.55990533616808,0.7571962025430468,0.7560447647836473,25174.790144
Wang_2023_260728_1406,378,1785296674.8422964,56272.213232278824,0.043902523815631866,0.04335053637623787,0.04346321924693054,0.042863706656628184,30.360260357326933,31.55990533616808,0.7571962025430468,0.7560447647836473,25410.94912
Wang_2023_260728_1406,379,1785296854.978076,56452.34901189804,0.045710183680057526,0.04487493261694908,0.04468476257390446,0.04385363045665953,30.646238445705837,31.23983477274577,0.7499938436349233,0.7504784560203552,25386.627072
Wang_2023_260728_1406,380,1785297000.606897,56597.97783303261,0.04375654458999634,0.04335242509841919,0.04468476257390446,0.04385363045665953,30.646238445705837,31.23983477274577,0.7499938436349233,0.7504784560203552,25433.051136
Wang_2023_260728_1406,381,1785297148.7069638,56746.07789969444,0.04192226380109787,0.04155315086245537,0.04468476257390446,0.04385363045665953,30.646238445705837,31.23983477274577,0.7499938436349233,0.7504784560203552,25407.639552
Wang_2023_260728_1406,382,1785297292.8716574,56890.24259328842,0.04535099118947983,0.044564083218574524,0.04468476257390446,0.04385363045665953,30.646238445705837,31.23983477274577,0.7499938436349233,0.7504784560203552,25215.225856
Wang_2023_260728_1406,383,1785297434.0706716,57031.44160747528,0.04308859258890152,0.042524781078100204,0.04468476257390446,0.04385363045665953,30.646238445705837,31.23983477274577,0.7499938436349233,0.7504784560203552,25191.419904
Wang_2023_260728_1406,384,1785297582.279992,57179.65092802048,0.04516688361763954,0.044392287731170654,0.04468476257390446,0.04385363045665953,30.646238445705837,31.23983477274577,0.7499938436349233,0.7504784560203552,25383.821312
Wang_2023_260728_1406,385,1785297727.3028474,57324.67378330231,0.04584868624806404,0.045096173882484436,0.04468476257390446,0.04385363045665953,30.646238445705837,31.23983477274577,0.7499938436349233,0.7504784560203552,25298.673664
Wang_2023_260728_1406,386,1785297866.1796472,57463.55058312416,0.043261658400297165,0.04271100461483002,0.04468476257390446,0.04385363045665953,30.646238445705837,31.23983477274577,0.7499938436349233,0.7504784560203552,25153.671168
Wang_2023_260728_1406,387,1785298005.5909684,57602.96190428734,0.04412131384015083,0.043567363172769547,0.04468476257390446,0.04385363045665953,30.646238445705837,31.23983477274577,0.7499938436349233,0.7504784560203552,25153.671168
Wang_2023_260728_1406,388,1785298145.7260895,57743.09702539444,0.046708352863788605,0.04586448147892952,0.04468476257390446,0.04385363045665953,30.646238445705837,31.23983477274577,0.7499938436349233,0.7504784560203552,25112.481792
Wang_2023_260728_1406,389,1785298326.9968066,57924.36774253845,0.04276313632726669,0.04227838292717934,0.041793452973167104,0.04136965899003876,30.336070505777993,31.87437800089518,0.7680445482995775,0.7658054643207126,25488.887808
Wang_2023_260728_1406,390,1785298473.1491427,58070.52007865906,0.04465865716338158,0.04388831555843353,0.041793452973167104,0.04136965899003876,30.336070505777993,31.87437800089518,0.7680445482995775,0.7658054643207126,25305.530368
Wang_2023_260728_1406,391,1785298618.7416968,58216.112632751465,0.04620533809065819,0.04538940265774727,0.041793452973167104,0.04136965899003876,30.336070505777993,31.87437800089518,0.7680445482995775,0.7658054643207126,25305.513984
Wang_2023_260728_1406,392,1785298759.2598953,58356.63083124161,0.04377381503582001,0.04319785162806511,0.041793452973167104,0.04136965899003876,30.336070505777993,31.87437800089518,0.7680445482995775,0.7658054643207126,25244.81536
Wang_2023_260728_1406,393,1785298905.8429646,58503.2139005661,0.04403660073876381,0.0432681143283844,0.041793452973167104,0.04136965899003876,30.336070505777993,31.87437800089518,0.7680445482995775,0.7658054643207126,25437.868032
Wang_2023_260728_1406,394,1785299044.8935487,58642.264484643936,0.04385986179113388,0.043084919452667236,0.041793452973167104,0.04136965899003876,30.336070505777993,31.87437800089518,0.7680445482995775,0.7658054643207126,24901.619712
Wang_2023_260728_1406,395,1785299184.892013,58782.26294898987,0.04354775696992874,0.042789723724126816,0.041793452973167104,0.04136965899003876,30.336070505777993,31.87437800089518,0.7680445482995775,0.7658054643207126,25165.877248
Wang_2023_260728_1406,396,1785299323.146531,58920.51746702194,0.04704464226961136,0.04621576890349388,0.041793452973167104,0.04136965899003876,30.336070505777993,31.87437800089518,0.7680445482995775,0.7658054643207126,24901.619712
Wang_2023_260728_1406,397,1785299466.5300214,59063.90095734596,0.04533103108406067,0.04447494447231293,0.041793452973167104,0.04136965899003876,30.336070505777993,31.87437800089518,0.7680445482995775,0.7658054643207126,24944.943104
Wang_2023_260728_1406,398,1785299607.1999884,59204.570924282074,0.04590922221541405,0.04503408819437027,0.041793452973167104,0.04136965899003876,30.336070505777993,31.87437800089518,0.7680445482995775,0.7658054643207126,25165.877248
Wang_2023_260728_1406,399,1785299786.4799953,59383.8509311676,0.04365648329257965,0.04304763674736023,0.043583853128883576,0.0430061703423659,30.298845876057943,31.63721440633138,0.7564752091301812,0.7547634895642599,25429.622784
Wang_2023_260728_1406,400,1785299925.8131368,59523.184072732925,0.04422145336866379,0.04368462786078453,0.043583853128883576,0.0430061703423659,30.298845876057943,31.63721440633138,0.7564752091301812,0.7547634895642599,25166.82752
Wang_2023_260728_1406,401,1785300068.2339785,59665.6049144268,0.045313239097595215,0.044591810554265976,0.043583853128883576,0.0430061703423659,30.298845876057943,31.63721440633138,0.7564752091301812,0.7547634895642599,25204.576256
Wang_2023_260728_1406,402,1785300209.2027166,59806.573652505875,0.045450251549482346,0.044656556099653244,0.043583853128883576,0.0430061703423659,30.298845876057943,31.63721440633138,0.7564752091301812,0.7547634895642599,25204.576256
Wang_2023_260728_1406,403,1785300352.4841855,59949.85512137413,0.04608417674899101,0.04531070217490196,0.043583853128883576,0.0430061703423659,30.298845876057943,31.63721440633138,0.7564752091301812,0.7547634895642599,25574.97344
Wang_2023_260728_1406,404,1785300496.5388641,60093.90980005264,0.04700784012675285,0.046119481325149536,0.043583853128883576,0.0430061703423659,30.298845876057943,31.63721440633138,0.7564752091301812,0.7547634895642599,25540.38272
Wang_2023_260728_1406,405,1785300640.1936746,60237.56461048126,0.04562441632151604,0.04485943540930748,0.043583853128883576,0.0430061703423659,30.298845876057943,31.63721440633138,0.7564752091301812,0.7547634895642599,24962.732032
Wang_2023_260728_1406,406,1785300787.371918,60384.74285387993,0.0426076203584671,0.042400211095809937,0.043583853128883576,0.0430061703423659,30.298845876057943,31.63721440633138,0.7564752091301812,0.7547634895642599,25257.664512
Wang_2023_260728_1406,407,1785300934.5793316,60531.95026755333,0.0444655604660511,0.043892864137887955,0.043583853128883576,0.0430061703423659,30.298845876057943,31.63721440633138,0.7564752091301812,0.7547634895642599,25166.49984
Wang_2023_260728_1406,408,1785301079.34058,60676.71151590347,0.04552120342850685,0.04477586969733238,0.043583853128883576,0.0430061703423659,30.298845876057943,31.63721440633138,0.7564752091301812,0.7547634895642599,25210.4704
Wang_2023_260728_1406,409,1785301252.2214315,60849.59236741066,0.04287263751029968,0.04237581416964531,0.04290200129151344,0.04237134632964929,30.350251905653213,31.700577858818903,0.7610551767879062,0.7597977721691132,25128.275968
Wang_2023_260728_1406,410,1785301397.4947248,60994.86566066742,0.04570179432630539,0.04495302587747574,0.04290200129151344,0.04237134632964929,30.350251905653213,31.700577858818903,0.7610551767879062,0.7597977721691132,25187.250176
Wang_2023_260728_1406,411,1785301542.0921636,61139.463099479675,0.043720923364162445,0.043034180998802185,0.04290200129151344,0.04237134632964929,30.350251905653213,31.700577858818903,0.7610551767879062,0.7597977721691132,25169.850368
Wang_2023_260728_1406,412,1785301689.6780846,61287.04902052879,0.04442504420876503,0.04370144382119179,0.04290200129151344,0.04237134632964929,30.350251905653213,31.700577858818903,0.7610551767879062,0.7597977721691132,25356.447744
Wang_2023_260728_1406,413,1785301837.6500509,61435.020986795425,0.04260725528001785,0.04205576702952385,0.04290200129151344,0.04237134632964929,30.350251905653213,31.700577858818903,0.7610551767879062,0.7597977721691132,25533.861888
Wang_2023_260728_1406,414,1785301984.8301136,61582.20104956627,0.042313527315855026,0.041814226657152176,0.04290200129151344,0.04237134632964929,30.350251905653213,31.700577858818903,0.7610551767879062,0.7597977721691132,25385.422848
Wang_2023_260728_1406,415,1785302132.8308296,61730.20176553726,0.04572875797748566,0.044940512627363205,0.04290200129151344,0.04237134632964929,30.350251905653213,31.700577858818903,0.7610551767879062,0.7597977721691132,25356.255232
Wang_2023_260728_1406,416,1785302273.8119965,61871.18293237686,0.047807540744543076,0.046930473297834396,0.04290200129151344,0.04237134632964929,30.350251905653213,31.700577858818903,0.7610551767879062,0.7597977721691132,25163.20256
Wang_2023_260728_1406,417,1785302413.0178974,62010.38883328438,0.044105373322963715,0.0434453971683979,0.04290200129151344,0.04237134632964929,30.350251905653213,31.700577858818903,0.7610551767879062,0.7597977721691132,25039.654912
Wang_2023_260728_1406,418,1785302559.9669657,62157.337901592255,0.04405646771192551,0.04349761828780174,0.04290200129151344,0.04237134632964929,30.350251905653213,31.700577858818903,0.7610551767879062,0.7597977721691132,25125.658624
Wang_2023_260728_1406,419,1785302738.4748788,62335.845814704895,0.04610162228345871,0.045269936323165894,0.04756297199262513,0.04670757071011596,30.2116345638699,30.701200807359484,0.7324339661333296,0.7326984017425113,25250.852864
Wang_2023_260728_1406,420,1785302882.1259656,62479.496901512146,0.04605967551469803,0.04523392394185066,0.04756297199262513,0.04670757071011596,30.2116345638699,30.701200807359484,0.7324339661333296,0.7326984017425113,24936.861696
Wang_2023_260728_1406,421,1785303028.5649214,62625.93585729599,0.04433980584144592,0.043835416436195374,0.04756297199262513,0.04670757071011596,30.2116345638699,30.701200807359484,0.7324339661333296,0.7326984017425113,25418.784768
Wang_2023_260728_1406,422,1785303167.138168,62764.50910401344,0.04658554866909981,0.04569920152425766,0.04756297199262513,0.04670757071011596,30.2116345638699,30.701200807359484,0.7324339661333296,0.7326984017425113,24834.281472
Wang_2023_260728_1406,423,1785303311.395232,62908.766167879105,0.04555560275912285,0.044697925448417664,0.04756297199262513,0.04670757071011596,30.2116345638699,30.701200807359484,0.7324339661333296,0.7326984017425113,25201.283072
Wang_2023_260728_1406,424,1785303450.0878716,63047.458807468414,0.044589996337890625,0.04384873807430267,0.04756297199262513,0.04670757071011596,30.2116345638699,30.701200807359484,0.7324339661333296,0.7326984017425113,25053.929472
Wang_2023_260728_1406,425,1785303597.398726,63194.76966190338,0.04294193163514137,0.04264846444129944,0.04756297199262513,0.04670757071011596,30.2116345638699,30.701200807359484,0.7324339661333296,0.7326984017425113,25231.097856
Wang_2023_260728_1406,426,1785303743.565856,63340.93679189682,0.042796552181243896,0.04240785539150238,0.04756297199262513,0.04670757071011596,30.2116345638699,30.701200807359484,0.7324339661333296,0.7326984017425113,25393.344512
Wang_2023_260728_1406,427,1785303886.0550551,63483.42599105835,0.04231542348861694,0.04188435897231102,0.04756297199262513,0.04670757071011596,30.2116345638699,30.701200807359484,0.7324339661333296,0.7326984017425113,25498.574848
Wang_2023_260728_1406,428,1785304029.510733,63626.881668806076,0.0465003065764904,0.04562918841838837,0.04756297199262513,0.04670757071011596,30.2116345638699,30.701200807359484,0.7324339661333296,0.7326984017425113,25519.878144
Wang_2023_260728_1406,429,1785304210.5884836,63807.95941948891,0.04406275600194931,0.04348419979214668,0.04451094351708889,0.04391692423986064,30.15239991929796,31.51857317606608,0.7504172927803463,0.7487926204999288,25381.00736
Wang_2023_260728_1406,430,1785304355.1369328,63952.507868766785,0.04534953087568283,0.04448474198579788,0.04451094351708889,0.04391692423986064,30.15239991929796,31.51857317606608,0.7504172927803463,0.7487926204999288,25510.629376
Wang_2023_260728_1406,431,1785304496.7445328,64094.11546874046,0.04504554346203804,0.04454253241419792,0.04451094351708889,0.04391692423986064,30.15239991929796,31.51857317606608,0.7504172927803463,0.7487926204999288,25297.846272
Wang_2023_260728_1406,432,1785304644.2630002,64241.63393616676,0.04367031902074814,0.04339950159192085,0.04451094351708889,0.04391692423986064,30.15239991929796,31.51857317606608,0.7504172927803463,0.7487926204999288,25367.3472
Wang_2023_260728_1406,433,1785304793.8601017,64391.23103761673,0.04540605843067169,0.04470595717430115,0.04451094351708889,0.04391692423986064,30.15239991929796,31.51857317606608,0.7504172927803463,0.7487926204999288,25351.901184
Wang_2023_260728_1406,434,1785304940.9448495,64538.31578540802,0.043087247759103775,0.04285009205341339,0.04451094351708889,0.04391692423986064,30.15239991929796,31.51857317606608,0.7504172927803463,0.7487926204999288,25367.3472
Wang_2023_260728_1406,435,1785305086.160021,64683.530956983566,0.04589134454727173,0.0450197234749794,0.04451094351708889,0.04391692423986064,30.15239991929796,31.51857317606608,0.7504172927803463,0.7487926204999288,25234.993152
Wang_2023_260728_1406,436,1785305236.6856325,64834.05656838417,0.04438362643122673,0.04366740211844444,0.04451094351708889,0.04391692423986064,30.15239991929796,31.51857317606608,0.7504172927803463,0.7487926204999288,25396.08064
Wang_2023_260728_1406,437,1785305384.235853,64981.60678887367,0.04230135679244995,0.04180021211504936,0.04451094351708889,0.04391692423986064,30.15239991929796,31.51857317606608,0.7504172927803463,0.7487926204999288,25544.998912
Wang_2023_260728_1406,438,1785305532.2561958,65129.627131700516,0.04379516467452049,0.04325312376022339,0.04451094351708889,0.04391692423986064,30.15239991929796,31.51857317606608,0.7504172927803463,0.7487926204999288,25136.791552
Wang_2023_260728_1406,439,1785305716.6479182,65314.018854141235,0.04461701214313507,0.04389297962188721,0.0443556393434604,0.043645622755090395,30.58213459438748,31.34581312391493,0.7510439614454906,0.7500382963816324,25385.263104
Wang_2023_260728_1406,440,1785305857.8284173,65455.19935321808,0.042945265769958496,0.04252428933978081,0.0443556393434604,0.043645622755090395,30.58213459438748,31.34581312391493,0.7510439614454906,0.7500382963816324,25316.41344
Wang_2023_260728_1406,441,1785306002.6110227,65599.9819586277,0.04658138006925583,0.04566396027803421,0.0443556393434604,0.043645622755090395,30.58213459438748,31.34581312391493,0.7510439614454906,0.7500382963816324,25536.135168
Wang_2023_260728_1406,442,1785306140.7694697,65738.1404056549,0.046313367784023285,0.04548903554677963,0.0443556393434604,0.043645622755090395,30.58213459438748,31.34581312391493,0.7510439614454906,0.7500382963816324,24884.051968
Wang_2023_260728_1406,443,1785306278.5097919,65875.88072776794,0.04247552901506424,0.04190044850111008,0.0443556393434604,0.043645622755090395,30.58213459438748,31.34581312391493,0.7510439614454906,0.7500382963816324,25220.395008
Wang_2023_260728_1406,444,1785306418.5562577,66015.92719364166,0.04610061272978783,0.045236557722091675,0.0443556393434604,0.043645622755090395,30.58213459438748,31.34581312391493,0.7510439614454906,0.7500382963816324,25113.997312
Wang_2023_260728_1406,445,1785306567.480591,66164.85152697563,0.044847480952739716,0.044117651879787445,0.0443556393434604,0.043645622755090395,30.58213459438748,31.34581312391493,0.7510439614454906,0.7500382963816324,25385.336832
Wang_2023_260728_1406,446,1785306710.0697744,66307.44071030617,0.04661544784903526,0.045707326382398605,0.0443556393434604,0.043645622755090395,30.58213459438748,31.34581312391493,0.7510439614454906,0.7500382963816324,24893.067264
Wang_2023_260728_1406,447,1785306860.9498398,66458.3207757473,0.043085046112537384,0.04244627058506012,0.0443556393434604,0.043645622755090395,30.58213459438748,31.34581312391493,0.7510439614454906,0.7500382963816324,25414.725632
Wang_2023_260728_1406,448,1785307011.1369948,66608.50793075562,0.04522693529725075,0.04446886107325554,0.0443556393434604,0.043645622755090395,30.58213459438748,31.34581312391493,0.7510439614454906,0.7500382963816324,25370.546176
Wang_2023_260728_1406,449,1785307190.558489,66787.92942500114,0.044829726219177246,0.04420621693134308,0.04468407941361268,0.044074001444710624,30.23497280544705,31.420074920654297,0.7496940338611603,0.7484922538863288,25466.396672
Wang_2023_260728_1406,450,1785307330.0828767,66927.45381259918,0.041892874985933304,0.04142274707555771,0.04468407941361268,0.044074001444710624,30.23497280544705,31.420074920654297,0.7496940338611603,0.7484922538863288,25099.173888
Wang_2023_260728_1406,451,1785307478.087609,67075.45854496956,0.04412302374839783,0.04351081699132919,0.04468407941361268,0.044074001444710624,30.23497280544705,31.420074920654297,0.7496940338611603,0.7484922538863288,25415.102464
Wang_2023_260728_1406,452,1785307625.5108864,67222.88182234764,0.04381343722343445,0.04349729046225548,0.04468407941361268,0.044074001444710624,30.23497280544705,31.420074920654297,0.7496940338611603,0.7484922538863288,25208.905728
Wang_2023_260728_1406,453,1785307772.8369308,67370.2078666687,0.04447412118315697,0.04373711347579956,0.04468407941361268,0.044074001444710624,30.23497280544705,31.420074920654297,0.7496940338611603,0.7484922538863288,25367.166976
Wang_2023_260728_1406,454,1785307917.3307798,67514.70171570778,0.04551452398300171,0.04475424811244011,0.04468407941361268,0.044074001444710624,30.23497280544705,31.420074920654297,0.7496940338611603,0.7484922538863288,25564.07808
Wang_2023_260728_1406,455,1785308060.3617365,67657.73267245293,0.04328879714012146,0.04259421303868294,0.04468407941361268,0.044074001444710624,30.23497280544705,31.420074920654297,0.7496940338611603,0.7484922538863288,25564.07808
Wang_2023_260728_1406,456,1785308202.9690778,67800.34001374245,0.04278171434998512,0.042074963450431824,0.04468407941361268,0.044074001444710624,30.23497280544705,31.420074920654297,0.7496940338611603,0.7484922538863288,25536.6144
Wang_2023_260728_1406,457,1785308344.6059086,67941.97684454918,0.04450692981481552,0.04376987740397453,0.04468407941361268,0.044074001444710624,30.23497280544705,31.420074920654297,0.7496940338611603,0.7484922538863288,25136.922624
Wang_2023_260728_1406,458,1785308488.2468934,68085.61782932281,0.044986411929130554,0.04424012452363968,0.04468407941361268,0.044074001444710624,30.23497280544705,31.420074920654297,0.7496940338611603,0.7484922538863288,25284.07552
Wang_2023_260728_1406,459,1785308666.9255972,68264.29653310776,0.04701939970254898,0.04620632156729698,0.046757080935769614,0.045979810779293376,30.107638846503363,30.913882937961155,0.7371084993415409,0.7358646155728235,25143.365632
Wang_2023_260728_1406,460,1785308815.504856,68412.87579202652,0.04351874440908432,0.04299575835466385,0.046757080935769614,0.045979810779293376,30.107638846503363,30.913882937961155,0.7371084993415409,0.7358646155728235,25563.779072
Wang_2023_260728_1406,461,1785308953.9634144,68551.33435034752,0.044543199241161346,0.04394467920064926,0.046757080935769614,0.045979810779293376,30.107638846503363,30.913882937961155,0.7371084993415409,0.7358646155728235,25164.0832
Wang_2023_260728_1406,462,1785309102.6520076,68700.0229434967,0.04435443878173828,0.04363880306482315,0.046757080935769614,0.045979810779293376,30.107638846503363,30.913882937961155,0.7371084993415409,0.7358646155728235,25384.882176
Wang_2023_260728_1406,463,1785309244.652867,68842.02380299568,0.04643179103732109,0.04562396928668022,0.046757080935769614,0.045979810779293376,30.107638846503363,30.913882937961155,0.7371084993415409,0.7358646155728235,25136.623616
Wang_2023_260728_1406,464,1785309384.1761725,68981.54710841179,0.04518570750951767,0.04447510465979576,0.046757080935769614,0.045979810779293376,30.107638846503363,30.913882937961155,0.7371084993415409,0.7358646155728235,25013.972992
Wang_2023_260728_1406,465,1785309529.2448254,69126.61576128006,0.04588567093014717,0.045122791081666946,0.046757080935769614,0.045979810779293376,30.107638846503363,30.913882937961155,0.7371084993415409,0.7358646155728235,25143.947264
Wang_2023_260728_1406,466,1785309669.259774,69266.63070988655,0.04452916607260704,0.04432229697704315,0.046757080935769614,0.045979810779293376,30.107638846503363,30.913882937961155,0.7371084993415409,0.7358646155728235,25564.676096
Wang_2023_260728_1406,467,1785309811.140829,69408.5117650032,0.04507650062441826,0.044347189366817474,0.046757080935769614,0.045979810779293376,30.107638846503363,30.913882937961155,0.7371084993415409,0.7358646155728235,25564.676096
Wang_2023_260728_1406,468,1785309953.4978282,69550.86876416206,0.047283466905355453,0.04633688926696777,0.046757080935769614,0.045979810779293376,30.107638846503363,30.913882937961155,0.7371084993415409,0.7358646155728235,25537.212416
Wang_2023_260728_1406,469,1785310132.8044844,69730.17542028427,0.04799224063754082,0.047181013971567154,0.04691665406856272,0.04619672427574793,30.06632035149468,30.82860445658366,0.7349979786078135,0.7348687745465172,25583.550464
Wang_2023_260728_1406,470,1785310271.453857,69868.82479286194,0.046668149530887604,0.045767635107040405,0.04691665406856272,0.04619672427574793,30.06632035149468,30.82860445658366,0.7349979786078135,0.7348687745465172,24869.691392
Wang_2023_260728_1406,471,1785310414.9210167,70012.29195261002,0.04733681678771973,0.04651407524943352,0.04691665406856272,0.04619672427574793,30.06632035149468,30.82860445658366,0.7349979786078135,0.7348687745465172,25102.848
Wang_2023_260728_1406,472,1785310562.7618816,70160.13281750679,0.04400772228837013,0.04346957430243492,0.04691665406856272,0.04619672427574793,30.06632035149468,30.82860445658366,0.7349979786078135,0.7348687745465172,25175.3472
Wang_2023_260728_1406,473,1785310706.8882093,70304.25914525986,0.04440785199403763,0.04362473636865616,0.04691665406856272,0.04619672427574793,30.06632035149468,30.82860445658366,0.7349979786078135,0.7348687745465172,25236.697088
Wang_2023_260728_1406,474,1785310844.8614569,70442.23239278793,0.042952824383974075,0.04227933660149574,0.04691665406856272,0.04619672427574793,30.06632035149468,30.82860445658366,0.7349979786078135,0.7348687745465172,25240.35072
Wang_2023_260728_1406,475,1785310990.3126442,70587.68358016014,0.04267319291830063,0.042056143283843994,0.04691665406856272,0.04619672427574793,30.06632035149468,30.82860445658366,0.7349979786078135,0.7348687745465172,25429.110784
Wang_2023_260728_1406,476,1785311135.4306278,70732.80156373978,0.04332514479756355,0.04282350465655327,0.04691665406856272,0.04619672427574793,30.06632035149468,30.82860445658366,0.7349979786078135,0.7348687745465172,25454.198784
Wang_2023_260728_1406,477,1785311276.2642536,70873.63518953323,0.04704482853412628,0.0461842305958271,0.04691665406856272,0.04619672427574793,30.06632035149468,30.82860445658366,0.7349979786078135,0.7348687745465172,25133.953024
Wang_2023_260728_1406,478,1785311415.9087849,71013.27972078323,0.04430502653121948,0.04383070766925812,0.04691665406856272,0.04619672427574793,30.06632035149468,30.82860445658366,0.7349979786078135,0.7348687745465172,25336.44288
Wang_2023_260728_1406,479,1785311589.5590835,71186.93001937866,0.04399997368454933,0.04346102476119995,0.04445194678174125,0.04390692194302877,30.155000712076824,31.432586822509766,0.7504417249891493,0.7488078011406792,25212.891136
Wang_2023_260728_1406,480,1785311730.0878541,71327.45879006386,0.04552865028381348,0.044789355248212814,0.04445194678174125,0.04390692194302877,30.155000712076824,31.432586822509766,0.7504417249891493,0.7488078011406792,25089.343488
Wang_2023_260728_1406,481,1785311874.2467084,71471.61764431,0.046436719596385956,0.04552764445543289,0.04445194678174125,0.04390692194302877,30.155000712076824,31.432586822509766,0.7504417249891493,0.7488078011406792,25556.09088
Wang_2023_260728_1406,482,1785312016.4780765,71613.84901237488,0.047135066241025925,0.046266235411167145,0.04445194678174125,0.04390692194302877,30.155000712076824,31.432586822509766,0.7504417249891493,0.7488078011406792,25102.848
Wang_2023_260728_1406,483,1785312162.5848963,71759.95583224297,0.04532180726528168,0.04464185610413551,0.04445194678174125,0.04390692194302877,30.155000712076824,31.432586822509766,0.7504417249891493,0.7488078011406792,25405.943808
Wang_2023_260728_1406,484,1785312309.372328,71906.74326395988,0.04403771460056305,0.04355064406991005,0.04445194678174125,0.04390692194302877,30.155000712076824,31.432586822509766,0.7504417249891493,0.7488078011406792,25429.110784
