run_id,epoch,timestamp,elapsed_total_sec,train_loss_xy,train_loss_z,val_loss_xy,val_loss_z,psnr_xy,psnr_final,ssim_xy,ssim_final,ram_mb
Wang_2023_260728_1305,0,1785236976.7966986,250.00097370147705,0.07144787162542343,0.06948220729827881,0.08074749785992834,0.08099598957432641,25.747017805311415,26.16798578898112,0.5329312015904321,0.5357018487983279,34207.162368
Wang_2023_260728_1305,1,1785237155.5576448,428.76191997528076,0.06432625651359558,0.06439020484685898,0.07660773363378313,0.07655047600468,26.082135569254557,26.602347793579103,0.5552228344811334,0.5571609414948357,39419.232256
Wang_2023_260728_1305,2,1785237328.0116186,601.2158937454224,0.05930957943201065,0.0595104806125164,0.07989412703447872,0.07977259816394912,25.71947041829427,26.443405931260852,0.5372307186656528,0.5425882400406732,41320.587264
Wang_2023_260728_1305,3,1785237490.635428,763.8397030830383,0.06344392895698547,0.06398335844278336,0.08056838466889328,0.08061402648687363,25.729994049072264,26.96914832221137,0.5377886527114444,0.5383839726448059,39642.861568
Wang_2023_260728_1305,4,1785237654.4953263,927.6996014118195,0.060071952641010284,0.06032847613096237,0.07905144828889105,0.07893373993535836,25.768518846299912,26.74623234219021,0.5442811242739359,0.5464166907469431,40641.49504
Wang_2023_260728_1305,5,1785237826.7678668,1099.9721419811249,0.06029713526368141,0.06067787855863571,0.08384794978631867,0.08360866018467479,25.30968894958496,26.09144165886773,0.5211429754892986,0.523600481748581,41973.686272
Wang_2023_260728_1305,6,1785237995.9882145,1269.1924896240234,0.058565232902765274,0.05876364931464195,0.08055171027779578,0.08047785268061691,25.727716081407333,26.76031936645508,0.5345719888475207,0.5329741752809949,40495.939584
Wang_2023_260728_1305,7,1785238157.4942026,1430.6984777450562,0.05909455567598343,0.05928363278508186,0.0812803310652574,0.08100256343682607,25.64343553331163,26.769876200358073,0.5334585146109263,0.532928516070048,40786.685952
Wang_2023_260728_1305,8,1785238323.7327135,1596.9369885921478,0.05759522318840027,0.05771097540855408,0.08067087610562643,0.08066514806614981,25.741734568277995,26.64276411268446,0.5419159865379334,0.5390658191839854,41177.767936
Wang_2023_260728_1305,9,1785238512.3349056,1785.5391807556152,0.06178633123636246,0.06182658672332764,0.07943606841895315,0.0795854990515444,25.837874459160698,26.355085288153756,0.5422382901774513,0.5424632533391317,43626.582016
Wang_2023_260728_1305,10,1785238681.2287562,1954.433031320572,0.05860155075788498,0.05867054685950279,0.08359228390786383,0.08350906789302825,25.440362345377604,26.269033143785265,0.5201609155866835,0.5218013470702701,42152.820736
Wang_2023_260728_1305,11,1785238834.152709,2107.3569841384888,0.0567949116230011,0.05694340914487839,0.08258316261900796,0.08243402517504163,25.31897344801161,26.32710321214464,0.5278776388698154,0.5296272208955553,41495.691264
Wang_2023_260728_1305,12,1785238999.0747082,2272.2789833545685,0.05572165176272392,0.055952247232198715,0.08215855828589863,0.08235588947104083,25.48927141825358,26.680253813001844,0.5281859050856696,0.5256116530630324,40929.42336
Wang_2023_260728_1305,13,1785239159.904829,2433.109104156494,0.05775433033704758,0.05783863738179207,0.08134725184904204,0.08140762148631944,25.591712146335176,26.255589896308052,0.5336953829394446,0.5345371050304837,43657.269248
Wang_2023_260728_1305,14,1785239333.7396853,2606.943960428238,0.05775405094027519,0.05785743147134781,0.07948283314704895,0.0792624404364162,25.772092412312826,26.33302918328179,0.5382129920853509,0.5390400844150119,44429.459456
Wang_2023_260728_1305,15,1785239509.5086844,2782.7129595279694,0.057181186974048615,0.057168785482645035,0.07952986424167952,0.07962364410360655,25.800467071533202,26.45473927815755,0.5424808038605584,0.5416922019587622,43353.083904
Wang_2023_260728_1305,16,1785239680.4545195,2953.6587946414948,0.0579245425760746,0.05790585279464722,0.07926131011711227,0.07917773437168862,25.870435180664064,26.28212291293674,0.544933319621616,0.5447294694847531,44247.28576
Wang_2023_260728_1305,17,1785239830.874559,3104.0788340568542,0.05676295980811119,0.056970588862895966,0.0831552737371789,0.08316792637937599,25.445309931437176,26.79698136223687,0.5303042569425371,0.5283115880356895,41314.803712
Wang_2023_260728_1305,18,1785239998.678941,3271.8832161426544,0.05780022591352463,0.05787590146064758,0.07842820737096999,0.07850493590037028,25.837509977552624,26.662447882758247,0.5460219893190595,0.5494148083527883,42594.127872
Wang_2023_260728_1305,19,1785240169.5960753,3442.8003504276276,0.05492334067821503,0.05487853288650513,0.08024568592508634,0.08022363088197178,25.6550365363227,26.480674624972874,0.5395357763767242,0.5388491823938157,43112.521728
Wang_2023_260728_1305,20,1785240340.778638,3613.982913017273,0.05599061772227287,0.05603189766407013,0.08221094626519415,0.08258475767241584,25.368122202555337,26.06235042148166,0.5254967799451616,0.5256278171804216,44005.33504
Wang_2023_260728_1305,21,1785240509.6880908,3782.8923659324646,0.05421105772256851,0.054297082126140594,0.07962458286848333,0.07974200684991148,25.68391191270616,26.935279091729058,0.5376624788178338,0.539217311806149,41930.129408
Wang_2023_260728_1305,22,1785240676.0788941,3949.2831692695618,0.057742517441511154,0.05760028585791588,0.07821487764517467,0.07797431232200729,25.917077831692165,26.41958994547526,0.547741930352317,0.5484982940885755,44782.247936
Wang_2023_260728_1305,23,1785240843.6375847,4116.841859817505,0.05411742627620697,0.054049864411354065,0.08311809930536482,0.08305466807550854,25.29644862704807,25.989841384887697,0.5208242428302765,0.5224383513132731,44187.897856
Wang_2023_260728_1305,24,1785241005.4959571,4278.70023226738,0.05355462804436684,0.05363037809729576,0.07977104597621494,0.07991033646795485,25.81775875515408,26.531180801391603,0.5399702048301697,0.5402765795919631,43228.24192
Wang_2023_260728_1305,25,1785241162.1152942,4435.319569349289,0.05607706680893898,0.05612007901072502,0.08220391394363509,0.08264195570515262,25.495854873657226,26.452646679348415,0.5257632874117957,0.5282995913426082,42912.256
Wang_2023_260728_1305,26,1785241341.4693384,4614.673613548279,0.05588202551007271,0.055799391120672226,0.08221886361638706,0.08215218343668514,25.495040757921007,26.196238640679255,0.5239719500806597,0.5257689811123742,44207.816704
Wang_2023_260728_1305,27,1785241502.6246605,4775.828935623169,0.05426674336194992,0.05432553589344025,0.08425644371244642,0.08460687127378252,25.293690872192382,26.333081063164606,0.5141669398546219,0.5122819546196196,42985.201664
Wang_2023_260728_1305,28,1785241671.005554,4944.209829092026,0.057406529784202576,0.05723894387483597,0.08146884746021694,0.08121616072124906,25.7199269273546,26.000902735392252,0.530308322376675,0.5320903449588352,45259.40736
Wang_2023_260728_1305,29,1785241858.3147159,5131.5189909935,0.05763312801718712,0.057468969374895096,0.08255377582377858,0.08278913042611546,25.554041849772137,25.753133273654512,0.5231382446818882,0.5235495049423642,45664.854016
Wang_2023_260728_1305,30,1785242025.2340868,5298.438361883163,0.052010904997587204,0.05197873339056969,0.07940153062343597,0.07938663437962531,25.745741382175023,26.548715532090927,0.5400015201833513,0.5392603368229336,44275.556352
Wang_2023_260728_1305,31,1785242177.7019033,5450.906178474426,0.05353350192308426,0.0534830167889595,0.08328236797617541,0.0833461734238598,25.379404051038954,26.367179353502063,0.5197495555877686,0.5218743434217241,43315.933184
Wang_2023_260728_1305,32,1785242350.9846604,5624.188935518265,0.05187062546610832,0.051724888384342194,0.08216201566987567,0.08218061409062809,25.44319541083442,26.09236365424262,0.523539127641254,0.5245275131861369,45378.043904
Wang_2023_260728_1305,33,1785242502.1806986,5775.38497376442,0.04822540655732155,0.04813147708773613,0.08352371603250504,0.08382319509983063,25.32254435221354,26.381012174818252,0.5163893428776,0.5165353238582611,43226.632192
Wang_2023_260728_1305,34,1785242650.7696779,5923.973953008652,0.05333879217505455,0.05342203751206398,0.08302096319695314,0.08332742026282682,25.463952424791124,26.68115510728624,0.5206963053014544,0.5221191138691372,42657.288192
Wang_2023_260728_1305,35,1785242808.8199255,6082.024200677872,0.05032988265156746,0.05034009367227554,0.0839283108794027,0.08394487551516956,25.26562761094835,26.456169001261394,0.5135991528961393,0.516052958369255,43058.499584
Wang_2023_260728_1305,36,1785242975.1755977,6248.37987279892,0.053076937794685364,0.05292421579360962,0.0824417777856191,0.08245428875088692,25.47802123175727,25.929405576917862,0.5189028060436249,0.5193191002474891,45807.505408
Wang_2023_260728_1305,37,1785243132.5525153,6405.756790399551,0.052211944013834,0.05200783163309097,0.08526718970802095,0.08560769864254528,25.103371098836263,25.896010191175673,0.505200287103653,0.5058468083540598,44858.810368
Wang_2023_260728_1305,38,1785243289.5239706,6562.7282457351685,0.05284823849797249,0.05267010256648064,0.08467858312858476,0.08480900486310324,25.206768976847332,25.882022399902343,0.5114544394281175,0.5140281726916631,44869.681152
Wang_2023_260728_1305,39,1785243478.0210357,6751.22531080246,0.054927654564380646,0.05474318191409111,0.08447084138790767,0.08476967218849395,25.205391218397352,25.798187043931748,0.5119223315185971,0.5123058891296387,45607.616512
Wang_2023_260728_1305,40,1785243636.8828878,6910.087162971497,0.051399484276771545,0.05124334618449211,0.08071368000573582,0.08068658042285178,25.595979597303604,26.320661756727432,0.5309692589441936,0.5316950919893053,45194.694656
Wang_2023_260728_1305,41,1785243787.8828874,7061.087162494659,0.049003858119249344,0.048903461545705795,0.08701332076556152,0.08738051145441002,24.935788175794812,25.98545330471463,0.5013693656524022,0.5012955570883221,43459.649536
Wang_2023_260728_1305,42,1785243947.3263965,7220.530671596527,0.04832856357097626,0.04811704158782959,0.08335784826013777,0.0834062438044283,25.271173909505208,26.068033616807725,0.5181086752149794,0.5185045626428392,45268.901888
Wang_2023_260728_1305,43,1785244104.9655883,7378.169863462448,0.05025511980056763,0.04995071142911911,0.08151399355795648,0.08138283491134643,25.45434945848253,26.15897819519043,0.5269525784916348,0.5309809103276995,45249.974272
Wang_2023_260728_1305,44,1785244259.948471,7533.1527462005615,0.04929392412304878,0.04920463263988495,0.08443259549637636,0.08428835613860024,25.173425827026367,26.323160163031684,0.5134708694616954,0.5151491206884384,43331.391488
Wang_2023_260728_1305,45,1785244427.0357988,7700.240073919296,0.05166161060333252,0.05133291706442833,0.08588160756561491,0.08581637736823823,25.10366962009006,25.534262754652236,0.5043011646800571,0.5083899495336744,45682.91328
Wang_2023_260728_1305,46,1785244581.1629014,7854.367176532745,0.04657982289791107,0.04653497785329819,0.0885952802333567,0.08902397154106034,24.727305594550238,25.92035157945421,0.49059411737653946,0.48925116313828365,43016.138752
Wang_2023_260728_1305,47,1785244743.353606,8016.557881116867,0.0472758449614048,0.04723354056477547,0.08502870959540208,0.085117661729455,25.157698160807293,26.407743225097658,0.5078196095758014,0.5098163372940487,43035.848704
Wang_2023_260728_1305,48,1785244901.006857,8174.211132049561,0.0483744852244854,0.0482165664434433,0.08481606729328632,0.08485575849811236,25.26421735127767,26.21984955681695,0.5120779932207531,0.513559448255433,43810.566144
Wang_2023_260728_1305,49,1785245064.4105263,8337.61480140686,0.047529879957437515,0.04730059206485748,0.08492683465282122,0.08468429795569844,25.137904154459637,25.9508134121365,0.5135911489857568,0.5158537174595726,44795.691008
Wang_2023_260728_1305,50,1785245231.6658752,8504.870150327682,0.05034452676773071,0.049971215426921844,0.08300606972641415,0.08299222323629592,25.309077224731446,25.89821562025282,0.515848477019204,0.5200773386160532,46247.194624
Wang_2023_260728_1305,51,1785245399.183739,8672.38801407814,0.04822327196598053,0.04800180345773697,0.08431249823835162,0.08416709285643366,25.201708568996853,26.137619874742295,0.5137851300504472,0.517871281504631,44601.87648
Wang_2023_260728_1305,52,1785245570.4256387,8843.629913806915,0.049734365195035934,0.049372222274541855,0.0803075469036897,0.07998097022374472,25.76963873969184,26.184853863186305,0.5310581980811225,0.5360295928849115,46482.272256
Wang_2023_260728_1305,53,1785245741.1939554,9014.398230552673,0.049994658678770065,0.04965181648731232,0.08646065321233537,0.0872640370991495,25.013359035915798,25.593536588880752,0.5004783257510927,0.4982945340209537,46177.091584
Wang_2023_260728_1305,54,1785245898.6547635,9171.859038591385,0.04684073477983475,0.046775322407484055,0.08570602763030265,0.08568545499609577,25.036791534423827,26.298083470662434,0.5053808475202984,0.5073528058661355,43412.189184
Wang_2023_260728_1305,55,1785246055.2325737,9328.43684887886,0.049769312143325806,0.04940846189856529,0.08388992125789324,0.08387965824868944,25.35417524549696,25.736131981743707,0.5165117984347873,0.5169681126541562,46363.877376
Wang_2023_260728_1305,56,1785246224.818936,9498.023211240768,0.047700751572847366,0.04728267341852188,0.08194863746563594,0.08209873494174745,25.62945937262641,25.965268987019858,0.5234630882740021,0.523798616859648,46292.0704
Wang_2023_260728_1305,57,1785246381.6137674,9654.818042516708,0.0462106391787529,0.045887529850006104,0.08701024833652708,0.08713634954558479,24.978119701809355,25.864125645955404,0.49979671041170753,0.5025927235682806,44908.56448
Wang_2023_260728_1305,58,1785246545.7417674,9818.94604253769,0.04841974750161171,0.04801821708679199,0.08410717378060023,0.0844370309346252,25.34889062669542,25.697367443508572,0.5122629929913415,0.5122970218128629,46708.015104
Wang_2023_260728_1305,59,1785246711.2566879,9984.460963010788,0.04593905061483383,0.04563645273447037,0.08662530246708128,0.08649158201283878,24.96685348510742,25.79487208896213,0.49750592238373226,0.5001296489106284,45618.356224
Wang_2023_260728_1305,60,1785246865.8497534,10139.054028511047,0.046596091240644455,0.04630713164806366,0.08586241965492566,0.08610622165931596,25.005153223673503,25.994970397949217,0.5044307621320089,0.5049375715520646,47123.791872
Wang_2023_260728_1305,61,1785247014.093613,10287.297888040543,0.04654240608215332,0.04648656025528908,0.08506064944797093,0.08497795396380954,25.145515162150065,26.493672739664714,0.5086984725130929,0.5106514255205791,46213.062656
Wang_2023_260728_1305,62,1785247179.0858872,10452.290162324905,0.044268522411584854,0.04409506916999817,0.0877403943406211,0.08805406606859631,24.887619027031793,25.905415598551432,0.49549020058578913,0.49810977816581725,46818.87744
Wang_2023_260728_1305,63,1785247337.9044025,10611.108677625656,0.04928205534815788,0.04880722984671593,0.08310770359304216,0.08289248279399342,25.50298910352919,25.837930959065755,0.5220474927955203,0.5226874000496334,49389.879296
Wang_2023_260728_1305,64,1785247487.8426368,10761.04691195488,0.046992819756269455,0.04695739224553108,0.08433711417019367,0.08456290430492824,25.135527793036566,26.565448421902126,0.5130396967464023,0.5134284500281016,46317.928448
Wang_2023_260728_1305,65,1785247651.3897295,10924.594004631042,0.04625037685036659,0.04591478034853935,0.08277762131558525,0.0827338822848267,25.31797865125868,26.196947292751737,0.5205826514297062,0.5229300676451789,48339.218432
Wang_2023_260728_1305,66,1785247813.585775,11086.790050029755,0.050103720277547836,0.049581971019506454,0.08517169780201382,0.0850056753721502,25.168703859117297,25.77724436442057,0.5083360739549001,0.5109922623634339,49200.00512
Wang_2023_260728_1305,67,1785247977.3997357,11250.604010820389,0.04818296059966087,0.04774009808897972,0.08578921577996677,0.0858602223959234,25.134650904337565,25.537971403333877,0.5059845695230696,0.5077074343628354,49583.050752
Wang_2023_260728_1305,68,1785248136.3467731,11409.551048278809,0.04758065566420555,0.047148387879133224,0.08561538830399514,0.08566350718339284,25.077605582343207,25.695078548855253,0.5030367887020111,0.5069415658050114,49187.131392
Wang_2023_260728_1305,69,1785248306.294216,11579.498491048813,0.04688744619488716,0.04642990604043007,0.08582477109299766,0.0860277075237698,25.081739120483398,25.606754472520617,0.5034620012177361,0.5048952090740204,49548.120064
Wang_2023_260728_1305,70,1785248463.61961,11736.823885202408,0.04812677949666977,0.04763508588075638,0.08302943191594547,0.08318355528844727,25.40503976609972,25.86555686102973,0.5198666979206933,0.5193103153175778,49380.835328
Wang_2023_260728_1305,71,1785248616.3559585,11889.560233592987,0.044608090072870255,0.044342584908008575,0.08418426159355376,0.08400999561780029,25.230210478040906,26.20722932603624,0.5133860490057204,0.5177684883938896,47169.773568
Wang_2023_260728_1305,72,1785248774.0267901,12047.231065273285,0.04551367461681366,0.04524978622794151,0.08456366308861309,0.08460695727003945,25.180948986477322,26.167751507229276,0.5106172376871109,0.5125478761063682,47322.60352
Wang_2023_260728_1305,73,1785248933.2538888,12206.45816397667,0.04762696474790573,0.047183480113744736,0.08362416744232178,0.08391224425699975,25.271169798109266,25.977590866088867,0.5166364018784629,0.5181494198242823,48757.317632
Wang_2023_260728_1305,74,1785249094.323753,12367.52802824974,0.044857557862997055,0.044448111206293106,0.08572372080551253,0.08573004494110743,25.092544106377495,25.8021044921875,0.5009379804134368,0.5039597147703171,48421.23264
Wang_2023_260728_1305,75,1785249247.636815,12520.841090202332,0.04421447589993477,0.044094908982515335,0.08749099684258302,0.08781639877292845,24.87059186299642,26.085572026570638,0.49769550853305394,0.4981532978349262,46646.3744
Wang_2023_260728_1305,76,1785249405.7735333,12678.977808475494,0.04632921144366264,0.04593702778220177,0.0860437424480915,0.08603943680723508,25.133349109225804,25.677170418633356,0.5018932824664646,0.5069395627578099,49181.270016
Wang_2023_260728_1305,77,1785249563.7524273,12836.95670247078,0.04387075453996658,0.04350164532661438,0.08613796265588866,0.08630993255310589,25.064087609185112,25.707140485975476,0.5031743457582262,0.5038891708850861,48756.338688
Wang_2023_260728_1305,78,1785249715.4623296,12988.666604757309,0.04592415690422058,0.04550531879067421,0.08805400253997908,0.08776039121879471,24.890535939534505,25.742775370279947,0.49078859494792093,0.49481612470414904,48057.716736
Wang_2023_260728_1305,79,1785249872.5816486,13145.785923719406,0.045762427151203156,0.04567201808094978,0.08358916550046867,0.0835265484617816,25.284706200493705,26.662245381673177,0.5145695230695937,0.5187764071755939,46479.618048
Wang_2023_260728_1305,80,1785250027.1542273,13300.358502388,0.04427063465118408,0.044157832860946655,0.09000972874462604,0.09012306028770076,24.59661971198188,25.9075998433431,0.482065698173311,0.4839427576462428,46536.425472
Wang_2023_260728_1305,81,1785250188.5735319,13461.7778069973,0.04504818841814995,0.04468182846903801,0.08528000821669897,0.08527279234594769,25.14601270887587,25.816534271240233,0.5100652587413788,0.5126408282915751,48719.654912
Wang_2023_260728_1305,82,1785250350.8065872,13624.010862350464,0.04578156769275665,0.045337092131376266,0.09088128707475132,0.09125069088406033,24.621005172729493,25.293634974161783,0.47860209160380895,0.4797219916847017,48519.409664
Wang_2023_260728_1305,83,1785250508.3686068,13781.572881937027,0.04575011506676674,0.04526692256331444,0.0876909715268347,0.08787742975685331,24.88582374572754,25.650978537665473,0.496680435207155,0.4962542559040917,48640.684032
Wang_2023_260728_1305,84,1785250672.0437217,13945.247996807098,0.04346558079123497,0.04303350672125816,0.08676459653509988,0.08705077730947071,25.07621756659614,25.59867000155979,0.4989369887113571,0.500459004773034,49294.327808
Wang_2023_260728_1305,85,1785250834.1885924,14107.392867565155,0.04665931686758995,0.04628753289580345,0.08439299235741297,0.08423466636074914,25.220794194539387,26.12035924275716,0.5123553888665305,0.5137704292933146,47727.099904
Wang_2023_260728_1305,86,1785251001.6267903,14274.831065416336,0.04393349215388298,0.04352788254618645,0.08511251441306537,0.08488381101025476,25.200358547634547,25.94488409254286,0.5101231918732325,0.5145708815256754,48549.199872
Wang_2023_260728_1305,87,1785251164.9539406,14438.158215761185,0.04454713314771652,0.0441252775490284,0.08523576052652465,0.08547636242376433,25.21248811509874,25.716060019599066,0.5078556336959203,0.509762305021286,49307.254784
Wang_2023_260728_1305,88,1785251342.7822213,14615.986496448517,0.04762250930070877,0.04700781777501106,0.08388904665907224,0.08381824150681495,25.324650251600477,25.81207396613227,0.5150282312101788,0.5160750369230906,49594.302464
Wang_2023_260728_1305,89,1785251519.3615348,14792.565809965134,0.04524901881814003,0.04478107765316963,0.0879996152387725,0.08788248515791364,24.91969487508138,25.44574607849121,0.49488642460770077,0.49759124610159133,49635.262464
Wang_2023_260728_1305,90,1785251675.1998494,14948.404124498367,0.04323721304535866,0.04284960404038429,0.08638942582739724,0.08619915884402063,24.91601919386122,25.94644966125488,0.5009878537389967,0.5062710444794761,47755.575296
Wang_2023_260728_1305,91,1785251831.3311288,15104.535403966904,0.043156009167432785,0.04280948266386986,0.08614174920651647,0.08624469651944107,25.16066761440701,25.97123932732476,0.5020071131653255,0.5061002982987298,47765.921792
Wang_2023_260728_1305,92,1785251988.3996675,15261.603942632675,0.04452043026685715,0.044052090495824814,0.08483572807576921,0.08472681967748535,25.233149914211698,25.814486940171985,0.5087532093789843,0.511173642873764,49334.194176
Wang_2023_260728_1305,93,1785252147.7321618,15420.936436891556,0.044252991676330566,0.0437997505068779,0.08430676432119476,0.08428532067272398,25.22144694858127,25.90451185438368,0.5135577694574992,0.5155733807219399,48851.038208
Wang_2023_260728_1305,94,1785252309.153905,15582.358180046082,0.04524063691496849,0.044748809188604355,0.085193822450108,0.08530564622746574,25.223725780910915,25.715129979451497,0.5082360321945615,0.5111023529370626,49370.800128
Wang_2023_260728_1305,95,1785252472.0598972,15745.264172315598,0.04744274541735649,0.046886373311281204,0.08789650753140449,0.08810594732562702,25.000248268975152,25.326038903130424,0.4909534392091963,0.49308251950475906,49749.725184
Wang_2023_260728_1305,96,1785252626.708594,15899.912869215012,0.04309106990695,0.042715974152088165,0.08809401740630468,0.08803853074709575,24.893722864786785,25.79521221584744,0.490444950527615,0.4929044814904531,47746.482176
Wang_2023_260728_1305,97,1785252786.3317726,16059.536047697067,0.04788196086883545,0.047307103872299194,0.08733252776993645,0.0873533876074685,25.0262639702691,25.433795420328774,0.4956813258594937,0.498689448038737,49503.100928
Wang_2023_260728_1305,98,1785252935.9039257,16209.108200788498,0.04289289563894272,0.04262367635965347,0.08420723203983571,0.08422334381275706,25.147277348836262,26.299249945746528,0.514429565138287,0.517718162006802,47152.316416
Wang_2023_260728_1305,99,1785253105.4476295,16378.651904582977,0.047271206974983215,0.04666998237371445,0.08331712053881751,0.08328215589125951,25.34220605638292,25.816728286743164,0.51948405040635,0.5202931184238858,49717.850112
Wang_2023_260728_1305,100,1785253258.8601367,16532.064411878586,0.04136672988533974,0.041046980768442154,0.08648883601029714,0.08674628110395538,25.034460203382704,25.865682339138456,0.5000334817833371,0.5014350033468671,48164.57728
Wang_2023_260728_1305,101,1785253416.2804985,16689.484773635864,0.04494494944810867,0.04444830119609833,0.08662224948406219,0.08652824350529247,25.026712816026475,25.593009660508898,0.49892380787266627,0.5030884044700199,49405.99296
Wang_2023_260728_1305,102,1785253567.7948253,16840.9991004467,0.04208182916045189,0.04188910871744156,0.08537698240743744,0.0855635721070899,25.13437427944607,26.478833355373805,0.5058385488059786,0.5064332565334109,46704.164864
Wang_2023_260728_1305,103,1785253718.248663,16991.452938079834,0.0424916110932827,0.042200446128845215,0.0851719623307387,0.08525549108783403,25.13005391438802,26.23309867011176,0.5094708834754096,0.5107434650924471,47356.878848
Wang_2023_260728_1305,104,1785253878.089818,17151.29409313202,0.04448995366692543,0.04401354864239693,0.08573067757818434,0.08581782831086053,25.1006182607015,25.711649898952906,0.5047441618972355,0.5076990861362881,49442.607104
Wang_2023_260728_1305,105,1785254035.6792316,17308.883506774902,0.0452035591006279,0.04463880509138107,0.08745231479406357,0.0876495572593477,25.02427473280165,25.35098035176595,0.49694094710879855,0.49833611528078714,49851.629568
Wang_2023_260728_1305,106,1785254197.0071995,17470.21147465706,0.044669829308986664,0.04411790892481804,0.08565858450200822,0.08571403309702873,25.247731484307185,25.520651609632704,0.5049550247854656,0.5058548202779558,49868.939264
Wang_2023_260728_1305,107,1785254357.3007677,17630.505042791367,0.044055670499801636,0.04351170361042023,0.0869762504266368,0.08719813499185775,25.035215513441297,25.342534891764323,0.5019636269410451,0.5029520674546559,49884.254208
Wang_2023_260728_1305,108,1785254514.9834902,17788.18776535988,0.04433441907167435,0.04384499043226242,0.08744590255949232,0.08767698109149932,24.88108514573839,25.46302367316352,0.4940706069601907,0.49733356495698294,49484.24704
Wang_2023_260728_1305,109,1785254684.7710795,17957.97535467148,0.040337469428777695,0.040064189583063126,0.08589860326713986,0.08608200571603246,25.1199602593316,26.069215240478517,0.5042587080929014,0.5047580672634973,47867.486208
Wang_2023_260728_1305,110,1785254844.892513,18118.096788167953,0.04225943237543106,0.04179313778877258,0.08984489459130499,0.09005814729465379,24.676772020128038,25.469643842909072,0.48531672020753225,0.4845110023021698,48781.328384
Wang_2023_260728_1305,111,1785255001.6636572,18274.86793231964,0.04368794336915016,0.04325217753648758,0.08795953921145863,0.08808622847000758,24.76717146979438,25.517853613959417,0.4946868128909005,0.4961314460304048,49090.691072
Wang_2023_260728_1305,112,1785255155.871484,18429.07575917244,0.043439339846372604,0.04298217222094536,0.08446548990077443,0.08423016786575317,25.28890123155382,25.675209045410156,0.5121603821383582,0.5170370997322931,49791.152128
Wang_2023_260728_1305,113,1785255310.5014153,18583.70569038391,0.045346371829509735,0.0448031984269619,0.08585601109597418,0.08564859956502914,25.14252495659722,25.543915803697374,0.500482344230016,0.5039235897858938,49779.2
Wang_2023_260728_1305,114,1785255469.1889584,18742.393233537674,0.04329485446214676,0.042847659438848495,0.08671354164679845,0.08675310689542029,24.907125193277995,25.773883531358507,0.5000617213381662,0.50329729894797,48653.02528
Wang_2023_260728_1305,115,1785255626.3296716,18899.53394675255,0.04242444410920143,0.042007748037576675,0.0840306368470192,0.08385623380541801,25.199569676717122,25.934512481689453,0.5158414485719469,0.5185000120268928,49650.335744
Wang_2023_260728_1305,116,1785255783.387674,19056.591949224472,0.04261811822652817,0.04219275340437889,0.0873514712187979,0.08744102734658453,24.87995745340983,25.57041966756185,0.5000199966298209,0.500056892103619,49660.219392
Wang_2023_260728_1305,117,1785255939.000944,19212.20521903038,0.042320746928453445,0.04196978360414505,0.08882531551851167,0.08913661761416329,24.81276430765788,25.522570148044164,0.48866513828436536,0.48855582548512355,48681.79968
Wang_2023_260728_1305,118,1785256095.261606,19368.465881109238,0.04083523899316788,0.04065420478582382,0.08663317107492023,0.08681422986918026,25.033967844645183,26.129087855021158,0.5012814189990361,0.5024374408192105,47371.063296
Wang_2023_260728_1305,119,1785256265.9634216,19539.1676967144,0.04208279028534889,0.04161937162280083,0.08417742411295573,0.08375373562177023,25.28273949517144,25.887216389973958,0.5128159463405609,0.5176669832070668,49650.929664
Wang_2023_260728_1305,120,1785256417.9522686,19691.15654373169,0.040652912110090256,0.04041425511240959,0.08958544746041298,0.08963411695427365,24.676401952107746,25.721027772691514,0.4871289171112908,0.4885309864415063,47659.56096
Wang_2023_260728_1305,121,1785256579.5876677,19852.791942834854,0.04205390438437462,0.04163694009184837,0.09043376026882066,0.09068740983804068,24.617808854844835,25.364217885335286,0.4817435545391507,0.48280291279157,48836.653056
Wang_2023_260728_1305,122,1785256737.5182695,20010.722544670105,0.04605858027935028,0.04542251303792,0.0886225367254681,0.08872087736924489,24.94389293246799,25.167794977823892,0.4904539536767536,0.4926590181721581,49935.753216
Wang_2023_260728_1305,123,1785256909.9843767,20183.188651800156,0.04339590668678284,0.042811356484889984,0.08712720942166116,0.08773972200022803,24.984504657321505,25.43628069559733,0.49807994233237374,0.49740167207188074,50110.75072
Wang_2023_260728_1305,124,1785257067.5692306,20340.773505687714,0.041845571249723434,0.04150573909282684,0.0876563703848256,0.08756044720609983,24.871547012329103,25.826526370578343,0.4927663013007906,0.4959633297390408,48375.23456
Wang_2023_260728_1305,125,1785257223.9406228,20497.144897937775,0.04373190924525261,0.04331551492214203,0.08861129755775134,0.08885050785210398,24.817842915852864,25.631416473388672,0.48826312290297613,0.49048570685916476,48688.779264
Wang_2023_260728_1305,126,1785257385.9357283,20659.140003442764,0.04434052109718323,0.043766044080257416,0.08599456184440189,0.08594399741954274,25.08902692159017,25.569371100531683,0.5058079263236788,0.5073214281929864,50357.481472
Wang_2023_260728_1305,127,1785257545.9475758,20819.151850938797,0.0426284596323967,0.042115725576877594,0.08884373911552959,0.08870775741007593,24.87927340189616,25.289804390801322,0.48740643441677095,0.489114666779836,49962.504192
Wang_2023_260728_1305,128,1785257700.0715756,20973.275850772858,0.04248819500207901,0.04208500310778618,0.08495812831653489,0.08466270431876183,25.14927218967014,26.02027166578505,0.5095219428009458,0.513193922440211,48402.157568
Wang_2023_260728_1305,129,1785257867.8896701,21141.093945264816,0.04419481381773949,0.04360375180840492,0.08400583449337218,0.08378036381469832,25.35229007297092,25.672595765855576,0.5132459076245626,0.5171362068918016,50110.746624
Wang_2023_260728_1305,130,1785258020.0096335,21293.213908672333,0.04118238389492035,0.04089029133319855,0.09316508053077592,0.09346087833245595,24.252747717963324,25.22505103217231,0.46557934588856165,0.46688781420389813,47829.651456
Wang_2023_260728_1305,131,1785258181.049904,21454.254179239273,0.046401411294937134,0.04581012576818466,0.08673761632707384,0.08706169832083914,25.03219093322754,25.543299899631076,0.49832687046792773,0.499701904853185,50180.907008
Wang_2023_260728_1305,132,1785258333.6928804,21606.8971555233,0.041939545422792435,0.0415630117058754,0.08841419118973944,0.0883872852474451,24.80009792751736,25.779301028781468,0.4918292991982566,0.4948151864608129,48248.516608
Wang_2023_260728_1305,133,1785258482.6055417,21755.80981683731,0.04259905964136124,0.042580291628837585,0.0886490563220448,0.08873628054228094,24.73192377726237,26.038802439371747,0.49149009532398646,0.4923096268044578,47028.228096
Wang_2023_260728_1305,134,1785258635.987274,21909.19154906273,0.04044369235634804,0.040431153029203415,0.08787625591788027,0.08797632833321889,24.78728707207574,26.046112755669487,0.49801559216446345,0.49616662078433565,47102.459904
Wang_2023_260728_1305,135,1785258792.2674491,22065.471724271774,0.04100219905376434,0.04071188345551491,0.08809752194417847,0.08831264273987877,24.724304292466904,25.855271996392144,0.4965765775574578,0.4966857735315959,48227.590144
Wang_2023_260728_1305,136,1785258951.4247909,22224.629065990448,0.04126877710223198,0.04082594811916351,0.0860834809144338,0.08617290380928251,25.074828991360135,25.71658457438151,0.5029377298884922,0.5053082823753356,49762.668544
Wang_2023_260728_1305,137,1785259101.2693639,22374.473639011383,0.04124308004975319,0.0409514456987381,0.08383502354224523,0.08381821230053901,25.269677505493163,26.34559442308214,0.5131029232343038,0.5139735432465872,47668.342784
Wang_2023_260728_1305,138,1785259254.1038394,22527.308114528656,0.040913231670856476,0.04064464196562767,0.08945561944610543,0.08949534881446097,24.62341636657715,25.815271801418728,0.4858895342217551,0.48745265742142996,47889.69472
Wang_2023_260728_1305,139,1785259426.4751813,22699.679456472397,0.04232902452349663,0.041777923703193665,0.08579075776868396,0.08561498487989108,25.068180423312718,25.784343202379016,0.5055413537555271,0.5087843602895736,49890.742272
Wang_2023_260728_1305,140,1785259586.1596758,22859.36395096779,0.04629487916827202,0.04561738297343254,0.08829769276910358,0.08903406576977836,25.065428212483724,25.28239836798774,0.48988716416888767,0.4901961204740736,49961.18528
Wang_2023_260728_1305,141,1785259745.0326385,23018.23691368103,0.04288339987397194,0.04232637584209442,0.08743544298741553,0.08773206510477596,25.009590394761826,25.379983562893337,0.49782593038347034,0.4986241128709581,50117.320704
Wang_2023_260728_1305,142,1785259896.8785198,23170.08279490471,0.040998995304107666,0.040652789175510406,0.08299797116054429,0.08271949554483096,25.330203976101345,26.311564195421006,0.5190059081713359,0.5227300886313121,48341.782528
Wang_2023_260728_1305,143,1785260054.0263789,23327.230654001236,0.041702643036842346,0.04124601185321808,0.08511504711376296,0.08483163833618164,25.14161467658149,25.917065794203015,0.5071435278654098,0.5086879103713565,49826.062336
Wang_2023_260728_1305,144,1785260213.2141652,23486.41844034195,0.04268788546323776,0.042084671556949615,0.08596351911624273,0.08595023628738191,25.0516746351454,25.671576478746204,0.5024051109949748,0.5040362339549594,50238.722048
Wang_2023_260728_1305,145,1785260372.8877141,23646.091989278793,0.04299146682024002,0.04242435097694397,0.08728019224272834,0.08725004110071394,25.073220104641386,25.393200539482965,0.4989023229148653,0.5009851092762417,49961.869312
Wang_2023_260728_1305,146,1785260527.654898,23800.859173059464,0.04025738686323166,0.040027376264333725,0.0868038006292449,0.08671370060079628,24.983639890882703,26.142576082017687,0.5031748531924354,0.5043180706765916,47679.311872
Wang_2023_260728_1305,147,1785260685.2102628,23958.414537906647,0.04295499250292778,0.042414795607328415,0.08962643485930231,0.08938518486089177,24.745326292249892,25.38954771253798,0.4829870036575529,0.48678406874338787,49919.811584
Wang_2023_260728_1305,148,1785260839.8379123,24113.042187452316,0.04090246930718422,0.04061305895447731,0.08364077634281582,0.08362388485007816,25.222272974650064,26.300999552408854,0.5200240210029814,0.5209832490815056,48382.124032
Wang_2023_260728_1305,149,1785261001.3002186,24274.50449371338,0.04132350906729698,0.041050296276807785,0.08838815164234903,0.08828109495341778,24.784291873508028,25.898880123562282,0.49397221763928734,0.4956936610407299,48087.87968
Wang_2023_260728_1305,150,1785261158.1577275,24431.36200261116,0.041821084916591644,0.04137219488620758,0.08726673217283355,0.08730062949988578,24.87116738213433,25.553296195136177,0.4968133733007643,0.5001293147272534,49912.930304
Wang_2023_260728_1305,151,1785261320.8240712,24594.028346300125,0.044035617262125015,0.04340999200940132,0.08690465662214492,0.08674907341599464,24.948069890340168,25.64454618665907,0.49879591041141086,0.5010058547390832,49986.985984
Wang_2023_260728_1305,152,1785261474.0856287,24747.289903879166,0.041201356798410416,0.041176993399858475,0.0896388491988182,0.0897447943687439,24.654934014214408,25.9638306511773,0.48498297135035195,0.48641869843006136,47263.281152
Wang_2023_260728_1305,153,1785261638.2421398,24911.44641494751,0.04207301139831543,0.041565489023923874,0.08623031094670296,0.08586588109532992,25.133953509860568,25.556758744981554,0.49987973385386997,0.5033671760559082,50449.965056
Wang_2023_260728_1305,154,1785261800.3077693,25073.51204442978,0.0408901609480381,0.04040605574846268,0.08443018994397587,0.084368660201629,25.246863640679255,25.824821718004014,0.5133629009458753,0.5137796228461795,50436.337664
Wang_2023_260728_1305,155,1785261959.1877124,25232.39198756218,0.043185822665691376,0.04258568957448006,0.08810657800899611,0.08802597026030222,25.01728340148926,25.346814363267686,0.4903775358200073,0.49444513029522363,50094.104576
Wang_2023_260728_1305,156,1785262119.8248904,25393.029165506363,0.040046073496341705,0.03959579020738602,0.08908560449878375,0.0891800625456704,24.79046770731608,25.504326044718425,0.48929889738559723,0.4918302375078201,49465.245696
Wang_2023_260728_1305,157,1785262277.6650627,25550.869337797165,0.041904278099536896,0.041403062641620636,0.08872253321939044,0.08890145909455087,24.699624845716688,25.581997112698026,0.49049780918492214,0.492038385603163,49377.15712
Wang_2023_260728_1305,158,1785262434.9636068,25708.167881965637,0.04261057451367378,0.04218614846467972,0.08623973904384508,0.08613462890187899,25.053113632202148,25.782331670125327,0.5066905173990461,0.507232145137257,49387.68384
Wang_2023_260728_1305,159,1785262604.8776991,25878.08197426796,0.043478332459926605,0.04288282245397568,0.08850970536470414,0.08870791317688094,24.842850460476345,25.385390260484485,0.4906398961941401,0.4910849722226461,50445.094912
Wang_2023_260728_1305,160,1785262762.7845378,26035.98881292343,0.04250923544168472,0.04202239215373993,0.08476372879412439,0.08440655633807183,25.104484922620987,25.887281409369574,0.5113925611310535,0.5139772978093889,49998.266368
Wang_2023_260728_1305,161,1785262913.3281884,26186.532463550568,0.03998115658760071,0.039679575711488724,0.08728288546204567,0.08736277242501576,24.77186973571777,25.975905939737956,0.49763236780961356,0.499679081969791,47904.333824
Wang_2023_260728_1305,162,1785263071.8791447,26345.083419799805,0.04119328409433365,0.040739577263593674,0.0850902944140964,0.08493922202123536,25.168501239352757,25.901058985392254,0.5084551025099224,0.5108215258518854,49713.54112
Wang_2023_260728_1305,163,1785263227.436703,26500.640978097916,0.043657951056957245,0.043055661022663116,0.08532015076941914,0.08507936184604963,25.268880954318576,25.713629921807183,0.5046302008628846,0.5095893163151212,50317.0048
Wang_2023_260728_1305,164,1785263379.8972456,26653.10152077675,0.03928237408399582,0.03920549899339676,0.08526774349311987,0.08506381178895632,25.111111670600042,26.238086658053927,0.5083420664072037,0.5116436096694734,47573.266432
Wang_2023_260728_1305,165,1785263540.8557453,26814.060020446777,0.040394362062215805,0.039941657334566116,0.08511035692360666,0.08504536855551932,25.29962709214952,25.903848003811305,0.5066169338093863,0.5090193026595645,49368.469504
Wang_2023_260728_1305,166,1785263697.2431805,26970.447455644608,0.04111010953783989,0.040715306997299194,0.0886743667225043,0.08845465482936965,24.795716603597004,25.514769066704645,0.49152116616566977,0.49382451123661464,49087.664128
Wang_2023_260728_1305,167,1785263857.905521,27131.10979604721,0.043223097920417786,0.042626962065696716,0.08629180724422136,0.08638858041829534,25.13679817199707,25.48198058234321,0.5039479419257906,0.5066949416531457,50395.29984
Wang_2023_260728_1305,168,1785264015.2838142,27288.488089323044,0.041755422949790955,0.04114658385515213,0.08625072174602084,0.08599150495396721,25.143146158854165,25.532137637668185,0.5044107886155447,0.5092834487888548,50481.676288
Wang_2023_260728_1305,169,1785264178.4777308,27451.682005882263,0.04022287204861641,0.039846986532211304,0.08478553161025047,0.08450442261166043,25.110826043023003,26.132581083509656,0.5096689069933361,0.5113214123249054,48812.273664
Wang_2023_260728_1305,170,1785264335.749555,27608.953830242157,0.040978699922561646,0.04048968851566315,0.08960598463813464,0.08976227412621181,24.688453131781685,25.37035050286187,0.4848654545678033,0.48652999844816,49715.228672
Wang_2023_260728_1305,171,1785264488.8379889,27762.04226398468,0.0388794019818306,0.03881261125206947,0.0868141373909182,0.0868580040666792,24.950450202094185,26.17879319085015,0.49982445067829556,0.49979480975204044,47641.718784
Wang_2023_260728_1305,172,1785264640.6305335,27913.834808588028,0.039908818900585175,0.03980819135904312,0.0879109821220239,0.08806989679733912,24.905530480278863,26.101623077392578,0.4972564243608051,0.49764856881565517,47651.713024
Wang_2023_260728_1305,173,1785264794.1209726,28067.325247764587,0.03946046158671379,0.0392908900976181,0.08802561084429424,0.08793066109220186,24.762035649617513,26.09101941426595,0.4946900669733683,0.4951675824986564,47841.521664
Wang_2023_260728_1305,174,1785264953.5405717,28226.74484682083,0.04389068856835365,0.04324650391936302,0.08467676833271981,0.08451799150970248,25.353042856852213,25.661914054022894,0.5102987547053232,0.5133685162332323,50676.752384
Wang_2023_260728_1305,175,1785265110.1338124,28383.338087558746,0.04075981676578522,0.04032137244939804,0.08569277407394515,0.08553527426388528,25.001830478244358,25.724649200439455,0.5039901562531789,0.5080537793371412,50174.922752
Wang_2023_260728_1305,176,1785265262.3078387,28535.512113809586,0.04109247028827667,0.04065553471446037,0.08598340423570738,0.08589775554007954,25.117392739189995,25.9657894982232,0.5048469748761919,0.5063472028573354,49009.23392
Wang_2023_260728_1305,177,1785265416.9178655,28690.12214064598,0.0404142327606678,0.040357932448387146,0.08986500600145923,0.09003652980758084,24.584393641153973,25.873825598822698,0.4888835606310103,0.4902786702579922,47573.950464
Wang_2023_260728_1305,178,1785265578.9199216,28852.124196767807,0.0423794649541378,0.04178621247410774,0.08869444936513901,0.08857588552766377,24.82219071282281,25.37857413397895,0.49157079855600994,0.49383327232466806,50875.232256
Wang_2023_260728_1305,179,1785265750.923696,29024.127971172333,0.040337931364774704,0.03989039361476898,0.0874764165116681,0.08736253488394949,24.943286700778536,25.554765006171333,0.4935473989115821,0.4962842469745212,50350.997504
Wang_2023_260728_1305,180,1785265914.2962244,29187.500499486923,0.04100099205970764,0.040421415120363235,0.08696813522113694,0.08680736242069138,24.994557842678493,25.488770616319446,0.5017243584659364,0.5041295569472842,50737.238016
Wang_2023_260728_1305,181,1785266063.33341,29336.53768515587,0.03961775824427605,0.039415858685970306,0.08899198098315134,0.08905366259316604,24.771197441948786,25.841085391574435,0.4887478192647298,0.48772855944103666,48097.124352
Wang_2023_260728_1305,182,1785266222.2529035,29495.457178592682,0.042040031403303146,0.04148299619555473,0.09071499018205537,0.0907460813721021,24.56799429151747,25.136927015516495,0.479463076988856,0.48415653864542646,50662.334464
Wang_2023_260728_1305,183,1785266369.664227,29642.868502140045,0.03994244709610939,0.039988573640584946,0.08911686405539512,0.08904040034446452,24.804545906914605,26.135928115844727,0.4884755000803206,0.49123616569572026,47537.340416
Wang_2023_260728_1305,184,1785266528.3563437,29801.56061887741,0.04187470301985741,0.041286032646894455,0.08596697068876691,0.08580851975414489,25.0466271548801,25.7522806125217,0.505848785440127,0.5097991749975417,50396.536832
Wang_2023_260728_1305,185,1785266690.9637687,29964.168043851852,0.040809065103530884,0.040232639759778976,0.08718905486994319,0.08734990788830652,25.038694263034397,25.40349769592285,0.4955423651801215,0.49647662931018405,50773.282816
Wang_2023_260728_1305,186,1785266852.1912198,30125.395494937897,0.04283040016889572,0.04221400246024132,0.09080055132508277,0.09081532996561792,24.704492713080512,25.050674896240235,0.4788750057750278,0.48119010594156053,50759.684096
Wang_2023_260728_1305,187,1785267008.7571876,30281.96146273613,0.04099156707525253,0.040614426136016846,0.09023304513759083,0.09040840125746197,24.65869824727376,25.40265264723036,0.4823690262768004,0.4836214941077762,49277.714432
Wang_2023_260728_1305,188,1785267171.4169707,30444.621245861053,0.041197143495082855,0.040776826441287994,0.08674498856067657,0.0868757714662287,25.065057288275824,25.72286095513238,0.5038390425841014,0.5052483914295832,49524.297728
Wang_2023_260728_1305,189,1785267332.335618,30605.53989315033,0.039958491921424866,0.03988718241453171,0.08455583308306006,0.08429698339766926,25.244784791734485,26.510862113104928,0.5153274075190226,0.5165046462085512,47678.222336
Wang_2023_260728_1305,190,1785267493.8488286,30767.05310368538,0.04120242968201637,0.04065399244427681,0.09007899852262603,0.09001104205846787,24.68074203491211,25.24642643398709,0.4810470191637675,0.48263741188579135,50429.66528
Wang_2023_260728_1305,191,1785267657.1978335,30930.40210866928,0.04189370200037956,0.04126613959670067,0.09157263793879085,0.0917631498641438,24.685601518419055,24.93372934129503,0.4740927046537399,0.4764501017994351,50819.575808
Wang_2023_260728_1305,192,1785267815.7776911,31088.981966257095,0.04197590798139572,0.04149828851222992,0.08760945604907142,0.08744145641724269,24.92090900844998,25.667630598280166,0.49496544553173916,0.49869451761245726,49474.830336
Wang_2023_260728_1305,193,1785267971.6268723,31244.831147432327,0.0408431738615036,0.04038067162036896,0.08715177214807934,0.0870085213581721,25.00961447821723,25.808153720431857,0.498483568959766,0.5006237039963405,49034.027008
Wang_2023_260728_1305,194,1785268138.154592,31411.358867168427,0.04263915494084358,0.042050812393426895,0.08697590053081512,0.08700031263960732,25.00626791212294,25.465510618421767,0.499762149254481,0.5028276221619712,50740.412416
Wang_2023_260728_1305,195,1785268299.1702213,31572.37449645996,0.042847272008657455,0.04217272996902466,0.08793177185787095,0.08808117740684085,24.966965272691514,25.42563210381402,0.4914786731534534,0.49284141341845195,50846.072832
Wang_2023_260728_1305,196,1785268461.3995965,31734.60387158394,0.04097488522529602,0.040371254086494446,0.08882944939865006,0.08859199937846926,24.7319556511773,25.367686648898655,0.4897781237628725,0.4930640270974901,50839.904256
Wang_2023_260728_1305,197,1785268617.4363847,31890.640659809113,0.03918665647506714,0.03894622251391411,0.08420209438436561,0.08420994250310791,25.195298326280383,26.20832391526964,0.5143653580877516,0.5136830592155457,48853.56544
Wang_2023_260728_1305,198,1785268780.0981593,32053.302434444427,0.04129725322127342,0.04081230238080025,0.08419822714394994,0.0840891589721044,25.25354697333442,26.07648294236925,0.5096032056543562,0.51274695734183,49833.549824
Wang_2023_260728_1305,199,1785268954.0829394,32227.287214517593,0.03959811478853226,0.03912017121911049,0.08590015601780679,0.0856553887327512,25.150019285413954,25.746202239990236,0.506560713118977,0.508420383532842,50218.971136
Wang_2023_260728_1305,200,1785269108.5028493,32381.707124471664,0.04017827287316322,0.03981802612543106,0.087391543785731,0.08749661091301177,24.928050342135958,25.832257970174155,0.49906060490343307,0.5009513315227296,49039.27808
Wang_2023_260728_1305,201,1785269267.7037604,32540.90803551674,0.04210974648594856,0.04154341295361519,0.08465036104122797,0.08468360958827867,25.20025122748481,25.781581785413955,0.5100229365958108,0.5123000779416826,50658.906112
Wang_2023_260728_1305,202,1785269418.7855844,32691.989859580994,0.039911601692438126,0.03970503434538841,0.08697700037724442,0.08689980197283957,25.021190016004773,26.140934244791666,0.4980567531453239,0.5002138762341606,48581.779456
Wang_2023_260728_1305,203,1785269567.9484909,32841.1527659893,0.03934863954782486,0.03912080079317093,0.0889935862686899,0.08897661922706498,24.743532994588215,25.867056130303276,0.49054045458634693,0.4910895417796241,48414.24896
Wang_2023_260728_1305,204,1785269723.801211,32997.005486249924,0.04256393387913704,0.04196883365511894,0.08479410878486103,0.08464587622218663,25.064526807996963,25.807047500610352,0.5112973014513652,0.5156060803598828,50221.637632
Wang_2023_260728_1305,205,1785269883.1526382,33156.35691332817,0.039603106677532196,0.039232585579156876,0.0877094445294804,0.0877620381448004,24.92078870985243,25.709046936035158,0.49304970370398626,0.49312826289070977,49914.064896
Wang_2023_260728_1305,206,1785270041.3552973,33314.55957245827,0.0399603508412838,0.039470475167036057,0.08662030688590473,0.0862784674929248,25.0333129035102,25.692277874416774,0.49882163650459715,0.5048761508862177,50551.668736
Wang_2023_260728_1305,207,1785270195.9236484,33469.12792348862,0.040269073098897934,0.039842355996370316,0.09097532278961605,0.09117317088776164,24.6804559580485,25.479546237521703,0.4784258599413766,0.47988836023542614,49253.6832
Wang_2023_260728_1305,208,1785270356.210499,33629.41477417946,0.040171604603528976,0.039702724665403366,0.08779644896586736,0.08779301719533072,24.84846211751302,25.69556174384223,0.49291906230979493,0.4947040412823359,50048.401408
Wang_2023_260728_1305,209,1785270514.6652596,33787.86953473091,0.03811541944742203,0.03790132328867912,0.08980942999323209,0.0895155014263259,24.63738511827257,25.800691070556642,0.4842322955528895,0.4855961160527335,48625.606656
Wang_2023_260728_1305,210,1785270666.2067597,33939.411034822464,0.03885955736041069,0.03865979611873627,0.08963507807089223,0.08954221968021658,24.739466942681208,25.68295930650499,0.48391776548491583,0.48488664044274227,48740.663296
Wang_2023_260728_1305,211,1785270821.007924,34094.21219921112,0.04079381376504898,0.040420934557914734,0.08645485702488158,0.08633407632509868,25.001035444471572,26.027026858859593,0.5018322308195962,0.5041006023354001,49212.452864
Wang_2023_260728_1305,212,1785270976.4066973,34249.61097240448,0.03899136558175087,0.038672011345624924,0.08810583831535446,0.08820411500003603,24.786933483547635,25.834765014648436,0.49209427310360804,0.49398322376939985,49260.744704
Wang_2023_260728_1305,213,1785271132.5200503,34405.72432541847,0.039901938289403915,0.03958252817392349,0.08988110257519616,0.08968646696872182,24.73796964009603,25.686709865993922,0.4844922449191411,0.4858300097783407,48953.1392
Wang_2023_260728_1305,214,1785271291.9441621,34565.14843726158,0.03931291028857231,0.03895663470029831,0.08919353471861945,0.08940174536572562,24.72553101433648,25.495308447943792,0.48706892185741,0.4893108743429184,50072.932352
Wang_2023_260728_1305,215,1785271453.5816352,34726.785910367966,0.04276851564645767,0.04213549196720123,0.08609064519405366,0.08586041000154283,25.176089918348524,25.526845024956597,0.5040140239397685,0.5077372552288903,51023.417344
Wang_2023_260728_1305,216,1785271614.9648435,34888.16911864281,0.04053220525383949,0.040035493671894073,0.08864878497189946,0.08853372446364827,24.855827043321398,25.313667339748807,0.4877402985758252,0.4910801894134945,51438.157824
Wang_2023_260728_1305,217,1785271772.284876,35045.489151239395,0.03959301859140396,0.039222199469804764,0.08924001869228151,0.08923337890042199,24.6887865363227,25.439554977416993,0.48868835469086963,0.4910665365722444,50374.045696
Wang_2023_260728_1305,218,1785271931.7443228,35204.94859790802,0.042100854218006134,0.04148273169994354,0.09002718860904375,0.09000226626793544,24.702935223049586,25.266415150960288,0.4828482959005568,0.4855793929100037,50906.836992
Wang_2023_260728_1305,219,1785272104.4328277,35377.63710284233,0.041162896901369095,0.04065652936697006,0.08700839814212587,0.08671863180067804,24.973485429551868,25.52479522705078,0.5006097797552744,0.5032636608017815,50969.882624
Wang_2023_260728_1305,220,1785272261.8777874,35535.082062482834,0.041492342948913574,0.04112304374575615,0.08710243077741729,0.08707729185620944,24.923935640123155,25.73599547492133,0.4981229590707355,0.5005099077357186,49813.090304
Wang_2023_260728_1305,221,1785272423.0546193,35696.25889444351,0.03950275108218193,0.038999054580926895,0.08589479959673352,0.08543874737289217,25.061823026869032,25.767856691148545,0.5032602274417877,0.5079488076104058,50909.63456
Wang_2023_260728_1305,222,1785272578.665007,35851.869282245636,0.039314452558755875,0.03928053006529808,0.0876380704012182,0.08751624811854627,24.831399841308595,26.109077351888022,0.4950272430976232,0.4973950617843204,48346.140672
Wang_2023_260728_1305,223,1785272735.3302493,36008.534524440765,0.03975493833422661,0.03940800204873085,0.08817183698217074,0.08793493056462871,24.873144777086047,25.920724334716798,0.4935434470574061,0.49615312463707395,49301.62688
Wang_2023_260728_1305,224,1785272891.1652837,36164.36955881119,0.038377515971660614,0.03808789327740669,0.08693255447679096,0.08678498042954338,24.958483335706923,25.945257831149632,0.497831863032447,0.5000023292832905,49051.553792
Wang_2023_260728_1305,225,1785273043.4498239,36316.65409898758,0.03845781460404396,0.038420021533966064,0.09236192896962166,0.09245441407793098,24.44427764892578,25.55262724134657,0.47097755975193445,0.4732461976342731,48419.344384
Wang_2023_260728_1305,226,1785273198.929649,36472.133924245834,0.04206806421279907,0.04159758985042572,0.09007975106438001,0.09029111532701387,24.630905041164823,25.470103200276693,0.4840694265233146,0.4862056310309304,50289.799168
Wang_2023_260728_1305,227,1785273359.2450054,36632.44928050041,0.03924724459648132,0.03881622478365898,0.0869104579091072,0.0869293863243527,24.98301032172309,25.730822508070204,0.5011454139153163,0.5026694120963414,50353.098752
Wang_2023_260728_1305,228,1785273517.549954,36790.754229068756,0.040429309010505676,0.0399005264043808,0.08835775446560648,0.08806899436646037,24.808363257514106,25.359759487575953,0.4925361764431,0.4946173678504096,51288.989696
Wang_2023_260728_1305,229,1785273683.3308177,36956.53509283066,0.041908636689186096,0.04142837971448898,0.08845490018526712,0.08807157276405228,24.772383465237088,25.689190487331814,0.4896713638305664,0.49505003942383663,49937.600512
Wang_2023_260728_1305,230,1785273847.017639,37120.22191405296,0.04088687151670456,0.04036374390125275,0.08938289165496827,0.08917433839705255,24.90193026224772,25.22304017808702,0.48481571753819785,0.4898335597250197,51433.160704
Wang_2023_260728_1305,231,1785274012.047861,37285.25213623047,0.041633863002061844,0.04098908230662346,0.0871140673591031,0.08701785037914912,25.03974638197157,25.511799189249675,0.4976500361495548,0.5007945023642646,51448.692736
Wang_2023_260728_1305,232,1785274169.4386535,37442.64292860031,0.04247808828949928,0.04184146970510483,0.09035604824622472,0.09028902134961551,24.720787802802192,25.179471198187933,0.48031431906753114,0.48260189639197454,51217.784832
Wang_2023_260728_1305,233,1785274330.8867722,37604.09104728699,0.04224928095936775,0.04159988462924957,0.0886613150437673,0.0886706346935696,24.960833426581488,25.229736116197373,0.48920372664928435,0.4922396296925015,51455.42656
Wang_2023_260728_1305,234,1785274485.3427057,37758.54698085785,0.03946872800588608,0.03951220214366913,0.09120326888230113,0.09092284937699636,24.47910036722819,25.816645940144856,0.4759551235702303,0.4783760986063215,48295.91552
Wang_2023_260728_1305,235,1785274649.4407945,37922.64506959915,0.04101939871907234,0.04048803448677063,0.08890980753633711,0.08885155856609345,24.818463592529298,25.331644490559896,0.488628081480662,0.4898156589931912,51459.121152
Wang_2023_260728_1305,236,1785274802.4769335,38075.681208610535,0.04106730967760086,0.040632277727127075,0.08815634318523936,0.08803995298014747,24.894972457885743,25.690732294718426,0.493240249686771,0.4952148311667972,49856.724992
Wang_2023_260728_1305,237,1785274960.202571,38233.40684604645,0.03800097480416298,0.03773436322808266,0.09022447514865134,0.09011772245168687,24.693425877889,25.618307444254558,0.4802942387925254,0.4834106238020791,49715.986432
Wang_2023_260728_1305,238,1785275118.774163,38391.97843813896,0.040308501571416855,0.0397907979786396,0.08827312722802162,0.08814906520975961,24.773855675591363,25.441607199774847,0.49419648852613235,0.49766662226782904,51021.000704
Wang_2023_260728_1305,239,1785275283.778884,38556.98315906525,0.03891504555940628,0.03859034180641174,0.08725099191069603,0.08702505202756988,24.942249162462023,25.86795044793023,0.4972127011749479,0.497320816649331,49736.159232
Wang_2023_260728_1305,240,1785275438.7955372,38711.99981236458,0.03953477740287781,0.039409246295690536,0.0882956144379245,0.08807662000258763,24.78495457119412,25.94328575981988,0.4915760872761408,0.49633490681648257,48849.641472
Wang_2023_260728_1305,241,1785275612.9319363,38886.136211395264,0.04248596727848053,0.041811197996139526,0.08834293771121238,0.08850149927867783,24.94843460083008,25.27697272406684,0.49066452066103616,0.49148097700542875,51374.514176
Wang_2023_260728_1305,242,1785275776.8489006,39050.05317568779,0.03984304890036583,0.03934969753026962,0.08777757176094585,0.08758836267722978,24.885596321953667,25.431445702446833,0.49374436497688295,0.4970787375503116,51427.762176
Wang_2023_260728_1305,243,1785275932.6806977,39205.884972810745,0.03954468294978142,0.03935219347476959,0.08702997955183188,0.08678144233922164,24.892525041368273,26.071273549397787,0.4992828643984265,0.5034898468520906,48858.468352
Wang_2023_260728_1305,244,1785276086.9805093,39360.184784412384,0.039694178849458694,0.03955436125397682,0.08854761398500867,0.0883943307151397,24.71871394687229,25.99885091993544,0.49145636247264013,0.49414345330662196,48757.854208
Wang_2023_260728_1305,245,1785276248.3676214,39521.57189655304,0.0420367531478405,0.041445910930633545,0.08704915275176366,0.08694567579362128,25.019840325249564,25.33778946770562,0.5001831616295709,0.5031944337156083,51594.145792
Wang_2023_260728_1305,246,1785276405.069317,39678.27359223366,0.03896847367286682,0.03867436572909355,0.08453608526123894,0.08429926738142968,25.174225964016383,26.221161142985025,0.5121692745553122,0.5152570194005966,49510.125568
Wang_2023_260728_1305,247,1785276557.4405549,39830.64482998848,0.03941845893859863,0.039130888879299164,0.09097727397249805,0.0909738104707665,24.641620390150283,25.62723631117079,0.4782391725646125,0.48073157913155024,49160.839168
Wang_2023_260728_1305,248,1785276718.9871671,39992.191442251205,0.04100113362073898,0.040419239550828934,0.08559170203076469,0.0855482319659657,25.179300520155167,25.693313234117294,0.5067411843935649,0.5094259564081828,51552.411648
Wang_2023_260728_1305,249,1785276874.8488016,40148.05307674408,0.038855068385601044,0.03868323192000389,0.08970718425181178,0.08963242774208387,24.74492687649197,25.806241472032337,0.4894415197769801,0.49039112521542444,48989.917184
Wang_2023_260728_1305,250,1785277031.4211743,40304.62544941902,0.041411664336919785,0.0409158356487751,0.08831130617194706,0.08831590339541436,24.784587037828235,25.594544304741753,0.4937572050756878,0.4939663541316986,50668.908544
Wang_2023_260728_1305,251,1785277188.2360277,40461.440302848816,0.04378616809844971,0.043164096772670746,0.08695771243837144,0.08693016449610393,25.071206648084853,25.460654991997615,0.5008973250786464,0.5028299604521858,51354.2144
Wang_2023_260728_1305,252,1785277347.1910095,40620.39528465271,0.04080912843346596,0.04027140885591507,0.08840859633353021,0.08832174494862556,24.872882037692598,25.4403818681505,0.4920126702388128,0.49378064923816256,51155.84512
Wang_2023_260728_1305,253,1785277499.531924,40772.73619914055,0.0393524244427681,0.039144668728113174,0.0866115220884482,0.08658608126143615,24.87959955851237,26.14023720635308,0.5027132470740212,0.5068566662073135,49217.00352
Wang_2023_260728_1305,254,1785277651.6311388,40924.8354139328,0.03910648077726364,0.03887249901890755,0.08588053806788391,0.08582673891550965,25.035366321139865,26.14192439609104,0.5087897776232826,0.51157024761041,49241.751552
Wang_2023_260728_1305,255,1785277805.452899,41078.65717411041,0.04001226648688316,0.03970026969909668,0.08785506914059321,0.08780746620562341,24.765196821424695,25.818838772243925,0.4974122159348594,0.4995896966589822,49660.039168
Wang_2023_260728_1305,256,1785277964.5788686,41237.783143758774,0.040155746042728424,0.039652615785598755,0.0860495412018564,0.08597013317876392,25.041329735649956,25.652133712768556,0.5067651298311021,0.5081711863146888,51281.010688
Wang_2023_260728_1305,257,1785278129.7037451,41402.90802025795,0.04410005733370781,0.04345414415001869,0.0892968163225386,0.08926050038801299,24.832402860853406,25.176171129014758,0.4891173760758506,0.49081770062446595,51665.3056
Wang_2023_260728_1305,258,1785278303.8649943,41577.06926941872,0.0396297387778759,0.03942057862877846,0.08823013919095199,0.08817293452719847,24.831968782213,25.93403576321072,0.4945483547449112,0.4959976613521576,49266.409472
Wang_2023_260728_1305,259,1785278484.7579718,41757.96224689484,0.04100697487592697,0.040535956621170044,0.08633141626914342,0.08626949702699979,25.05691252814399,25.747796096801757,0.5020460269186232,0.5025731955634223,51251.535872
Wang_2023_260728_1305,260,1785278646.1386352,41919.342910289764,0.04114638268947601,0.04066000133752823,0.0853936799036132,0.08531978794270091,25.134295501708984,25.747862752278646,0.5105362978908751,0.5127123816145791,51348.7872
Wang_2023_260728_1305,261,1785278804.7094667,42077.91374182701,0.043439559638500214,0.04282967001199722,0.08861577403214242,0.08859556314018037,24.7665874226888,25.414110912746853,0.4914937894874149,0.49431861374113295,51358.703616
Wang_2023_260728_1305,262,1785278965.783668,42238.987943172455,0.04109472781419754,0.04056984931230545,0.08633133391539256,0.08628083836701181,25.007624613444012,25.69358267042372,0.5032763956652747,0.5048853275510999,51304.493056
Wang_2023_260728_1305,263,1785279116.0496378,42389.25391292572,0.03804069384932518,0.037874311208724976,0.08619595406783952,0.08606592115428713,24.98720881991916,26.124893163045247,0.5075042218632169,0.5074758417076535,49176.137728
Wang_2023_260728_1305,264,1785279267.0699353,42540.27421045303,0.04029221460223198,0.04004324972629547,0.08762826401326392,0.08752786795298259,24.861228247748482,25.85978469848633,0.4987020555469725,0.5020536609490712,49310.375936
Wang_2023_260728_1305,265,1785279432.9597309,42706.1640059948,0.04316779226064682,0.04261643439531326,0.09012161326077249,0.09011526376008988,24.676458672417535,25.204601669311522,0.4822545515166389,0.4845599679152171,51697.184768
Wang_2023_260728_1305,266,1785279588.9796104,42862.18388557434,0.04144381359219551,0.04106902703642845,0.08829512996806038,0.08827659724487198,24.867625732421875,25.646350326538087,0.492048714823193,0.4942070166932212,50292.625408
Wang_2023_260728_1305,267,1785279748.345065,43021.54934024811,0.040696609765291214,0.040307607501745224,0.09010904803872108,0.09008445471525192,24.62983250088162,25.414260025024415,0.48399338450696733,0.4855608230166965,50415.505408
Wang_2023_260728_1305,268,1785279903.0878062,43176.29208135605,0.03869166970252991,0.03848997503519058,0.08836630588604344,0.08830757890310552,24.739661780463326,25.95142633226183,0.49351630588372547,0.4955665885739856,49106.378752
Wang_2023_260728_1305,269,1785280075.5368323,43348.74110746384,0.04078233987092972,0.04020027443766594,0.0890147072242366,0.08899521203504668,24.852683317396377,25.165656950208877,0.49220286144150627,0.49411227093802557,51829.706752
Wang_2023_260728_1305,270,1785280233.5154061,43506.71968126297,0.04401318356394768,0.04331053048372269,0.08929598316550255,0.08930292008651627,24.799795786539715,25.188764512803818,0.48994870093133713,0.49216208630137975,51588.984832
Wang_2023_260728_1305,271,1785280388.8969626,43662.101237773895,0.03907101973891258,0.038767166435718536,0.08906466033723619,0.08903650005658467,24.735831637912327,25.700864673190647,0.49082872403992545,0.4922302332851622,49817.075712
Wang_2023_260728_1305,272,1785280544.823831,43818.028106212616,0.039507895708084106,0.03917597606778145,0.08839157436456946,0.08837531244589222,24.85629833645291,25.767398630777993,0.49240410890844133,0.4932310738828447,49785.503744
Wang_2023_260728_1305,273,1785280705.9545825,43979.158857584,0.042499054223299026,0.04188798367977142,0.08864361877242724,0.0886348633799288,24.929707039727106,25.33811272515191,0.4906402003765106,0.49150869025124444,51564.777472
Wang_2023_260728_1305,274,1785280858.9852865,44132.18956160545,0.03883804380893707,0.03859731927514076,0.08730502636068398,0.08725632817380959,24.990498741997612,25.909531478881835,0.4973155181275474,0.503303538163503,49407.168512
Wang_2023_260728_1305,275,1785281032.1586778,44305.36295294762,0.041715480387210846,0.04132267087697983,0.08772074005670018,0.08768823681606187,24.835856441921656,25.724687966240776,0.49794186148378583,0.49996697664260864,50096.160768
Wang_2023_260728_1305,276,1785281189.4678552,44462.6721303463,0.04123305529356003,0.040693070739507675,0.08636348474356863,0.0862688036594126,25.004790700276693,25.560995508829752,0.5021388396951887,0.5051160106394026,51816.89856
Wang_2023_260728_1305,277,1785281342.1771328,44615.38140797615,0.04027850180864334,0.040153868496418,0.09073140438232156,0.09057844226559003,24.637271092732746,25.794341566297742,0.4783264980051253,0.47972028513749443,48904.994816
Wang_2023_260728_1305,278,1785281500.4845958,44773.68887090683,0.04101918637752533,0.04047888144850731,0.08711247184210354,0.08707152772280904,24.96292557610406,25.51287607828776,0.5000007427401013,0.5028584367699094,51521.2288
Wang_2023_260728_1305,279,1785281655.6626663,44928.86694145203,0.03901548683643341,0.038832712918519974,0.08805960569116804,0.0879871609972583,24.880832934909396,26.000608410305446,0.49700501647260453,0.49841513547632427,49290.887168
Wang_2023_260728_1305,280,1785281816.4685073,45089.67278242111,0.03998121991753578,0.03951919451355934,0.08675256179438696,0.08667168185114861,24.94720797220866,25.598895178900825,0.49997607880168493,0.5023042049672869,51570.864128
Wang_2023_260728_1305,281,1785281965.8797505,45239.084025621414,0.04051284119486809,0.04026791453361511,0.08896419719689422,0.08887842219736841,24.734473978678384,25.789466840955946,0.48972307635678186,0.49053724030653634,50318.163968
Wang_2023_260728_1305,282,1785282126.2225654,45399.42684054375,0.04144785925745964,0.041005514562129974,0.08909087874823146,0.08908868528074688,24.677353608873155,25.569391708374024,0.49269271625412836,0.49359659214814505,51977.56416
Wang_2023_260728_1305,283,1785282278.425163,45551.62943816185,0.03833867982029915,0.03828619047999382,0.08862847180830108,0.08853290054533217,24.712428919474284,26.04290889316135,0.49417923794852364,0.4952393580145306,49886.322688
Wang_2023_260728_1305,284,1785282432.380541,45705.58481621742,0.04031331464648247,0.03997771814465523,0.08982338163587782,0.08982282540864414,24.70258645799425,25.663761181301542,0.48667807824081843,0.4866929144991769,50989.019136
Wang_2023_260728_1305,285,1785282580.6568806,45853.86115574837,0.04011830314993858,0.040178727358579636,0.09280942952467336,0.09268875057498614,24.324806713528105,25.667671356201172,0.4711790430545807,0.4751635495159361,49770.467328
Wang_2023_260728_1305,286,1785282737.3598874,46010.56416249275,0.03915052488446236,0.03876142203807831,0.08810575559735298,0.08801243849926525,24.904871139526367,25.682671898735894,0.4929646747642093,0.49469585716724396,51528.25344
Wang_2023_260728_1305,287,1785282899.20389,46172.408165216446,0.04329722002148628,0.04265368729829788,0.08720903062158161,0.08717706130610572,25.032223002115884,25.364793277316622,0.4996185216638777,0.5005450612968869,53023.813632
Wang_2023_260728_1305,288,1785283056.9791358,46330.18341088295,0.04108276963233948,0.04071344435214996,0.08726159433523814,0.08719112914469507,24.964850497775608,25.813686718410917,0.4981027144855923,0.4997568221224679,51230.404608
Wang_2023_260728_1305,289,1785283228.8479452,46502.05222034454,0.042332086712121964,0.0417228564620018,0.08576412823465135,0.0857506647043758,25.0318214586046,25.73371566772461,0.5087971227036582,0.5097929832670424,52658.966528
Wang_2023_260728_1305,290,1785283382.0372353,46655.241510391235,0.04002213105559349,0.03996482491493225,0.0889901908321513,0.08889297732876407,24.658130628797743,26.073793267144097,0.49312579307291243,0.49457236846288044,49975.652352
Wang_2023_260728_1305,291,1785283563.5896819,46836.79395699501,0.04037149250507355,0.040142837911844254,0.09149319652054044,0.091487658156289,24.612861302693684,25.593354636298287,0.47587132970492046,0.4795417194234,50621.407232
Wang_2023_260728_1305,292,1785283741.2713354,47014.475610494614,0.04072492569684982,0.04038216918706894,0.08842716559767723,0.08834487090508143,24.80971842447917,25.79429441663954,0.4921143969562319,0.49594824194908144,51016.536064
Wang_2023_260728_1305,293,1785283901.4128032,47174.61707830429,0.04068980738520622,0.04036480188369751,0.08867173561619388,0.08858463422291808,24.81186226738824,25.72084433661567,0.4923303320010503,0.4963764664199617,51026.41152
Wang_2023_260728_1305,294,1785284189.5165777,47462.72085285187,0.042265113443136215,0.04173525422811508,0.08754092915190591,0.08749770482381185,24.925348256429036,25.550128072102865,0.49684910827212864,0.498376446167628,52676.902912
Wang_2023_260728_1305,295,1785284398.715803,47671.92007803917,0.04081369936466217,0.040512565523386,0.08846864323649141,0.08836861172484027,24.824618657430012,25.780801357693143,0.49022455288304223,0.49348967327011956,51078.90176
Wang_2023_260728_1305,296,1785284558.444951,47831.64922618866,0.04304907098412514,0.04247935488820076,0.08677701337469948,0.08673373594880104,24.977773013644747,25.53306339687771,0.5002609962887234,0.5029130763477749,53050.720256
Wang_2023_260728_1305,297,1785284719.0527081,47992.25698328018,0.04121953994035721,0.040772031992673874,0.08968710690736771,0.08966740051905314,24.659045266045464,25.49000996907552,0.48545916835467023,0.48662844015492335,51884.40064
Wang_2023_260728_1305,298,1785284871.8865483,48145.09082341194,0.03991026058793068,0.03979459032416344,0.08750323849419753,0.08740793410274718,24.811961856418186,26.127738003200953,0.4982839286989636,0.49892899460262724,50301.804544
Wang_2023_260728_1305,299,1785285033.475624,48306.6798992157,0.04139392077922821,0.04100487008690834,0.08752345255679554,0.08749733860294025,24.84384775797526,25.878183602227104,0.4974471947219637,0.49836340016788905,51160.018944
Wang_2023_260728_1305,300,1785285194.494433,48467.6987080574,0.04336586594581604,0.042830463498830795,0.08671429271499316,0.08670065416230095,25.01377933078342,25.72791261461046,0.5008963567018508,0.5024217089017232,52723.576832
Wang_2023_260728_1305,301,1785285351.8149147,48625.019189834595,0.04374528303742409,0.043157704174518585,0.08792830747034815,0.08791755383213361,24.831028671264647,25.408282843695748,0.4962506087621053,0.49775084522035384,53087.625216
Wang_2023_260728_1305,302,1785285508.3258183,48781.53009343147,0.04306754469871521,0.04254644736647606,0.08864444414774576,0.08865393789278136,24.787585788302952,25.56803755018446,0.49051983257134757,0.4919313981135686,52312.956928
Wang_2023_260728_1305,303,1785285668.0197477,48941.224022865295,0.04326394945383072,0.042611561715602875,0.08966671372453372,0.08966965486605961,24.894090067545573,25.1843992445204,0.48518291248215567,0.48607068247265284,52768.251904
Wang_2023_260728_1305,304,1785285866.5487967,49139.75307178497,0.04169413819909096,0.041208647191524506,0.08913696699672276,0.08912570393747754,24.707792188856338,25.584727461073133,0.4883630202876197,0.49102889094087815,51829.59616
Wang_2023_260728_1305,305,1785286043.965738,49317.170013189316,0.0404098816215992,0.040103815495967865,0.09419604818026225,0.09419234135084682,24.24330525716146,25.17929204305013,0.46263486087322236,0.46234625081221264,51117.850624
Wang_2023_260728_1305,306,1785286201.1535885,49474.35786366463,0.04031044989824295,0.03989241272211075,0.08526888612243864,0.08520363363954755,25.09829608493381,25.953157145182292,0.5107933302720388,0.5108114076322979,52309.106688
Wang_2023_260728_1305,307,1785286352.886853,49626.091128110886,0.04008448123931885,0.03993746265769005,0.09153215487798055,0.09143961058722602,24.57114281548394,25.675464511447483,0.4774830291668574,0.4795941682656606,50233.970688
Wang_2023_260728_1305,308,1785286500.1363697,49773.340644836426,0.03972677141427994,0.03981263190507889,0.09057969806922807,0.09045470274984836,24.666309144761826,25.983848826090494,0.4833316386408276,0.48591832598050433,50030.764032
Wang_2023_260728_1305,309,1785286662.8977315,49936.10200667381,0.03985501453280449,0.039580073207616806,0.09092349250283506,0.09090860369304817,24.577144961886937,25.57859132554796,0.4799733942084842,0.480378042128351,51157.520384
Wang_2023_260728_1305,310,1785286820.195862,50093.40013718605,0.04252777248620987,0.041938602924346924,0.09030893875492943,0.0903202115992705,24.597176513671876,25.143562469482422,0.4846514108445909,0.4856919852892558,53186.404352
Wang_2023_260728_1305,311,1785286974.4212186,50247.62549376488,0.039494916796684265,0.03924194723367691,0.08742844136224853,0.0873545754286978,24.805779537624783,25.835202170477974,0.49688236627313825,0.49924557156032984,50916.806656
Wang_2023_260728_1305,312,1785287131.48241,50404.6866850853,0.03971785679459572,0.03944222629070282,0.08457605749368667,0.08452053248882294,25.165828450520834,26.119391708374025,0.5142633170551724,0.5170152354240417,51214.52032
Wang_2023_260728_1305,313,1785287289.0874565,50562.29173159599,0.04050297662615776,0.04005179926753044,0.0889905875424544,0.08892723932862281,24.853689524332683,25.388891559176976,0.4900903491179148,0.4928955167531967,52749.135872
Wang_2023_260728_1305,314,1785287441.5589633,50714.76323843002,0.03977495804429054,0.03969082608819008,0.09572332099080086,0.0957081491417355,24.14090212504069,25.30692340426975,0.45556037816736433,0.45665112336476643,50169.38496
Wang_2023_260728_1305,315,1785287599.5001793,50872.704454422,0.04177210479974747,0.04128268361091614,0.08723137882020739,0.08715178400278091,24.917348946465385,25.82501400417752,0.4994224664237764,0.5015863494078319,51815.944192
Wang_2023_260728_1305,316,1785287754.6525612,51027.85683631897,0.04091539978981018,0.04042724892497063,0.08912923453582658,0.08910723252428902,24.76153477138943,25.487321870591906,0.48929731355773076,0.48970718973212773,52383.305728
Wang_2023_260728_1305,317,1785287913.3679147,51186.57218980789,0.04268372803926468,0.04208877310156822,0.08736482883493106,0.08725941974255774,25.03909341600206,25.3876860555013,0.49706953121556174,0.5007884576585557,53087.121408
Wang_2023_260728_1305,318,1785288063.4624515,51336.6667265892,0.040006473660469055,0.039630964398384094,0.08876547500491143,0.0887381582127677,24.676360465155707,25.64005091349284,0.49314692735671994,0.4946761978334851,51672.342528
Wang_2023_260728_1305,319,1785288220.763947,51493.968222141266,0.03965242952108383,0.03958214819431305,0.08826378426618046,0.08815135545200772,24.892298829820422,26.05944613986545,0.4932995822032293,0.497019535501798,50246.59456
Wang_2023_260728_1305,320,1785288379.4979377,51652.702212810516,0.040480341762304306,0.03996844217181206,0.08879317081636853,0.08877518218424585,24.857213151719836,25.575092129177516,0.4907507541444566,0.49341472327709196,51956.16256
Wang_2023_260728_1305,321,1785288534.8975506,51808.10182571411,0.04101445525884628,0.040649816393852234,0.08906347120801608,0.08900456095735232,24.793410703870986,25.614095984564887,0.4892010879516602,0.4918089150057899,51537.256448
Wang_2023_260728_1305,322,1785288696.9846175,51970.18889260292,0.043577902019023895,0.042952053248882294,0.08845061581995751,0.0884159231848187,24.89261338127984,25.275983496771918,0.49243850449721016,0.4940114047792223,53351.100416
Wang_2023_260728_1305,323,1785288853.5339139,52126.73818898201,0.04026293009519577,0.03984290733933449,0.08820609354310566,0.0881477486424976,24.84441824171278,25.70382797241211,0.49366154577996996,0.4968884696563085,51569.086464
Wang_2023_260728_1305,324,1785289013.128158,52286.332433223724,0.04246416315436363,0.04186322167515755,0.08449246992667515,0.08445222988724709,25.167929695977104,25.849492730034722,0.5152001405424542,0.5162506353855133,52990.926848
Wang_2023_260728_1305,325,1785289165.700555,52438.90483021736,0.0407382994890213,0.04034688323736191,0.08460343364212249,0.08459462280074756,25.16542089674208,26.115417819552952,0.5136342212888929,0.5145530845721563,51740.962816
Wang_2023_260728_1305,326,1785289319.808557,52593.012832164764,0.03909393772482872,0.03894985094666481,0.08916255163649718,0.08903440641860168,24.669593658447265,25.818550050523545,0.4904165822267532,0.4915315530035231,50571.395072
Wang_2023_260728_1305,327,1785289475.1376925,52748.3419675827,0.03950347378849983,0.03911919519305229,0.08577094477083948,0.08570107493135665,25.062290742662217,26.04895623948839,0.5078278583950466,0.5099595467911826,51616.305152
Wang_2023_260728_1305,328,1785289633.2088706,52906.41314578056,0.04272276908159256,0.04218025133013725,0.08809456307027075,0.08807314530014992,24.883791698879666,25.480237892998588,0.49526286880175274,0.49614311503039465,53050.302464
Wang_2023_260728_1305,329,1785289800.6773953,53073.881670475006,0.0422695018351078,0.04171627014875412,0.08862955631481277,0.08863241114550166,24.803376388549804,25.567338892618814,0.49139831834369235,0.492387510670556,52585.824256
Wang_2023_260728_1305,330,1785289961.0676143,53234.271889448166,0.04136787727475166,0.04091503098607063,0.08672179841332965,0.08667334296637111,24.95043697781033,25.843239890204536,0.5028264113267262,0.504512896405326,52234.477568
Wang_2023_260728_1305,331,1785290117.3006258,53390.50490093231,0.041321009397506714,0.04072287678718567,0.08833011455006069,0.08835906146301163,24.989842698838977,25.315311779446073,0.4943000370926327,0.4943100892172919,53209.346048
Wang_2023_260728_1305,332,1785290276.2115402,53549.41581535339,0.03868903964757919,0.0382983535528183,0.08728482542766465,0.08723493978381157,24.96427686903212,25.75764840867784,0.5000640018781026,0.5006428499354256,52213.755904
Wang_2023_260728_1305,333,1785290436.678754,53709.88302922249,0.04222537577152252,0.04161342605948448,0.08835561152961519,0.08839637431833479,24.805707541571724,25.42976542154948,0.4934283616807726,0.4936838192409939,53596.909568
Wang_2023_260728_1305,334,1785290595.116663,53868.32093811035,0.0414942242205143,0.040935218334198,0.0871846757001347,0.08715033188462257,25.114337649875218,25.423833796183267,0.4978198894527223,0.49997115121947394,53299.208192
Wang_2023_260728_1305,335,1785290748.4880822,54021.69235730171,0.0388316847383976,0.03878883272409439,0.0874406579716338,0.08737797660132249,24.883063642713758,26.168598175048828,0.5062840057081647,0.509834299352434,50360.926208
Wang_2023_260728_1305,336,1785290904.3022738,54177.50654888153,0.042511437088251114,0.04193577170372009,0.08970833655860688,0.08968605380919245,24.689980968899196,25.16248185051812,0.48813431554370457,0.4899201926920149,53251.223552
Wang_2023_260728_1305,337,1785291062.244406,54335.448681116104,0.042494647204875946,0.041900940239429474,0.088013646668858,0.08801593626538913,25.064433314005534,25.40193770514594,0.4912500774198108,0.49095670289463467,53120.765952
Wang_2023_260728_1305,338,1785291217.1623108,54490.366585969925,0.04026201739907265,0.039914488792419434,0.08729025036096573,0.08721588131454255,24.966203723483616,25.82193401760525,0.49910913361443415,0.5020199257135392,53125.111808
Wang_2023_260728_1305,339,1785291388.718111,54661.92238616943,0.043620675802230835,0.042964596301317215,0.08832753151655197,0.08830218392941687,25.032197528415256,25.252111061943904,0.4927500535382165,0.4948453418413798,54790.43072
Wang_2023_260728_1305,340,1785291544.33352,54817.53779506683,0.04074758663773537,0.040395114570856094,0.08934441771772172,0.08935205783281061,24.698728595309788,25.83874065823025,0.4899750954575009,0.4913941917154524,52858.28608
Wang_2023_260728_1305,341,1785291706.2361891,54979.440464258194,0.04247386008501053,0.04187321290373802,0.08786226459675366,0.08784671612911754,24.982732594807942,25.4657159254286,0.4923388604985343,0.49403303133116827,55111.3728
Wang_2023_260728_1305,342,1785291867.5728104,55140.77708554268,0.040269069373607635,0.03980771079659462,0.0858868909213278,0.08576739850971433,25.151909739176432,25.839949815538194,0.5037916059626474,0.5068938688437143,53945.32352
Wang_2023_260728_1305,343,1785292027.8719566,55301.07623171806,0.0408933162689209,0.04033679887652397,0.08464137978023953,0.08454142060544756,25.2838287946913,25.663839518229167,0.5126081583234999,0.514433533085717,55173.095424
Wang_2023_260728_1305,344,1785292181.1376514,55454.34192657471,0.0419473759829998,0.04144163802266121,0.08672654334041807,0.08664025204049217,24.906850831773546,25.714336200290255,0.500769186814626,0.5016279796759288,54412.36992
Wang_2023_260728_1305,345,1785292338.3935714,55611.597846508026,0.04309159889817238,0.04250914976000786,0.0880369823343224,0.08799932337469525,24.870679024590387,25.458581856621635,0.49553481896718343,0.4989688374598821,54716.2112
Wang_2023_260728_1305,346,1785292491.4501512,55764.65442633629,0.039790987968444824,0.03969220817089081,0.08687834101418654,0.08679801592396365,24.966820534600153,26.1829879421658,0.5032236092620426,0.5061919601758321,52213.706752
Wang_2023_260728_1305,347,1785292650.7868114,55923.991086483,0.041966211050748825,0.04138503596186638,0.0881290050347646,0.0880750488407082,24.96905782063802,25.301522318522135,0.49250008477105034,0.494847133954366,55014.039552
Wang_2023_260728_1305,348,1785292804.6011338,56077.80540895462,0.03988438844680786,0.03984500467777252,0.08480781610641215,0.08465019825432035,25.1341335550944,26.450701446533202,0.5102431448962953,0.5136381459898419,52082.221056
Wang_2023_260728_1305,349,1785292968.0678592,56241.27213430405,0.040794916450977325,0.04045988991856575,0.09162775266501638,0.09159088162912263,24.457328626844618,25.44917253282335,0.47608980860975053,0.4777870908710692,53201.924096
Wang_2023_260728_1305,350,1785293122.0148277,56395.2191028595,0.0396241769194603,0.03963183984160423,0.09009524089594682,0.08995339278545644,24.711919386121963,25.883768259684246,0.48582724352677664,0.489463732375039,52146.15552
Wang_2023_260728_1305,351,1785293283.9000797,56557.1043548584,0.04134226217865944,0.04076378792524338,0.09059439326326052,0.090605734768841,24.71506757100423,25.05875124613444,0.48084468179278905,0.482396420372857,55257.788416
Wang_2023_260728_1305,352,1785293438.6058125,56711.81008768082,0.04046158120036125,0.03994501382112503,0.08652040859063466,0.08648839687307676,25.061497980753582,25.722145317925346,0.5031689421335857,0.5053628438048893,54513.651712
Wang_2023_260728_1305,353,1785293597.8363018,56871.040576934814,0.04144233465194702,0.04089967533946037,0.08523177790972922,0.08518727007839415,25.13161144680447,25.88897143046061,0.5120761895842022,0.5125425367885166,54194.290688
Wang_2023_260728_1305,354,1785293750.1270134,57023.331288576126,0.04013700410723686,0.039866939187049866,0.09032538933886422,0.09031533737977346,24.599014943440753,25.609119788275823,0.48212225728564795,0.4853119376632902,52863.34464
Wang_2023_260728_1305,355,1785293910.0926726,57183.29694771767,0.04109548404812813,0.04061807319521904,0.09164926417999797,0.09171429791384274,24.45526813083225,25.237137086656357,0.47698104851775697,0.47795611566967433,54338.490368
Wang_2023_260728_1305,356,1785294061.2248838,57334.42915892601,0.04001409187912941,0.03967220336198807,0.08504421648052003,0.08501685991883277,25.153873036702475,26.035717748006185,0.5112398703893025,0.5128424528572294,53694.533632
Wang_2023_260728_1305,357,1785294222.831363,57496.03563809395,0.04302972927689552,0.042404450476169586,0.0914764482445187,0.09147484014431635,24.629152162339953,24.96490389506022,0.4764505967166689,0.47855735580126446,55364.009984
Wang_2023_260728_1305,358,1785294382.3645742,57655.56884932518,0.04192236065864563,0.04144115000963211,0.08566770023769803,0.08562001693579886,25.016170069376628,25.86826455010308,0.5042648106813431,0.508072824411922,54118.89152
Wang_2023_260728_1305,359,1785294554.4681206,57827.67239570618,0.042386751621961594,0.04179293289780617,0.08771290928125382,0.08763355831305186,24.897119267781576,25.317849316067164,0.4976605651775996,0.5012485178311666,55389.528064
Wang_2023_260728_1305,360,1785294709.8371184,57983.04139351845,0.04081588611006737,0.04049500450491905,0.08939422713385688,0.08934746757149696,24.629273698594837,25.756158565945096,0.48946210185686745,0.4896432423591614,53074.784256
Wang_2023_260728_1305,361,1785294865.2384503,58138.44272542,0.03972692787647247,0.039446841925382614,0.08676648295587963,0.08672030346261131,24.878066626654732,26.067910859849718,0.5009967669513491,0.5009218430519105,53301.878784
Wang_2023_260728_1305,362,1785295019.185343,58292.38961815834,0.03896411135792732,0.03883912414312363,0.08801115007036261,0.08798833423190647,24.879773966471355,26.086863674587672,0.4959052311711841,0.49761277861065334,52587.958272
Wang_2023_260728_1305,363,1785295171.4377394,58444.64201450348,0.03959975019097328,0.03933679684996605,0.08784513358440664,0.08781310656832324,24.810037172105577,25.967370486789278,0.496751872698466,0.4999375022119946,52973.73184
Wang_2023_260728_1305,364,1785295324.0278084,58597.232083559036,0.04036562889814377,0.04022764787077904,0.08896285466849804,0.08891200653380818,24.66587811787923,26.01908578660753,0.4918089712328381,0.4925332830349604,52433.891328
Wang_2023_260728_1305,365,1785295478.9773042,58752.181579351425,0.03915270417928696,0.0389593206346035,0.08982056731979052,0.0897342717481984,24.57167594909668,25.75182139078776,0.48334458543194664,0.4860778037707011,52741.214208
Wang_2023_260728_1305,366,1785295638.3715096,58911.57578468323,0.04095218703150749,0.04038798809051514,0.08730702163444624,0.08722591388556693,25.02142900254991,25.42404119703505,0.49695152488019734,0.5003179307778677,55167.832064
Wang_2023_260728_1305,367,1785295801.3209512,59074.5252263546,0.041875094175338745,0.041289977729320526,0.08678089481261042,0.08672911508215798,25.042617687649198,25.57082391526964,0.4984657455815209,0.500752312872145,55412.764672
Wang_2023_260728_1305,368,1785295950.267262,59223.47153711319,0.04031476378440857,0.040341656655073166,0.08643075796465079,0.08622999457021555,25.00991810268826,26.391126141018336,0.5056390664312574,0.5079895057280859,52221.059072
Wang_2023_260728_1305,369,1785296123.9098709,59397.11414599419,0.04250326752662659,0.04191608354449272,0.0893633612162537,0.08931041010551982,24.816356591118705,25.087092107137043,0.48694333612918855,0.49093053738276166,55482.310656
Wang_2023_260728_1305,370,1785296282.8913581,59556.095633268356,0.043414585292339325,0.04273200407624245,0.0857390556898382,0.08565525747007793,25.216393441094294,25.617085740831165,0.5064798438549042,0.5072549050384098,55359.893504
Wang_2023_260728_1305,371,1785296438.3602905,59711.56456565857,0.040396660566329956,0.04005756229162216,0.09029647544026374,0.0902321248418755,24.63948689778646,25.64051133049859,0.481407246655888,0.48389994389481017,53137.195008
Wang_2023_260728_1305,372,1785296595.7722025,59868.976477622986,0.041794463992118835,0.04133383184671402,0.08952485096123483,0.08948345106508997,24.70505037943522,25.385413623385958,0.48727694484922623,0.49023342702123857,54588.428288
Wang_2023_260728_1305,373,1785296750.929885,60024.13416004181,0.03954380005598068,0.039296310395002365,0.08870264073212941,0.08868728104564878,24.799850090874568,25.81293670654297,0.4940632275078032,0.4962231863207287,53605.056512
Wang_2023_260728_1305,374,1785296901.635366,60174.83964109421,0.04023844748735428,0.040007028728723526,0.09126015758348836,0.09118843243353897,24.45925381978353,25.69331748114692,0.48054140541288587,0.4794633427593443,53085.929472
Wang_2023_260728_1305,375,1785297058.5233803,60331.72765541077,0.04156948998570442,0.04104448854923248,0.08717726697524389,0.08713854879140853,24.982810236612956,25.606367458767362,0.49743434680832754,0.5000760414865282,55179.923456
Wang_2023_260728_1305,376,1785297214.1794422,60487.38371729851,0.04027339816093445,0.039904914796352386,0.08750930067565706,0.08744381126430299,24.883480597601995,25.827195146348743,0.49640080670515696,0.49732854942480725,53903.413248
Wang_2023_260728_1305,377,1785297376.311627,60649.51590204239,0.04180166870355606,0.041240643709897995,0.08976868150962723,0.08976055127051141,24.7136291080051,25.38234664916992,0.4860989614990022,0.48676573236783344,55281.770496
Wang_2023_260728_1305,378,1785297530.2369568,60803.44123196602,0.03961808234453201,0.03944292291998863,0.08702017438080575,0.08698513050874074,25.008226267496745,26.236550852457682,0.5027721813652251,0.506392804980278,52910.133248
Wang_2023_260728_1305,379,1785297693.6936219,60966.89789700508,0.04121978580951691,0.040874969214200974,0.08828838522235552,0.08825542012850443,24.707604573567707,25.86761083814833,0.4950726738903258,0.49477353625827364,53748.097024
Wang_2023_260728_1305,380,1785297851.7985501,61125.00282526016,0.042109210044145584,0.041558440774679184,0.08882812534769376,0.08880568423204951,24.857299601236978,25.40707840813531,0.49292247076829276,0.49392361051506467,55250.010112
Wang_2023_260728_1305,381,1785298017.688099,61290.892374038696,0.0419485978782177,0.04135749116539955,0.09058347293072276,0.0906178812848197,24.55486217074924,25.24924910651313,0.4797486029730903,0.4799441879325443,55648.919552
Wang_2023_260728_1305,382,1785298175.3869007,61448.5911757946,0.04429297149181366,0.04362376779317856,0.09010930019948217,0.09011645169721709,24.700710305107965,25.246894929673935,0.4832995365725623,0.4854567085372077,55526.805504
Wang_2023_260728_1305,383,1785298328.995916,61602.200191020966,0.03794101998209953,0.03778507933020592,0.09324448057346874,0.09317614500721295,24.395613996717664,25.33785636054145,0.4666192917691337,0.4689038734965854,53085.007872
Wang_2023_260728_1305,384,1785298488.04477,61761.24904513359,0.04312233254313469,0.042442839592695236,0.08698693166176479,0.08692733658684625,25.09461506313748,25.466106372409396,0.5016351416375902,0.5015194729963939,55432.187904
Wang_2023_260728_1305,385,1785298645.1574903,61918.361765384674,0.04237430915236473,0.04180451110005379,0.08701600429084566,0.08696925067239338,24.93992139180501,25.58370866563585,0.4985137308968438,0.5015624837080638,55443.243008
Wang_2023_260728_1305,386,1785298797.217924,62070.42219924927,0.04007788002490997,0.03974045068025589,0.08407184689409203,0.08408273343410756,25.216917987399633,26.232053934733074,0.5184477786223094,0.5195656397607591,53816.557568
Wang_2023_260728_1305,387,1785298956.7858407,62229.990115880966,0.03910159692168236,0.03872205689549446,0.0915385909875234,0.09151615816685889,24.553878716362846,25.150940661960178,0.47401280085245767,0.4773611291249593,55442.501632
Wang_2023_260728_1305,388,1785299112.942453,62386.14672803879,0.04046456515789032,0.03996647894382477,0.08755334032906427,0.08754398051235411,24.928936038547093,25.694253658718534,0.49674226257536147,0.4999493233362834,54903.537664
Wang_2023_260728_1305,389,1785299282.2336817,62555.43795681,0.04285731539130211,0.042286466807127,0.08698217348919975,0.08691854685544968,24.98935045030382,25.57734504699707,0.5002952462434769,0.5008859057558908,55458.14016
Wang_2023_260728_1305,390,1785299438.3237991,62711.52807426453,0.04122670739889145,0.04088627174496651,0.0881443452835083,0.08810109204716153,24.820729285346136,25.8651589457194,0.49501707514127097,0.4968853098816342,53879.02976
Wang_2023_260728_1305,391,1785299595.3465688,62868.550843954086,0.040541067719459534,0.04003136605024338,0.08601446825597021,0.08601151625315348,24.985387641059027,25.792453299628363,0.5059997778468662,0.5076633944776323,55340.232704
Wang_2023_260728_1305,392,1785299747.1567028,63020.36097788811,0.04016866162419319,0.039947569370269775,0.08818453282117844,0.08814398083421919,24.75967787000868,25.806213421291776,0.49202968306011624,0.4965747045808368,53417.24672
Wang_2023_260728_1305,393,1785299910.1556745,63183.359949588776,0.040859661996364594,0.04034239426255226,0.09049304253525205,0.090508131765657,24.630494791666667,25.281248796251084,0.4813381826877594,0.48169826289018,55468.883968
Wang_2023_260728_1305,394,1785300068.6039534,63341.80822849274,0.041345298290252686,0.04089503735303879,0.0863420794904232,0.08629100503193007,24.96384011162652,25.784779264662,0.5042284634378221,0.5046626618173388,55040.98304
Wang_2023_260728_1305,395,1785300222.4583437,63495.6626188755,0.03892933577299118,0.03893456235527992,0.08862696355415715,0.08853003232015504,24.709499155680337,26.16053387959798,0.49321066776911415,0.4960489763153924,52776.93952
Wang_2023_260728_1305,396,1785300377.571742,63650.776017189026,0.0422557108104229,0.04160182178020477,0.089651178204351,0.08971535633007685,24.748887481689454,25.232714326646594,0.489609714017974,0.48983721004592046,55646.55616
Wang_2023_260728_1305,397,1785300531.7089293,63804.913204431534,0.040235187858343124,0.04018733650445938,0.09099649493065146,0.09092411680354012,24.49705054389106,25.80366466946072,0.48055339058240254,0.4837857624557283,52746.05568
Wang_2023_260728_1305,398,1785300685.1984553,63958.402730464935,0.040053918957710266,0.039717454463243484,0.09043279695842,0.09040635483132468,24.628867823282878,25.61337878757053,0.4866162110037274,0.4864957070350647,53951.373312
Wang_2023_260728_1305,399,1785300860.3587258,64133.563000917435,0.042512085288763046,0.04193541035056114,0.08866281883584129,0.0886599095000161,24.73795201619466,25.38060858832465,0.4906732616821925,0.492860332859887,55861.579776
Wang_2023_260728_1305,400,1785301020.5645747,64293.7688498497,0.043725382536649704,0.0430944450199604,0.08990886138545143,0.08991234062446488,24.848888770209417,25.20208257039388,0.4838213329845005,0.484364396598604,55967.244288
Wang_2023_260728_1305,401,1785301175.6777105,64448.88198566437,0.039464183151721954,0.0391211174428463,0.08955777393447029,0.08952445502910349,24.702226350572374,25.645294918484158,0.48819883591598934,0.48877295196056364,53946.191872
Wang_2023_260728_1305,402,1785301328.4947107,64601.69898581505,0.03995402902364731,0.039974793791770935,0.08910869790448082,0.0889976286308633,24.67203003777398,26.086846533881292,0.49055859227975207,0.4932642857895957,52830.326784
Wang_2023_260728_1305,403,1785301487.537626,64760.74190115929,0.04283460974693298,0.042269621044397354,0.08808869789044062,0.08806238022115495,24.71299420674642,25.571195839775932,0.49241725517643825,0.4945133791367213,55100.321792
Wang_2023_260728_1305,404,1785301647.6636467,64920.86792182922,0.043578602373600006,0.04291355982422829,0.09037478385700119,0.09040854202376472,24.732091284857855,24.978661321004232,0.48495859702428185,0.48658480988608466,55953.38752
Wang_2023_260728_1305,405,1785301804.6158128,65077.8200879097,0.04343273118138313,0.04282614216208458,0.08627197371588813,0.08622794354955356,25.088131315443253,25.59349907769097,0.504854419959916,0.5065358854664697,55735.504896
Wang_2023_260728_1305,406,1785301959.979608,65233.183883190155,0.03883012384176254,0.03861445188522339,0.09325740781095293,0.09327844316760699,24.346976437038844,25.317363154093425,0.468967229657703,0.46840092433823477,53671.133184
Wang_2023_260728_1305,407,1785302125.4815876,65398.68586277962,0.041930656880140305,0.041356757283210754,0.0887918943994575,0.08877862623996205,24.762532857259114,25.354460898505316,0.491108136706882,0.49300086743301813,55946.358784
Wang_2023_260728_1305,408,1785302277.81465,65551.01892518997,0.040618158876895905,0.04022471606731415,0.08985535984237988,0.08982676469617419,24.77561014811198,25.50003892686632,0.4871427168448766,0.4890491165055169,54387.249152
Wang_2023_260728_1305,409,1785302447.6165886,65720.82086372375,0.04387954622507095,0.043182503432035446,0.08637347653508186,0.08631656934817632,25.19699375576443,25.514433314005533,0.5042618196540408,0.5067257771227095,55697.36704
Wang_2023_260728_1305,410,1785302613.881188,65887.08546304703,0.043914806097745895,0.043270912021398544,0.08776595638857948,0.087744362950325,24.872548734876844,25.4656529490153,0.4991335978772905,0.5004637229442597,55979.630592
Wang_2023_260728_1305,411,1785302765.3085256,66038.51280069351,0.03918108716607094,0.038923997431993484,0.09157707761559221,0.0915112784008185,24.610622821384005,25.58301508585612,0.47332248866558074,0.47559954086939493,53612.613632
Wang_2023_260728_1305,412,1785302925.240124,66198.44439911842,0.04269871488213539,0.04212438687682152,0.08745371480782826,0.08742323074075911,24.87577568054199,25.599810689290365,0.49746569838788773,0.5011735189623303,55087.755264
Wang_2023_260728_1305,413,1785303080.223903,66353.42817807198,0.03912751004099846,0.03875773400068283,0.0893563876218266,0.08934350960784489,24.696498955620658,25.746225162082247,0.48802932441234587,0.489346980187628,54064.787456
Wang_2023_260728_1305,414,1785303244.9026954,66518.10697054863,0.04256659373641014,0.04197670891880989,0.08868105798959731,0.08864349333776368,24.74616827223036,25.317227461073134,0.4926361401875814,0.4954093433751,55956.443136
Wang_2023_260728_1305,415,1785303404.862685,66678.06696009636,0.03982985019683838,0.039412181824445724,0.08972168823083242,0.08972181364893914,24.685243343777127,25.31288205464681,0.4868912623325984,0.4890628072288301,55248.52736
Wang_2023_260728_1305,416,1785303557.9644566,66831.16873168945,0.04101325199007988,0.0408560149371624,0.08864675839742024,0.08855851540135012,24.882739842732747,26.029969787597658,0.49404944426483577,0.49517217179139456,53287.256064
Wang_2023_260728_1305,417,1785303719.1966383,66992.40091347694,0.039527032524347305,0.03912622481584549,0.09050632420513365,0.09050903914703264,24.637901924981012,25.285744857788085,0.48121428026093377,0.48546095252037047,55123.275776
Wang_2023_260728_1305,418,1785303877.133018,67150.33729314804,0.04205131530761719,0.041482169181108475,0.0867277005314827,0.08667905920081669,24.998525246514216,25.605774222479926,0.503013998468717,0.5044404084152646,55773.618176
Wang_2023_260728_1305,419,1785304049.993702,67323.19797706604,0.04170939698815346,0.041146330535411835,0.0881023261613316,0.08805480473571353,24.953284140692816,25.326943952772353,0.49521168291568757,0.49622147626347013,56171.761664
Wang_2023_260728_1305,420,1785304214.6019588,67487.8062338829,0.040322329849004745,0.03980803117156029,0.08848877380291621,0.08845922334326638,24.81504642062717,25.37858748541938,0.4925901753372616,0.4941261027918922,56074.907648
Wang_2023_260728_1305,421,1785304373.6761546,67646.88042974472,0.04244597628712654,0.04186525195837021,0.08789640251133177,0.08782638005084462,24.917621849907768,25.30210423787435,0.49717657751507227,0.49715207907888626,55963.754496
Wang_2023_260728_1305,422,1785304530.200776,67803.40505123138,0.04072001576423645,0.040333881974220276,0.0890387203792731,0.08900765226946937,24.82044832865397,25.723400633070202,0.48990128974119823,0.49360543098714615,54382.22336
Wang_2023_260728_1305,423,1785304688.187969,67961.39224410057,0.04352116957306862,0.04295597970485687,0.08531002927157615,0.08529208383626408,25.01434580485026,25.921181208292644,0.5107679299513499,0.5111613884237077,55104.69632
Wang_2023_260728_1305,424,1785304840.9322267,68114.1365017891,0.04108714684844017,0.04075437784194946,0.0867142651644018,0.08668718331389957,24.944087439643013,25.951825129191082,0.5010420233673519,0.5021551648775736,54208.290816
Wang_2023_260728_1305,425,1785305003.8985903,68277.10286545753,0.040906842797994614,0.04033713415265083,0.08944048441118664,0.08939069065782759,24.77699493408203,25.187440660264755,0.4881843680143356,0.48894024358855354,56235.188224
Wang_2023_260728_1305,426,1785305160.091206,68433.29548120499,0.0410197488963604,0.04057033360004425,0.08741123840212822,0.08738599904709392,24.921774317423502,25.67716228061252,0.4965586204661263,0.4965807793537776,55277.494272
Wang_2023_260728_1305,427,1785305309.7707038,68582.9749789238,0.04087631404399872,0.04093519598245621,0.09086263596183723,0.09074412901368406,24.586482866075304,26.00686447143555,0.4844598776102066,0.48578428473737506,53041.43872
Wang_2023_260728_1305,428,1785305472.3434448,68745.54771995544,0.04194687679409981,0.04131396487355232,0.08735775288608338,0.08724575286110242,24.87914072672526,25.547112655639648,0.4946278760168287,0.49805600060356986,55752.544256
Wang_2023_260728_1305,429,1785305635.6797855,68908.88406062126,0.04141430929303169,0.04089277982711792,0.09041922392116652,0.09044289986292521,24.644587944878474,25.330690477159287,0.4809504633479648,0.48351710398991904,55450.120192
Wang_2023_260728_1305,430,1785305797.7779517,69070.9822268486,0.04422055929899216,0.043585531413555145,0.0883849028746287,0.08834740845693483,24.84199220445421,25.278024385240343,0.49507951292726726,0.4964470487170749,56442.351616
Wang_2023_260728_1305,431,1785305955.8016543,69229.00592947006,0.04298537224531174,0.042271699756383896,0.08813913621836239,0.08810047568546402,24.974753612942166,25.354954528808594,0.4938045640124215,0.4953586200873057,56151.257088
Wang_2023_260728_1305,432,1785306119.377833,69392.58210802078,0.04246530681848526,0.04198683053255081,0.08972215513388315,0.08970346414380603,24.67145837571886,25.277438761393228,0.4880104680856069,0.48950842612319523,55955.193856
Wang_2023_260728_1305,433,1785306282.3163333,69555.52060842514,0.04182564094662666,0.041273634880781174,0.08762185798750984,0.08751450950900713,24.98599163479275,25.349262873331707,0.49547829568386076,0.4990527327855428,56517.398528
Wang_2023_260728_1305,434,1785306443.7568417,69716.96111679077,0.043495066463947296,0.04289352893829346,0.08555825567907757,0.08549340375595622,25.231996765136717,25.627804929945203,0.5066417572233411,0.5089103289445241,56527.282176
Wang_2023_260728_1305,435,1785306603.8366108,69877.0408859253,0.041755832731723785,0.041215747594833374,0.08910031182898416,0.08904524142543475,24.656621899074977,25.349209501478406,0.48920281383726333,0.48908682068188986,56157.147136
Wang_2023_260728_1305,436,1785306759.7527485,70032.9570236206,0.03870930150151253,0.03860277682542801,0.08842228932513131,0.08832971389922831,24.74044206407335,26.0245740169949,0.49303690989812216,0.4948213271962272,53551.43168
Wang_2023_260728_1305,437,1785306916.0736525,70189.2779276371,0.0392601303756237,0.03895175829529762,0.08801609519455168,0.08800495335625277,24.88211311340332,26.003622589111327,0.4965662727753321,0.498125888771481,54501.02784
Wang_2023_260728_1305,438,1785307065.9902427,70339.19451785088,0.04138815030455589,0.04134923592209816,0.08718276091747813,0.087024647725953,24.991327379014756,26.300555504692927,0.49793234335051645,0.5014325419399474,53339.213824
Wang_2023_260728_1305,439,1785307235.0248911,70508.2291662693,0.0406382717192173,0.04016375541687012,0.08945031621389919,0.08937417121397125,24.73624313354492,25.332862548828125,0.4839380563629998,0.48754860752158696,56105.6768
Wang_2023_260728_1305,440,1785307392.318585,70665.5228600502,0.04228179529309273,0.0418132059276104,0.08623365516463916,0.08618406302399105,25.026155014038086,25.805893783569335,0.5048909707201852,0.5071185453070535,55630.917632
Wang_2023_260728_1305,441,1785307554.5707846,70827.77505970001,0.04219972714781761,0.04171797260642052,0.08877986914581723,0.08880665005909072,24.740976333618164,25.399892069498698,0.4897513094213274,0.49138418594996136,56192.45056
Wang_2023_260728_1305,442,1785307711.6211905,70984.82546567917,0.042304154485464096,0.04177064821124077,0.08943391826417711,0.08942451526721319,24.706930728488498,25.38147356669108,0.48635346982214184,0.4886961899863349,55677.11232
Wang_2023_260728_1305,443,1785307868.5854373,71141.78971242905,0.042656201869249344,0.042046934366226196,0.09054304617974493,0.09052748463220066,24.707649417453343,24.993482733832465,0.4840294889609019,0.48536796397633025,56357.523456
Wang_2023_260728_1305,444,1785308021.1929712,71294.39724636078,0.04085876792669296,0.04047990217804909,0.09124291775955094,0.0912812227010727,24.474429143269855,25.454555867513022,0.4806542331642575,0.4800822112957637,54626.131968
Wang_2023_260728_1305,445,1785308173.1161873,71446.32046246529,0.04088911414146423,0.04062850400805473,0.08818712535003821,0.08812682052453359,24.75301761203342,25.913407940334743,0.49565062661965686,0.49733817007806563,54184.189952
Wang_2023_260728_1305,446,1785308326.0451632,71599.24943828583,0.039587609469890594,0.03958268463611603,0.08657256480720309,0.08642534132632944,25.078444637722438,26.341456688774958,0.5010429739289813,0.5043435460329055,53478.25664
Wang_2023_260728_1305,447,1785308484.0739048,71757.27817988396,0.041757732629776,0.0412924587726593,0.09104677907294698,0.09106020289990636,24.601635292900934,25.256416125827364,0.480980139374733,0.482937609023518,55498.73152
Wang_2023_260728_1305,448,1785308637.5696707,71910.77394580841,0.04001462832093239,0.03973791003227234,0.0887523427936766,0.08871658156315486,24.786438632541234,25.818862347073026,0.4924683529800839,0.4936834535996119,54197.51424
