run_id,epoch,timestamp,elapsed_total_sec,train_loss_xy,train_loss_z,val_loss_xy,val_loss_z,psnr_xy,psnr_final,ssim_xy,ssim_final,ram_mb
Wang_2023_260728_1311,0,1785237324.5614045,253.41327476501465,0.10870280861854553,0.0740165263414383,0.07220904039012062,0.06828576068083446,26.406177156236435,27.456206419203017,0.5975369475947486,0.630188430680169,30560.407552
Wang_2023_260728_1311,1,1785237502.6086779,431.4605481624603,0.061699364334344864,0.062150273472070694,0.06126208679543601,0.061328323748376636,27.477157736884223,28.647445738050674,0.6519237519635095,0.6569687173101637,36553.0112
Wang_2023_260728_1311,2,1785237678.8201716,607.6720418930054,0.06342567503452301,0.06370332837104797,0.0639866683466567,0.06386187091469765,27.30251118130154,28.39223154703776,0.6398940173784892,0.6471845815579097,36627.873792
Wang_2023_260728_1311,3,1785237846.4506786,775.3025488853455,0.06184115633368492,0.06226988881826401,0.0607658288296726,0.060917739710874025,27.38432070414225,28.772935180664064,0.6581498789787292,0.6622319436073303,36735.197184
Wang_2023_260728_1311,4,1785238018.548026,947.3998963832855,0.0664210170507431,0.06658811122179031,0.06461070357925362,0.06456843315727182,27.523630879720052,28.02117307027181,0.6342955695258247,0.6404418435361651,36808.552448
Wang_2023_260728_1311,5,1785238191.606327,1120.4581973552704,0.06453681737184525,0.06472393125295639,0.06453016300168302,0.06463988511098756,27.537123243543835,28.16265392727322,0.6383814228905572,0.6397101124127705,36978.987008
Wang_2023_260728_1311,6,1785238364.3114493,1293.1633195877075,0.060670264065265656,0.061001960188150406,0.06234514186779658,0.062499172422620985,27.00213909573025,28.572022086249458,0.6500068354606628,0.6521630692481994,37032.32512
Wang_2023_260728_1311,7,1785238536.3219485,1465.1738188266754,0.06798908859491348,0.0681515783071518,0.06857178961237272,0.06859137078126272,26.820432374742296,27.68438012017144,0.6149674055311415,0.6190095527966817,37129.928704
Wang_2023_260728_1311,8,1785238709.9857082,1638.83757853508,0.06131964921951294,0.061629410833120346,0.060903550701008904,0.06117172128624386,27.06187385559082,28.660096333821613,0.6595902849568261,0.6580807917647892,37294.751744
Wang_2023_260728_1311,9,1785238893.676607,1822.528477191925,0.06280721724033356,0.06278562545776367,0.060709857468803724,0.06055088704658879,28.269708396063912,28.61438591003418,0.6577458696232902,0.6595963275432587,37427.904512
Wang_2023_260728_1311,10,1785239067.4559288,1996.3077991008759,0.06330221146345139,0.06340432912111282,0.062438112513886555,0.06258757194711102,27.71209083557129,28.50853665669759,0.6492484610610538,0.6499570425351461,37567.885312
Wang_2023_260728_1311,11,1785239238.9174378,2167.76930809021,0.06219892203807831,0.06243446469306946,0.06271468444002999,0.06285879455506801,27.183949423895942,28.651368204752604,0.6481536346011691,0.6461508682039049,37536.362496
Wang_2023_260728_1311,12,1785239407.781888,2336.6337583065033,0.06023923680186272,0.06026092916727066,0.058882856832610235,0.05891962873438994,28.34241840786404,28.782782508002388,0.6687133527464337,0.6693003961775038,37559.164928
Wang_2023_260728_1311,13,1785239578.9459426,2507.79781293869,0.0622590146958828,0.062339700758457184,0.062019819128844474,0.0620066351774666,27.586923361884224,28.619119805230035,0.652573357158237,0.6532838202847375,37826.408448
Wang_2023_260728_1311,14,1785239744.2359452,2673.0878155231476,0.06216779351234436,0.06213247776031494,0.060639055031869143,0.06051892545488145,28.24940313551161,28.55128863864475,0.6566864122284783,0.6590425715181563,37740.097536
Wang_2023_260728_1311,15,1785239909.6728747,2838.524744987488,0.06092385575175285,0.06096740812063217,0.06076207703186406,0.06060665347509914,28.169545152452258,28.640129165649412,0.6579610693454743,0.657423961824841,37848.928256
Wang_2023_260728_1311,16,1785240092.9396038,3021.7914741039276,0.05882947891950607,0.05873190239071846,0.05939618086649312,0.05934214198754893,28.321970426771376,28.631222542656793,0.6629968787564172,0.6655375182628631,43684.646912
Wang_2023_260728_1311,17,1785240259.0085466,3187.8604168891907,0.0586991161108017,0.05870741978287697,0.059695565220382475,0.05974591997762521,28.38077698601617,28.943820860120987,0.6622394178973304,0.6636306015650432,43627.061248
Wang_2023_260728_1311,18,1785240433.4548728,3362.306743144989,0.05786052718758583,0.05791158601641655,0.05706114347610209,0.0570978229575687,27.872508833143446,29.43314682006836,0.679918987221188,0.678347073925866,43840.577536
Wang_2023_260728_1311,19,1785240613.9675574,3542.819427728653,0.05968063324689865,0.059850726276636124,0.05868564993970924,0.05871427765323056,27.382938469780814,29.16476632859972,0.6712930509779188,0.6683087869485219,44046.147584
Wang_2023_260728_1311,20,1785240780.8245535,3709.6764237880707,0.0632655993103981,0.06322094053030014,0.06347450652884112,0.06325629468593333,28.04432303534614,28.31427830166287,0.6411600598361757,0.6426810117562612,46104.86272
Wang_2023_260728_1311,21,1785240961.4118042,3890.2636744976044,0.058167263865470886,0.05829348787665367,0.05906460498770078,0.059435286505354776,27.36256192525228,29.09340502421061,0.6676905955208673,0.6651132141219245,46648.823808
Wang_2023_260728_1311,22,1785241148.652071,4077.503941297531,0.058888569474220276,0.058820851147174835,0.056475844317012365,0.0565692667166392,28.622045228746202,29.369773262871636,0.6807012470563253,0.6819850508371988,46776.262656
Wang_2023_260728_1311,23,1785241313.5056798,4242.357550144196,0.05934809520840645,0.05929817259311676,0.05838101863033242,0.058246498331427574,28.103393351236978,29.21059174431695,0.6690654844707913,0.6684438041845957,46843.326464
Wang_2023_260728_1311,24,1785241482.7408383,4411.5927085876465,0.058367449790239334,0.058424562215805054,0.05721086644464069,0.05718342973126306,27.905876651340062,29.464098858303494,0.6756181848049164,0.6747102019521926,47056.572416
Wang_2023_260728_1311,25,1785241645.8849304,4574.736800670624,0.056680239737033844,0.056760724633932114,0.056567379012703894,0.05678883879548974,27.91021213107639,29.435686433580187,0.6808244480027092,0.6789751590622796,47066.935296
Wang_2023_260728_1311,26,1785241819.7837605,4748.635630846024,0.054888203740119934,0.05483196675777435,0.05355762145585484,0.05367454384764036,28.887620968288847,29.866567747328016,0.697619290749232,0.6958840489387512,47137.128448
Wang_2023_260728_1311,27,1785241980.3010995,4909.152969837189,0.0572509765625,0.05724215880036354,0.05752379400862588,0.05748892854485247,28.47915640089247,29.334567184448243,0.6717238654030694,0.6715965729289585,47069.167616
Wang_2023_260728_1311,28,1785242137.0003002,5065.852170467377,0.053424496203660965,0.05344175174832344,0.050998851077424155,0.050963502087526855,28.824079615275064,30.420680431789823,0.7119288945198059,0.7098313958115048,47121.727488
Wang_2023_260728_1311,29,1785242320.4763443,5249.328214645386,0.05881591886281967,0.05878032371401787,0.05911083086497254,0.058944748325480356,27.849102630615235,29.303828650580513,0.6644305574893952,0.6623999157216813,47361.708032
Wang_2023_260728_1311,30,1785242482.7172809,5411.569151163101,0.06035026162862778,0.06031528115272522,0.059688596179087956,0.0597182796895504,28.347914776272244,29.042192306518555,0.6588248938984341,0.657209698094262,47249.293312
Wang_2023_260728_1311,31,1785242658.3557327,5587.207602977753,0.055190786719322205,0.05523466691374779,0.05506858501169417,0.05514124929077095,28.11645787556966,29.747940843370227,0.6870514823330773,0.6851339059405857,47357.550592
Wang_2023_260728_1311,32,1785242824.0758817,5752.927752017975,0.057473622262477875,0.05739612877368927,0.057878560142384634,0.05779558448327912,28.623151982625327,29.350470309787326,0.670144460995992,0.6680400290754106,47358.779392
Wang_2023_260728_1311,33,1785242989.1696224,5918.02149271965,0.055682580918073654,0.05564750358462334,0.05632668773333232,0.05641803812649515,27.986184378729927,29.65625940958659,0.679140297041999,0.6767020319567786,47384.367104
Wang_2023_260728_1311,34,1785243166.8525844,6095.704454660416,0.05582837015390396,0.05566404014825821,0.054604971143934464,0.054420399649275676,28.992195646497937,29.649181891547308,0.6883307147026062,0.6887454597155253,47347.38432
Wang_2023_260728_1311,35,1785243323.885406,6252.737276315689,0.05837882682681084,0.05824209377169609,0.057203460418515734,0.057038669859369596,28.472213694254556,29.334172693888345,0.6732248926162719,0.6723602857854631,47441.207296
Wang_2023_260728_1311,36,1785243485.4128215,6414.264691829681,0.05387314409017563,0.053720708936452866,0.05282042562133736,0.05269479510684808,29.102907401190862,30.07327044169108,0.6979373604721493,0.6981095047791799,47547.113472
Wang_2023_260728_1311,37,1785243648.8639522,6577.715822458267,0.053781162947416306,0.05369650945067406,0.05333441404832734,0.05329051981369654,28.521669150458443,30.156833724975584,0.6964647814962599,0.694251752032174,47825.317888
Wang_2023_260728_1311,38,1785243817.698726,6746.550596237183,0.05812640115618706,0.05798565223813057,0.05754140468107329,0.057529296510749395,28.70657859802246,29.181129820081924,0.6699897992610931,0.6688789139853584,47903.256576
Wang_2023_260728_1311,39,1785243992.379952,6921.231822252274,0.05795307084918022,0.05779567360877991,0.05809272174206045,0.05789602140585581,28.36537555270725,29.364568430582683,0.668174438211653,0.6672213909361098,48021.352448
Wang_2023_260728_1311,40,1785244162.5411513,7091.393021583557,0.05349848046898842,0.05333612486720085,0.05297518161435922,0.05282748425172435,29.052007853190105,30.134937388102212,0.6966944693194496,0.6958188501993815,47990.165504
Wang_2023_260728_1311,41,1785244323.2503772,7252.102247476578,0.05413054674863815,0.053996555507183075,0.053072706758975983,0.052886653823985,28.769381086561413,30.14808974372016,0.6973027326001061,0.6953857066896226,48175.853568
Wang_2023_260728_1311,42,1785244480.9392335,7409.791103839874,0.056428611278533936,0.05616965889930725,0.05685947267545594,0.0566111580365234,29.021324513753257,29.344117050170897,0.6740522872077094,0.6731668101416693,48070.066176
Wang_2023_260728_1311,43,1785244649.300779,7578.152649402618,0.05367368832230568,0.053541090339422226,0.0547638731284274,0.05455164640314049,28.372908130221898,29.895742128160265,0.6863966551091936,0.6846219228373633,48174.874624
Wang_2023_260728_1311,44,1785244800.4737887,7729.325659036636,0.05508559197187424,0.05484583601355553,0.0534099474714862,0.05319665093388822,29.339346466064452,29.893856014675563,0.6941716367668576,0.6929024493694306,47955.431424
Wang_2023_260728_1311,45,1785244958.5535488,7887.405419111252,0.05509668588638306,0.054852280765771866,0.0522289015352726,0.05199061511291398,29.49220482720269,29.833299145168727,0.7030220520496369,0.69992182970047,48099.966976
Wang_2023_260728_1311,46,1785245134.9568696,8063.808739900589,0.054965801537036896,0.054721906781196594,0.055163952716522746,0.054800825988252956,28.893843154907227,29.605313890245224,0.6822909647888608,0.6806704301304287,48265.838592
Wang_2023_260728_1311,47,1785245305.630843,8234.482713222504,0.05221381410956383,0.05203336477279663,0.049859832690821754,0.049750428456399175,29.331442557440862,30.61711101108127,0.7173287154568566,0.713976704676946,48221.53216
Wang_2023_260728_1311,48,1785245475.959313,8404.811183214188,0.05198422446846962,0.05174589902162552,0.05046149700880051,0.05010842946668466,29.346217524210612,30.622384940253365,0.7132478116618263,0.712555673122406,48403.443712
Wang_2023_260728_1311,49,1785245644.1496933,8573.001563549042,0.052772533148527145,0.05267433449625969,0.05249162189662457,0.05238624909685718,28.2526141526964,30.031010343763562,0.7000718269083235,0.69613501879904,55252.619264
Wang_2023_260728_1311,50,1785245814.9602408,8743.812111139297,0.052198462188243866,0.051948320120573044,0.0528990472935968,0.05282595293389426,29.2742064581977,29.834101435343424,0.6983436037434472,0.6955243791474236,55338.655744
Wang_2023_260728_1311,51,1785245970.850205,8899.702075242996,0.05494227632880211,0.054677192121744156,0.053901413604617116,0.05364255199829737,29.08236169603136,29.727400953504773,0.6898838598198361,0.6896670260694292,55138.832384
Wang_2023_260728_1311,52,1785246138.8755643,9067.727434635162,0.05130457505583763,0.05113985762000084,0.050792209895120725,0.05059157443543275,28.95835043165419,30.4339611392551,0.7117004419697656,0.7078151501549614,55257.243648
Wang_2023_260728_1311,53,1785246296.582799,9225.43466925621,0.053592272102832794,0.053300730884075165,0.05235140203601784,0.051973510069979564,29.24999887254503,30.132909740871852,0.7016072979238298,0.699704707066218,55235.66592
Wang_2023_260728_1311,54,1785246461.1718729,9390.023743152618,0.052189670503139496,0.05183637514710426,0.050967816023363005,0.05072859855989615,29.837336688571504,30.099620191786023,0.7094550245338016,0.7069808781147003,55376.347136
Wang_2023_260728_1311,55,1785246617.256926,9546.108796358109,0.04986006021499634,0.04965962469577789,0.04897565150426494,0.048656857088208195,29.30134873284234,30.71925453186035,0.7201534439457787,0.7184456642468771,55370.129408
Wang_2023_260728_1311,56,1785246774.4367557,9703.288625955582,0.04958747327327728,0.04933566972613335,0.048779067653748724,0.04850925240251753,29.395507600572373,30.77612242804633,0.7236909846464793,0.7199779568778144,55366.586368
Wang_2023_260728_1311,57,1785246934.4831574,9863.335027694702,0.05295531079173088,0.052658386528491974,0.0514060418224997,0.05111338743733035,29.326315629747178,30.14999877081977,0.7054065157307519,0.7032637261019813,55401.873408
Wang_2023_260728_1311,58,1785247095.147521,10023.999391317368,0.04985429719090462,0.04980023205280304,0.04915454312331147,0.049137350676788226,28.762733679877385,30.549450064765082,0.7218739370505015,0.7169731975926293,55479.812096
Wang_2023_260728_1311,59,1785247260.0001955,10188.85206580162,0.05264861509203911,0.05232624337077141,0.052243916557894815,0.05195359262327353,29.607042668660483,30.05506004333496,0.7029867284827762,0.6996658847067091,55358.099456
Wang_2023_260728_1311,60,1785247424.0827365,10352.934606790543,0.05038771405816078,0.050025101751089096,0.05065280800064405,0.050352293410234984,29.55261455959744,30.26652236090766,0.7114472488562266,0.7088550351725684,55490.269184
Wang_2023_260728_1311,61,1785247586.539374,10515.391244411469,0.049074266105890274,0.04887399077415466,0.04916536418100198,0.04888313096430567,29.21298358493381,30.86348190307617,0.7220755132039388,0.718578421274821,55523.700736
Wang_2023_260728_1311,62,1785247747.4138105,10676.265680789948,0.050770197063684464,0.050606869161129,0.05051767484181457,0.050345337622695496,28.598939327663846,30.346752090454103,0.7115812088383568,0.7080373467339409,55466.094592
Wang_2023_260728_1311,63,1785247915.816718,10844.668588399887,0.05348627269268036,0.05312377214431763,0.05311786180569066,0.05288963227636284,29.10424149407281,29.85545647515191,0.6962015349335141,0.6952045691013337,55536.050176
Wang_2023_260728_1311,64,1785248089.2437763,11018.095646619797,0.05038221552968025,0.05009642243385315,0.050529418339331944,0.05017296246356434,29.65523518032498,30.271761322021483,0.7132415103912354,0.7103437389267816,55703.412736
Wang_2023_260728_1311,65,1785248252.1948676,11181.046737909317,0.04819732531905174,0.04800423979759216,0.04721505127019352,0.04701042286223835,29.374206754896377,31.049463450113933,0.7324600999885135,0.7286347874005635,55731.474432
Wang_2023_260728_1311,66,1785248410.8117924,11339.663662672043,0.050474412739276886,0.050162166357040405,0.049620795142319464,0.049202614915039806,29.798478605482313,30.457561128404404,0.7199291596147749,0.7178347391552395,55618.789376
Wang_2023_260728_1311,67,1785248579.639848,11508.491718292236,0.04989220201969147,0.04971076920628548,0.05013902639349302,0.04991968602769905,28.796216371324327,30.62563995361328,0.7159539261129167,0.7115949286354912,55646.896128
Wang_2023_260728_1311,68,1785248736.7645729,11665.616443157196,0.0540013425052166,0.053557395935058594,0.05347693377070957,0.05301018169356717,29.260540568033854,29.802392417060005,0.6942187346352471,0.6926736418406169,55765.74976
Wang_2023_260728_1311,69,1785248901.3128827,11830.164752960205,0.0521521158516407,0.05174076557159424,0.05106360832022296,0.05058801948196358,29.857990095350477,30.047601055569118,0.7068629725774129,0.705327666203181,55579.303936
Wang_2023_260728_1311,70,1785249062.2476716,11991.099541902542,0.05013306438922882,0.049784790724515915,0.049029279061489635,0.048632519758409924,29.35186178419325,30.74024658203125,0.7195773630672031,0.7183219740125868,55638.212608
Wang_2023_260728_1311,71,1785249220.025993,12148.877863407135,0.04952282831072807,0.04913192614912987,0.05034824850658576,0.04984642427828577,29.614328994750977,30.44965825398763,0.7131353763739268,0.7114620957109663,55802.109952
Wang_2023_260728_1311,72,1785249378.7813249,12307.63319516182,0.04923419654369354,0.04896523430943489,0.048660249875651464,0.04833130404353142,29.181879908243815,30.737518929375543,0.7248154669337803,0.7219236396418678,55794.249728
Wang_2023_260728_1311,73,1785249539.8296394,12468.6815097332,0.04677470028400421,0.04652465879917145,0.0465725321488248,0.04637094112734,29.49692320081923,31.207789009941948,0.7372635845343272,0.7337097267309824,55772.663808
Wang_2023_260728_1311,74,1785249699.5645964,12628.416466712952,0.05305418372154236,0.05258984863758087,0.052168631595042016,0.051544391132063334,29.495159674750433,30.164758004082575,0.701145934926139,0.7005586767196655,55690.440704
Wang_2023_260728_1311,75,1785249861.4923425,12790.344212770462,0.04933678358793259,0.048978663980960846,0.04853809727562798,0.048184242968757944,29.583915812174478,30.798212280273436,0.7236586887306637,0.7212097758717008,55790.563328
Wang_2023_260728_1311,76,1785250018.878683,12947.730553388596,0.04981842637062073,0.049440838396549225,0.049871530011296274,0.04932877441247304,29.589306276109482,30.51825727674696,0.7149440803792741,0.7135102785958184,55753.560064
Wang_2023_260728_1311,77,1785250178.0184402,13106.870310544968,0.05037253350019455,0.05000286549329758,0.0503969591193729,0.049930766597390173,29.074169396294486,30.65789170159234,0.7141659503512913,0.710817211733924,55710.724096
Wang_2023_260728_1311,78,1785250337.4899468,13266.34181714058,0.05056008696556091,0.050175510346889496,0.04979354449444347,0.04935289640393522,29.442460267808702,30.50551882425944,0.7160786207516988,0.7151988266574012,55780.57728
Wang_2023_260728_1311,79,1785250504.5393474,13433.391217708588,0.05235198512673378,0.05180894583463669,0.05202626701030466,0.051463190267483395,29.63146950615777,29.992880071004233,0.7033045494556427,0.7025931122567919,55667.564544
Wang_2023_260728_1311,80,1785250666.5093987,13595.361268997192,0.0485135093331337,0.04800175130367279,0.04755173453026348,0.04709641028609541,29.933025902642143,30.75613336351183,0.7294560726483663,0.72837001575364,55722.921984
Wang_2023_260728_1311,81,1785250837.3096368,13766.16150712967,0.049459509551525116,0.04903038963675499,0.04828828473058012,0.047740883322225675,30.05749564276801,30.756262351142034,0.7253834858205583,0.7230597305297851,55648.038912
Wang_2023_260728_1311,82,1785251001.301845,13930.153715372086,0.05026516318321228,0.04972398653626442,0.04926529409156905,0.048812426527341204,29.939164793226453,30.465645099216037,0.7192427575588226,0.7183170772923364,55754.313728
Wang_2023_260728_1311,83,1785251165.3296094,14094.18147969246,0.04808340594172478,0.04783758893609047,0.0472068552672863,0.046968129914667874,29.32164126925998,30.95409876505534,0.7320758018228742,0.7277912318706512,55766.91712
Wang_2023_260728_1311,84,1785251332.2501733,14261.102043628693,0.050260722637176514,0.04978102818131447,0.049568885134326085,0.04917085504366292,29.8291748046875,30.42367073059082,0.7188685932424334,0.71769458466106,55849.529344
Wang_2023_260728_1311,85,1785251492.4578068,14421.309677124023,0.04925697296857834,0.048848915845155716,0.04956471967200438,0.04908218916919496,29.212771275838215,30.668606414794922,0.7182903661992814,0.7163164550728268,55817.900032
Wang_2023_260728_1311,86,1785251653.8247435,14582.676613807678,0.048658162355422974,0.04815792664885521,0.048552966738740606,0.048013757715622586,29.917621790568035,30.676790339152017,0.7245448422431946,0.7228903510835436,55816.94976
Wang_2023_260728_1311,87,1785251813.1144738,14741.966344118118,0.04702348634600639,0.046595580875873566,0.04665760074224737,0.0461699590831995,29.952122963799372,31.145193549262153,0.7360841932561663,0.7335163275400798,55803.67872
Wang_2023_260728_1311,88,1785251970.036767,14898.888637304306,0.04715988412499428,0.04680117592215538,0.047007368894086944,0.046653602106703655,29.593928400675455,31.10525648328993,0.7352576565742492,0.7323153873284658,55811.674112
Wang_2023_260728_1311,89,1785252139.082704,15067.934574365616,0.051204830408096313,0.05062386021018028,0.05002923007640574,0.04940570410754946,29.852915903727215,30.39842259724935,0.7160814576678806,0.7141520100169712,55950.094336
Wang_2023_260728_1311,90,1785252299.4646196,15228.316489934921,0.04706772416830063,0.04675666242837906,0.04646619819104671,0.046131917188564936,29.448297263251412,31.041804300944012,0.7378644957807329,0.7342702362272474,55869.100032
Wang_2023_260728_1311,91,1785252459.7302644,15388.582134723663,0.04709669202566147,0.046715524047613144,0.04728928345772955,0.04695457566115591,29.401692140367295,31.072034403483073,0.7340382055441539,0.7314861312177446,55843.090432
Wang_2023_260728_1311,92,1785252628.4883227,15557.340193033218,0.05036402866244316,0.04982597380876541,0.04924407960640059,0.04874331422150135,29.95436890496148,30.15414149814182,0.7216625746091206,0.7192295445336236,55819.399168
Wang_2023_260728_1311,93,1785252791.9527798,15720.804650068283,0.05081569775938988,0.050253432244062424,0.05081488094396061,0.05021163933806949,29.314123696221245,30.388290506998697,0.710851655933592,0.7085168520609538,55913.091072
Wang_2023_260728_1311,94,1785252953.1621685,15882.014038801193,0.049666959792375565,0.04920490086078644,0.04948457870218489,0.04889812478588687,29.584701775444877,30.67736122979058,0.718395430776808,0.7175551626417372,55946.358784
Wang_2023_260728_1311,95,1785253108.3718615,16037.22373175621,0.046774495393037796,0.04631803184747696,0.048285906612873075,0.047712352722883225,30.003725255330405,30.570724478827582,0.7265036363071865,0.7240724011262258,55857.344512
Wang_2023_260728_1311,96,1785253267.2270277,16196.078897953033,0.04545249417424202,0.04509858414530754,0.04430129065281815,0.04392773534688685,29.9934693230523,31.472829055786132,0.7516147238678402,0.7486106306976742,55924.375552
Wang_2023_260728_1311,97,1785253428.0823848,16356.934255123138,0.04975971579551697,0.04915400221943855,0.05018480151063866,0.04954053294327524,29.75670244852702,30.329293162027994,0.714401411347919,0.7128542035155826,55897.972736
Wang_2023_260728_1311,98,1785253588.5039835,16517.355853796005,0.04585235193371773,0.04550876095890999,0.04598147774736087,0.045551121715042324,30.0246716732449,31.218560977511935,0.7412197542190552,0.7389580557081434,55980.015616
Wang_2023_260728_1311,99,1785253758.334253,16687.186123371124,0.04704877734184265,0.04647087678313255,0.04705233781701989,0.04644409971104728,30.3266059451633,30.760793652004665,0.733466420173645,0.7325226284397973,55986.610176
Wang_2023_260728_1311,100,1785253913.1106622,16841.962532520294,0.047746412456035614,0.04724797233939171,0.04766401259435548,0.047178832673364215,30.33694341023763,30.705797958374024,0.7290141276518504,0.7262734455532498,55790.993408
Wang_2023_260728_1311,101,1785254075.3546002,17004.206470489502,0.04636049643158913,0.04608649015426636,0.04558648019201226,0.04530108748210801,29.540617260403103,31.177583355373805,0.7435046029090882,0.739055124786165,55944.331264
Wang_2023_260728_1311,102,1785254232.2067022,17161.058572530746,0.0467437207698822,0.04637327045202255,0.047086415564020476,0.04674537460837099,29.81410252041287,31.041805945502386,0.7343506826294793,0.7300187892383999,55940.722688
Wang_2023_260728_1311,103,1785254391.456696,17320.308566331863,0.04988061636686325,0.04930882528424263,0.048957771443658406,0.04834986437526014,30.010210122002494,30.460000008477106,0.7215176343917846,0.7190883036454518,55972.667392
Wang_2023_260728_1311,104,1785254551.9880216,17480.839891910553,0.04434809461236,0.04409341141581535,0.04443382230069902,0.04420769640141063,29.83565641615126,31.469113642374676,0.750231747759713,0.7452953073713514,56039.112704
Wang_2023_260728_1311,105,1785254711.3507712,17640.20264148712,0.045860596001148224,0.04538915678858757,0.04515777117676205,0.0446978506528669,30.332415076361762,31.333475197686088,0.7452742073271009,0.7430259946982066,56048.992256
Wang_2023_260728_1311,106,1785254871.3035853,17800.155455589294,0.045806337147951126,0.045603252947330475,0.04532552261319425,0.04514357058538331,29.441083001030815,31.163070288764107,0.7451427515347798,0.7404207825660706,56049.33632
Wang_2023_260728_1311,107,1785255031.5848541,17960.436724424362,0.0469692200422287,0.046579763293266296,0.04673046334750122,0.04638535732196437,29.716389490763348,31.124808247884115,0.7356907343864441,0.7324619060092502,55975.088128
Wang_2023_260728_1311,108,1785255191.0669324,18119.91880273819,0.04696536436676979,0.04645765572786331,0.04577963399390379,0.04523269204629792,30.324362564086915,31.22565678914388,0.7417891895771027,0.7401290154457092,55999.553536
Wang_2023_260728_1311,109,1785255364.6597016,18293.511571884155,0.04946920648217201,0.04891035705804825,0.04826571015020212,0.04781176399853494,29.63532501220703,30.686284103393554,0.7261678984430101,0.7251706682311164,56138.272768
Wang_2023_260728_1311,110,1785255525.9407165,18454.792586803436,0.04548752307891846,0.04529711231589317,0.045087716165516115,0.04488513780964745,29.51668463812934,31.296646118164062,0.747789292467965,0.7430306911468506,56081.637376
Wang_2023_260728_1311,111,1785255687.0834463,18615.935316562653,0.04836779460310936,0.047834161669015884,0.04706266726884577,0.04651639991336399,30.01568822224935,30.924694603814018,0.7329642674658033,0.7318811058998108,56090.324992
Wang_2023_260728_1311,112,1785255849.135402,18777.987272262573,0.04568658769130707,0.0454234816133976,0.044180880304839874,0.04395001119209661,29.826707492404513,31.496283026801215,0.7529766538408067,0.7484774086210463,56049.381376
Wang_2023_260728_1311,113,1785256006.5548716,18935.40674185753,0.04618053510785103,0.045701492577791214,0.04523122523393896,0.04474226161009735,29.88009719848633,31.299145431518554,0.7454737142721812,0.7430346344576941,56032.210944
Wang_2023_260728_1311,114,1785256164.610681,19093.462551355362,0.04868306219577789,0.048036862164735794,0.04887142075432671,0.04816329151391983,30.01634405348036,30.538743150499133,0.7225852721267276,0.7225682367218865,56064.466944
Wang_2023_260728_1311,115,1785256319.4375424,19248.289412736893,0.04827301576733589,0.047656819224357605,0.04842476137810283,0.04790500925646888,29.915033281114365,30.473571133083766,0.725079718430837,0.7240513251887427,56027.922432
Wang_2023_260728_1311,116,1785256473.6425948,19402.494465112686,0.04665917530655861,0.046184245496988297,0.046390573763185075,0.04587797682318422,29.92258422003852,31.077614135742188,0.7379416240586175,0.7361907704671224,56076.505088
Wang_2023_260728_1311,117,1785256633.4583583,19562.310228586197,0.046682193875312805,0.046160969883203506,0.04580965338481797,0.045310884142915404,29.92407856411404,31.29195607503255,0.7426033249166277,0.7405693475405375,56062.754816
Wang_2023_260728_1311,118,1785256791.2343671,19720.086237430573,0.04756579548120499,0.04695478081703186,0.047663799731267824,0.047015789763795,30.26338545905219,30.747892820570204,0.7310050948460897,0.7288263976573944,56090.574848
Wang_2023_260728_1311,119,1785256963.7789836,19892.630853891373,0.04628700017929077,0.04572261869907379,0.046201650814877614,0.045558439898822044,30.13537545098199,31.17310306125217,0.7397624451584286,0.7382785656717088,56188.588032
Wang_2023_260728_1311,120,1785257122.172203,20051.02407336235,0.048091303557157516,0.047508545219898224,0.047804140945275624,0.047144602090120315,29.737990968492294,30.989438179863825,0.7301983922057682,0.7286489684051938,56096.043008
Wang_2023_260728_1311,121,1785257283.3328257,20212.18469595909,0.04443996399641037,0.04398493096232414,0.04443637020058102,0.04394162280691995,30.016801901923287,31.48563405354818,0.7501901631885105,0.7478090378973219,56097.787904
Wang_2023_260728_1311,122,1785257442.9278827,20371.779752969742,0.044165514409542084,0.04388672113418579,0.043754851263430386,0.043540046620700094,29.8753815290663,31.54996353149414,0.7554319998953077,0.7511496533287896,56138.498048
Wang_2023_260728_1311,123,1785257595.3993373,20524.251207590103,0.047790396958589554,0.04709317907691002,0.04613446911176046,0.04547107918394937,30.372452045016818,31.03424073961046,0.7399483972125583,0.7383111695448558,56016.560128
Wang_2023_260728_1311,124,1785257750.6705155,20679.522385835648,0.048080701380968094,0.04741073027253151,0.047343522641393875,0.04661607099903954,30.391804784138998,30.69090832180447,0.7309387679894765,0.7309558057785034,56138.764288
Wang_2023_260728_1311,125,1785257908.8443367,20837.69620704651,0.045929472893476486,0.04538138955831528,0.04558347321218915,0.045008301561077435,30.161253306070964,31.301263376871745,0.7456943205992381,0.7427182474401262,56188.940288
Wang_2023_260728_1311,126,1785258068.8027487,20997.6546189785,0.04886621609330177,0.048126786947250366,0.04869605313572619,0.04790159965554873,30.00918268839518,30.473333841959636,0.725635040866004,0.7247038627995385,56174.092288
Wang_2023_260728_1311,127,1785258229.0927873,21157.944657564163,0.046600036323070526,0.045989178121089935,0.04535798375805219,0.044744063491622604,30.345150460137262,31.257209430270724,0.7450274998611874,0.7432195552190145,56226.484224
Wang_2023_260728_1311,128,1785258385.9148695,21314.766739845276,0.04494500532746315,0.044481437653303146,0.04428409482041995,0.04381676527361075,30.3389786529541,31.536698387993706,0.7527750504016876,0.7494938148392571,56131.059712
Wang_2023_260728_1311,129,1785258551.6292133,21480.481083631516,0.04515872895717621,0.04463333636522293,0.044334075045254495,0.04378201878733105,30.428382653130427,31.52590828789605,0.7504510234461891,0.7493620265854729,56241.741824
Wang_2023_260728_1311,130,1785258710.5756207,21639.42749094963,0.04727578163146973,0.04663557559251785,0.04797597150835726,0.047281978072391616,29.78282317267524,30.917571665445962,0.7278603780269622,0.7264504109488593,56264.945664
Wang_2023_260728_1311,131,1785258872.0748415,21800.926711797714,0.04522049054503441,0.04471302777528763,0.04512083749804232,0.04459654136664338,30.07788887871636,31.391601943969725,0.7466068871816,0.7430480170249939,56282.267648
Wang_2023_260728_1311,132,1785259029.816934,21958.66880440712,0.04562412574887276,0.04517281427979469,0.04525018473466237,0.04476608438624276,30.204436348809136,31.421890250311957,0.7471068913406796,0.7433019643359714,56211.337216
Wang_2023_260728_1311,133,1785259187.4907367,22116.34260702133,0.04838129132986069,0.047720447182655334,0.047620804516805545,0.046944906214872996,29.579375,30.9835124291314,0.73233337548044,0.7312700635857052,56224.776192
Wang_2023_260728_1311,134,1785259341.9941978,22270.846068143845,0.04735735058784485,0.046692609786987305,0.04688479575018088,0.04619543596274323,30.45596433851454,30.787705637613932,0.7362477784686619,0.7352547139591641,56234.65984
Wang_2023_260728_1311,135,1785259497.6086435,22426.460513830185,0.04784700646996498,0.04716804251074791,0.046965938284993174,0.046260657981038095,30.513606736924913,30.75735962761773,0.7348834648397233,0.7334819767210219,56237.461504
Wang_2023_260728_1311,136,1785259654.1108532,22582.962723493576,0.0461561344563961,0.04575898125767708,0.046245166973935235,0.04580871870120366,29.60653195699056,31.167069346110026,0.7388876483175489,0.7367897477414873,56292.27008
Wang_2023_260728_1311,137,1785259810.8306913,22739.68256163597,0.04848673194646835,0.04782695695757866,0.04715805555383364,0.04644362126787504,30.204830220540366,30.848755815294055,0.7339862973160214,0.733052300479677,56169.472
Wang_2023_260728_1311,138,1785259969.282308,22898.13417840004,0.04718989506363869,0.04648634418845177,0.04790524620976713,0.047142683847082985,29.811393568250868,30.76102375454373,0.7275077529748281,0.72703614698516,56269.443072
Wang_2023_260728_1311,139,1785260138.8483856,23067.70025587082,0.043765533715486526,0.043405648320913315,0.04336759741107623,0.04303266727262073,30.144292805989583,31.623190036349826,0.7577121130625407,0.7549106046888563,56372.297728
Wang_2023_260728_1311,140,1785260296.5244548,23225.376325130463,0.046023834496736526,0.045422185212373734,0.04507568372620477,0.04441280201905304,30.55427168952094,31.200137117173938,0.7459133801195357,0.7448322338528103,56193.880064
Wang_2023_260728_1311,141,1785260455.1177452,23383.969615459442,0.04488645866513252,0.044368598610162735,0.045252194785409504,0.04472218448089229,30.132729585435655,31.25788128323025,0.7462947449419234,0.7435515960057576,56256.077824
Wang_2023_260728_1311,142,1785260612.6793945,23541.531264781952,0.04733887314796448,0.04657147824764252,0.047414410014947256,0.046581322037511405,30.246802859836155,30.834689526028104,0.7324570471710629,0.7322338626119825,56429.289472
Wang_2023_260728_1311,143,1785260770.1052065,23698.95707678795,0.044645000249147415,0.04404786601662636,0.04457958302564091,0.04394872855809,30.417573013305663,31.34000013563368,0.7494768012894525,0.7481386176745097,56356.876288
Wang_2023_260728_1311,144,1785260930.3878438,23859.23971414566,0.04533641040325165,0.04469122737646103,0.04372270299328698,0.0430839544451899,30.595061442057293,31.611229570176867,0.7552349999215868,0.7539588068591224,56394.952704
Wang_2023_260728_1311,145,1785261089.7782032,24018.630073547363,0.044254522770643234,0.04359491914510727,0.043671780973672865,0.04294550771514575,30.55828857421875,31.635558183458116,0.755910470618142,0.7549124161402384,56410.923008
Wang_2023_260728_1311,146,1785261249.6910863,24178.542956590652,0.04435892775654793,0.0440405011177063,0.04457425038847659,0.04425647517873181,29.781098539564343,31.42623454623752,0.7514898754490746,0.74792478773329,56430.170112
Wang_2023_260728_1311,147,1785261406.211715,24335.063585281372,0.04668201133608818,0.04597087576985359,0.0467716655217939,0.0460344101405806,30.246816211276585,31.043203684488933,0.7368854022026062,0.7363381722238329,56498.102272
Wang_2023_260728_1311,148,1785261565.2324154,24494.084285736084,0.04522931948304176,0.044643666595220566,0.04575945668750339,0.045114607471558786,30.088048333062066,31.20680140177409,0.7432390366660224,0.7412084964911143,56420.470784
Wang_2023_260728_1311,149,1785261734.429288,24663.281158208847,0.04797052592039108,0.047175247222185135,0.04760447260406282,0.04675356316069762,30.073570454915366,30.702148818969725,0.7308729974428813,0.7311868039766948,56444.657664
Wang_2023_260728_1311,150,1785261888.3043342,24817.15620446205,0.04625607654452324,0.045702021569013596,0.04627057145039241,0.04561679141388999,30.42555283440484,31.104135208129883,0.7402502404318916,0.7387704447905222,56346.546176
Wang_2023_260728_1311,151,1785262046.9184525,24975.770322799683,0.048186156898736954,0.047404538840055466,0.04863575511508518,0.04771247998707824,29.847050289577908,30.486333719889323,0.7254610061645508,0.7257510027620527,56319.787008
Wang_2023_260728_1311,152,1785262208.76391,25137.615780353546,0.04370395094156265,0.04310407117009163,0.043513886373904014,0.04284487104250325,30.877238608466254,31.426430316501193,0.7549276206228468,0.7548615831798977,56489.500672
Wang_2023_260728_1311,153,1785262368.7843559,25297.636226177216,0.04559599980711937,0.0449470616877079,0.04484967783921295,0.044196665775444774,30.273261803521052,31.47566133287218,0.7495647381411659,0.7486751177575853,56515.411968
Wang_2023_260728_1311,154,1785262522.363224,25451.215094327927,0.04559604823589325,0.04499087482690811,0.04587703651024236,0.045205113432473604,30.340728285047742,31.121121639675565,0.7419112874401941,0.7407195005151961,56396.4928
Wang_2023_260728_1311,155,1785262682.9678264,25611.81969666481,0.04465945437550545,0.04426669701933861,0.04393237498071459,0.04347378034558561,29.913233829074436,31.580552605523003,0.7549149968889024,0.7516983819007873,56464.71168
Wang_2023_260728_1311,156,1785262838.3826213,25767.234491586685,0.04770461097359657,0.046925969421863556,0.04753483690321445,0.04666882549722989,30.357820731268987,30.66503322177463,0.7320119092199537,0.7319698462221358,56423.129088
Wang_2023_260728_1311,157,1785262998.4496613,25927.30153155327,0.043771445751190186,0.04345181956887245,0.04371558872361978,0.043422163617279796,29.888576414320205,31.59178767734104,0.7564726418919033,0.7518752495447795,56489.271296
Wang_2023_260728_1311,158,1785263154.8723228,26083.72419309616,0.04582114890217781,0.045072995126247406,0.04558780381249057,0.0448693520658546,30.716569324069553,31.143994962904188,0.744188086854087,0.743415674103631,56379.5968
Wang_2023_260728_1311,159,1785263324.36192,26253.213790416718,0.045078180730342865,0.04439551755785942,0.044605870751871,0.043866163219014806,30.728233278062607,31.025315873887802,0.7492509869734446,0.7488303728898367,56675.438592
Wang_2023_260728_1311,160,1785263477.1326377,26405.984508037567,0.04699890315532684,0.046240437775850296,0.04734710799323188,0.04658163822359509,30.249156799316406,30.66833152770996,0.7316043855084313,0.7309587788581848,56391.80288
Wang_2023_260728_1311,161,1785263634.8707194,26563.722589731216,0.044140443205833435,0.043764255940914154,0.04332071512109704,0.04289265315565798,30.193183314005534,31.67892505221897,0.7586092236306933,0.7558312559127808,56636.243968
Wang_2023_260728_1311,162,1785263796.708813,26725.560683250427,0.043692704290151596,0.04321575537323952,0.04309827928741773,0.04266461399694284,30.35458073933919,31.721525226169163,0.7593991409407722,0.7564177146222857,56663.896064
Wang_2023_260728_1311,163,1785263958.1247303,26886.976600646973,0.045090705156326294,0.04451007768511772,0.04594983375734753,0.04529411795238654,30.056827935112846,31.062053519354926,0.740151261223687,0.7394989123609331,56603.635712
Wang_2023_260728_1311,164,1785264115.6560102,27044.507880449295,0.045983679592609406,0.0454002320766449,0.04637174119551977,0.045785852902465396,29.973718744913736,31.003720694647896,0.7385134606891208,0.737210834423701,56508.2112
Wang_2023_260728_1311,165,1785264272.7379844,27201.589854717255,0.0447193942964077,0.0439978688955307,0.044477613245447474,0.04371868727935685,30.744023208618163,31.45327540927463,0.7511971509456634,0.7499046124352349,56567.128064
Wang_2023_260728_1311,166,1785264435.5924976,27364.44436788559,0.04417696222662926,0.04357961565256119,0.04321355678141117,0.042724364573756855,30.653518422444662,31.685941518147786,0.7592424246999953,0.7571879669030508,56646.623232
Wang_2023_260728_1311,167,1785264591.7668817,27520.618752002716,0.044943515211343765,0.0444149412214756,0.04326552665895886,0.042793248610364064,30.32411447313097,31.555821295844183,0.7586503823598226,0.7555355887942844,56575.852544
Wang_2023_260728_1311,168,1785264751.9852188,27680.837089061737,0.043838802725076675,0.04338693246245384,0.04383331697020266,0.043327942772044076,30.134072053697373,31.597211498684352,0.7542228394084507,0.7512855863571167,56720.519168
Wang_2023_260728_1311,169,1785264926.7333078,27855.585178136826,0.04505681246519089,0.044406864792108536,0.045062809627917075,0.04432839120427767,30.634715728759765,31.215578248765734,0.7466940506299337,0.7452258267667559,56716.455936
Wang_2023_260728_1311,170,1785265089.772639,28018.624509334564,0.044546935707330704,0.04416523873806,0.04468775723543432,0.04430422588355011,29.754035322401258,31.381539187961156,0.751294424533844,0.7481091358926562,56687.37024
Wang_2023_260728_1311,171,1785265252.562595,28181.41446518898,0.04693615436553955,0.04622114449739456,0.045805728617641664,0.04521209671265549,30.46608912150065,31.037062589857314,0.7422648612658183,0.7407473644945357,56684.990464
Wang_2023_260728_1311,172,1785265412.3915896,28341.243459939957,0.04534826800227165,0.04470619931817055,0.04452494280205833,0.043863173118895954,30.321201044718425,31.395774019029407,0.7505212414264679,0.7505762018097771,56671.473664
Wang_2023_260728_1311,173,1785265569.641597,28498.493467330933,0.04779691994190216,0.047038622200489044,0.04673047758638859,0.04599515886770354,30.376725006103516,30.85262227376302,0.7385866192976633,0.7361478964487712,56525.508608
Wang_2023_260728_1311,174,1785265727.3437681,28656.195638418198,0.043135568499565125,0.04264210909605026,0.04245594833460119,0.04198077409631676,30.550478227403428,31.90196480645074,0.7650876687632666,0.7619965385066139,56644.431872
Wang_2023_260728_1311,175,1785265887.4778123,28816.329682588577,0.0448421910405159,0.04419614002108574,0.04398362938728598,0.04334640037682321,30.422276306152344,31.509333538479275,0.7542456940809885,0.7523373154799143,56695.967744
Wang_2023_260728_1311,176,1785266046.0028572,28974.854727506638,0.04542331025004387,0.04486134275794029,0.045588691665066614,0.04494627747270796,30.188574176364476,31.09938542683919,0.7439130438698662,0.7430019176006317,56737.673216
Wang_2023_260728_1311,177,1785266206.2181385,29135.07000875473,0.04394233971834183,0.043466463685035706,0.04343749195337296,0.04295888292292754,30.104541261461048,31.66156702677409,0.7579182471169366,0.7552206387784746,56785.928192
Wang_2023_260728_1311,178,1785266362.996854,29291.848724365234,0.046538837254047394,0.04585728794336319,0.046156381534205544,0.04541416714588801,30.49828763326009,30.861981218126086,0.7409907457563613,0.7393745860788558,56803.282944
Wang_2023_260728_1311,179,1785266536.5688293,29465.420699596405,0.04773665592074394,0.046912144869565964,0.04845861682461368,0.04761126366754373,30.140989388359916,30.532074339124893,0.7264048945903778,0.72540485713217,56754.855936
Wang_2023_260728_1311,180,1785266694.6171856,29623.469055891037,0.04689817503094673,0.04610968008637428,0.04598212630384498,0.04514280041058858,30.599581926133897,30.97860728793674,0.7418973080317179,0.7415911343362597,56807.612416
Wang_2023_260728_1311,181,1785266849.9519365,29778.80380678177,0.04592611640691757,0.045234836637973785,0.04581196225351757,0.04505700615545114,30.688947694566515,31.093976542154948,0.7425640326076084,0.7415901641050975,56573.165568
Wang_2023_260728_1311,182,1785267010.4406998,29939.292570114136,0.04334206506609917,0.04266296327114105,0.04337767649028036,0.04270233150985506,30.767775251600476,31.618166359795463,0.7577867088052962,0.756800127559238,56708.784128
Wang_2023_260728_1311,183,1785267169.7690527,30098.620923042297,0.04797375947237015,0.04711073637008667,0.046424245420429444,0.04554118755790922,30.58231167263455,30.898588409423827,0.7397516618834602,0.7398911476135254,56841.129984
Wang_2023_260728_1311,184,1785267328.8440962,30257.695966482162,0.0428631491959095,0.0424310527741909,0.042980739010704885,0.04249916041062938,30.427725160386828,31.805686950683594,0.7605472750133938,0.757544273270501,56712.482816
Wang_2023_260728_1311,185,1785267486.9156108,30415.76748108864,0.04310702532529831,0.042680758982896805,0.04239121928811073,0.04196294158697128,30.3205803849962,31.903843629625108,0.7659610146946377,0.762122139400906,56781.017088
Wang_2023_260728_1311,186,1785267645.1903772,30574.0422475338,0.045449815690517426,0.044738318771123886,0.045332360317309695,0.04458274087972111,30.395688824123805,31.21470074971517,0.7453970677322812,0.7454026652706994,56748.310528
Wang_2023_260728_1311,187,1785267799.2009764,30728.05284667015,0.04710725322365761,0.0462314747273922,0.04715990102953381,0.046309076671799024,30.248615900675457,30.741513595581054,0.733936935265859,0.7349146962165832,56643.530752
Wang_2023_260728_1311,188,1785267956.056465,30884.908335208893,0.045679643750190735,0.04501930996775627,0.04543461999131573,0.04480076936384042,30.278850708007813,31.202570359971787,0.7444271647930145,0.7424628869692484,56768.069632
Wang_2023_260728_1311,189,1785268126.9446316,31055.796501874924,0.04357477277517319,0.04300893843173981,0.04314991650482019,0.04264185384743743,30.652880316840278,31.69814353942871,0.7589059705204434,0.7569927051332261,56872.81664
Wang_2023_260728_1311,190,1785268288.388635,31217.240505218506,0.04459218680858612,0.04396231472492218,0.044302792035871084,0.043638777650064894,30.886841990152995,31.47214766608344,0.7524141792456309,0.7508936639626821,56850.141184
Wang_2023_260728_1311,191,1785268448.9000316,31377.751901865005,0.04519207775592804,0.04451737552881241,0.04550189265774356,0.044811123030053246,30.240877499050566,31.2064308336046,0.7443825630346934,0.7438371096716987,56873.71776
Wang_2023_260728_1311,192,1785268606.2278385,31535.07970881462,0.04269859194755554,0.042108915746212006,0.041558072509037126,0.0410349668479628,30.705253863864474,31.854261779785155,0.7691080337100559,0.7670099075635274,56804.970496
Wang_2023_260728_1311,193,1785268760.3142328,31689.16610312462,0.04374600201845169,0.04312434047460556,0.042838358663850364,0.042215066129962606,30.71269181145562,31.768129993014867,0.7603328904840682,0.7590097443262735,56824.840192
Wang_2023_260728_1311,194,1785268923.2210166,31852.072886943817,0.04428033158183098,0.04363435134291649,0.0438557969364855,0.04320008046925068,30.561160676744247,31.58426727294922,0.7560160431596968,0.7536333465576172,56905.383936
Wang_2023_260728_1311,195,1785269082.235618,32011.087488412857,0.04236793518066406,0.041867468506097794,0.04183330892688698,0.04131023719078965,30.513173853556314,31.96012676662869,0.7674340491824679,0.7646410481135051,56820.056064
Wang_2023_260728_1311,196,1785269240.361808,32169.213678359985,0.0440315306186676,0.04331126809120178,0.04248118496603436,0.04174265676074558,31.00239023844401,31.76534723917643,0.7636841833591461,0.7634489074018267,56846.000128
Wang_2023_260728_1311,197,1785269396.7644753,32325.616345643997,0.04704151302576065,0.046277161687612534,0.04708669991128975,0.04632016799516148,30.36708444383409,30.703383543226455,0.7349737204445733,0.7343338925308651,56976.191488
Wang_2023_260728_1311,198,1785269557.2669036,32486.118773937225,0.04421485960483551,0.04354051128029823,0.04376056608226564,0.043060754711429276,30.664489822387694,31.63341311984592,0.7558407672246297,0.7549079426129659,56931.475456
Wang_2023_260728_1311,199,1785269727.7769058,32656.628776073456,0.04265367239713669,0.042515382170677185,0.04167499447034465,0.04153613211380111,30.19411548190647,31.838583051893448,0.7695279880364736,0.7645453055699666,57057.210368
Wang_2023_260728_1311,200,1785269886.9146442,32815.76651453972,0.043792907148599625,0.04334956780076027,0.04286971809135543,0.04239854335784912,30.20088534037272,31.745269961886937,0.761971136993832,0.7588598410288493,56905.117696
Wang_2023_260728_1311,201,1785270047.8924026,32976.74427294731,0.046618811786174774,0.04579927772283554,0.046327524590823385,0.04547070004873806,30.358900663587782,30.897063734266492,0.7407661636670431,0.7397192837132348,56900.579328
Wang_2023_260728_1311,202,1785270208.5121787,33137.364048957825,0.044206712394952774,0.043618131428956985,0.04347449436783791,0.042908614294396505,30.366614286634658,31.528727866278754,0.7574680826399062,0.7553464574284023,56931.987456
Wang_2023_260728_1311,203,1785270371.58021,33300.43208026886,0.04204510524868965,0.04183805361390114,0.041926248181197376,0.04170490199493038,30.149462042914497,31.81426520453559,0.7679584058125813,0.7632914365662469,56965.271552
Wang_2023_260728_1311,204,1785270524.6318042,33453.483674526215,0.04366028308868408,0.04300304129719734,0.043073100563552645,0.042385686271720464,30.736472829182944,31.539874894883898,0.7592612980471717,0.7582609650823805,56860.024832
Wang_2023_260728_1311,205,1785270687.0756977,33615.92756795883,0.04545401409268379,0.044730525463819504,0.04628901846706867,0.04549217358231544,30.046322606404622,31.06195046318902,0.7397075963020324,0.7392841063605414,56995.479552
Wang_2023_260728_1311,206,1785270841.0157516,33769.86762189865,0.04611700400710106,0.045352935791015625,0.04551339899500211,0.04474088333547115,30.690056381225585,31.014528596666125,0.7452569272783067,0.7444172305530972,56924.708864
Wang_2023_260728_1311,207,1785271000.101848,33928.953718185425,0.047039955854415894,0.046162884682416916,0.04600529219541285,0.04511417699356874,30.50512697007921,31.02134156121148,0.742319899002711,0.7423695323202345,56959.864832
Wang_2023_260728_1311,208,1785271154.835743,34083.687613248825,0.045196231454610825,0.0444694347679615,0.04542268689307902,0.044682023831539686,30.477112935384113,31.03511907789442,0.7434199342462752,0.7423555831114451,56832.151552
Wang_2023_260728_1311,209,1785271329.497558,34258.3494284153,0.0456121452152729,0.044824693351984024,0.04538604771925343,0.04457824445433087,30.372878172132705,31.134883143107096,0.7465138974454668,0.7454372187455495,57075.187712
Wang_2023_260728_1311,210,1785271482.9549723,34411.80684256554,0.04697386547923088,0.04612482711672783,0.04559780813753605,0.04472891270286507,30.54229721069336,31.085793219672308,0.744889337486691,0.7445397622055477,56846.62272
Wang_2023_260728_1311,211,1785271641.7239122,34570.57578253746,0.04682062938809395,0.046087708324193954,0.04673885244462225,0.04591657022635142,30.27729766845703,30.853588248358832,0.737505419254303,0.7369801453749338,56886.345728
Wang_2023_260728_1311,212,1785271803.644055,34732.495925188065,0.04591866210103035,0.045125219970941544,0.04517034519877699,0.044405030939314104,30.428146659003364,31.218014806111654,0.7464475030369229,0.7458474181758032,57053.92128
Wang_2023_260728_1311,213,1785271964.1737456,34893.02561593056,0.04527135565876961,0.04454787075519562,0.04490119325617949,0.044196497003237405,30.31634941101074,31.382637846204968,0.7489952646361457,0.748875892692142,57040.637952
Wang_2023_260728_1311,214,1785272120.6027317,35049.4546020031,0.04575003683567047,0.04498922824859619,0.04602330308821466,0.04522769396503767,30.550312271118162,31.10358661227756,0.7427064773771498,0.7415423719088237,57122.013184
Wang_2023_260728_1311,215,1785272275.574681,35204.42655134201,0.04458068311214447,0.04385456442832947,0.044475420473350416,0.04370187871158123,30.80380721198188,31.416589363945857,0.7523059532377455,0.7519464577568902,56980.881408
Wang_2023_260728_1311,216,1785272434.4233544,35363.27522468567,0.043518103659152985,0.04288212209939957,0.04290600854489538,0.042292042349775634,30.86595960828993,31.566664386325414,0.7611343155966864,0.7583074667718676,56931.71712
Wang_2023_260728_1311,217,1785272590.6791637,35519.53103399277,0.04450376704335213,0.04374636337161064,0.044283795745836366,0.043572891685697765,30.781212912665474,31.27670077006022,0.7528932103845808,0.7519928644763099,56920.305664
Wang_2023_260728_1311,218,1785272747.6073143,35676.45918464661,0.044541630893945694,0.043724194169044495,0.044531101394030784,0.04380850432647599,30.802836583455402,31.048687744140626,0.7507411366038852,0.7488782138294644,57164.029952
Wang_2023_260728_1311,219,1785272923.3256915,35852.17756175995,0.041783738881349564,0.041489917784929276,0.0412389826360676,0.040918227550056245,30.490542992485896,32.109876776801215,0.7722612196869321,0.7687406894895765,57112.6784
Wang_2023_260728_1311,220,1785273079.2686803,36008.12055063248,0.04298115521669388,0.04239410161972046,0.042055632008446586,0.0415348523358504,30.749792675442166,31.93860609266493,0.768094216187795,0.7655086416668362,57063.911424
Wang_2023_260728_1311,221,1785273243.0535614,36171.90543174744,0.04222467914223671,0.04175892472267151,0.04199647499455346,0.04156700846221712,30.464038331773548,31.863376744588216,0.7676730683114794,0.7644171871079339,57203.867648
Wang_2023_260728_1311,222,1785273403.3198235,36332.17169380188,0.043024711310863495,0.042847637087106705,0.042539595845672816,0.04238546053568522,30.06794564988878,31.71206918504503,0.7638036096096039,0.7594268328613705,57149.145088
Wang_2023_260728_1311,223,1785273562.9449437,36491.796813964844,0.04442659765481949,0.04382355511188507,0.044694010151757134,0.04409032764534156,30.224125222100152,31.30651525709364,0.7503940615389082,0.7480261417229971,57135.620096
Wang_2023_260728_1311,224,1785273717.9652798,36646.81715011597,0.04464351758360863,0.04393218830227852,0.04474345664183299,0.043995039148463144,30.770420277913413,31.202059597439238,0.7497400396400028,0.7485163366794586,57098.698752
Wang_2023_260728_1311,225,1785273877.8309805,36806.68285083771,0.04442853108048439,0.043742455542087555,0.044008720840017,0.04332811461554633,30.790271097819012,31.24107109069824,0.7533118269178602,0.7516659589608511,57130.655744
Wang_2023_260728_1311,226,1785274032.870443,36961.72231340408,0.04697035625576973,0.04609905183315277,0.046733764600422646,0.045893858008914525,30.21718621995714,30.733662389119466,0.7372160838709937,0.7365871573819055,57118.461952
Wang_2023_260728_1311,227,1785274187.4049492,37116.25681948662,0.04541654884815216,0.04457731917500496,0.04385682211154037,0.04310275465250015,31.00639781528049,31.34097412109375,0.7558292628659142,0.7549004242155287,57003.528192
Wang_2023_260728_1311,228,1785274345.6822722,37274.5341424942,0.04407218098640442,0.043565090745687485,0.04366694585316711,0.043188138273027206,30.192214694552952,31.666615829467773,0.7575743484497071,0.7546953018506368,57124.483072
Wang_2023_260728_1311,229,1785274518.924923,37447.7767932415,0.04712466895580292,0.04619429260492325,0.046291137776441046,0.0453427683065335,30.47863562689887,31.040383699205186,0.7399212763044569,0.7404517846637302,57206.841344
Wang_2023_260728_1311,230,1785274680.7351687,37609.587038993835,0.04291168227791786,0.0425838977098465,0.04144259415566921,0.041167253818776874,30.477716708713107,32.106122478908965,0.7720995175838471,0.767316042582194,57231.372288
Wang_2023_260728_1311,231,1785274842.1282656,37770.98013591766,0.044218674302101135,0.043566033244132996,0.043603186574247145,0.04294930542508761,30.44479266696506,31.56704232957628,0.758276518450843,0.7566943858729468,57214.701568
Wang_2023_260728_1311,232,1785275004.1068764,37932.95874667168,0.04160097613930702,0.041234102100133896,0.04092826692594422,0.040580074066917105,30.645772382948135,32.148758070203996,0.7746617664231195,0.7714891380733914,57265.553408
Wang_2023_260728_1311,233,1785275164.8363638,38093.688234090805,0.043107591569423676,0.04285839572548866,0.04286536091731654,0.04263372452722655,30.045291510687935,31.68236375596788,0.7623094566663107,0.7582593795988295,57257.885696
Wang_2023_260728_1311,234,1785275324.3554688,38253.207339048386,0.045599717646837234,0.04483392834663391,0.04576487180259493,0.044963208188613255,30.40940050760905,30.842369172837998,0.7429139060444302,0.7425125333997938,57219.637248
Wang_2023_260728_1311,235,1785275479.5157578,38408.367628097534,0.04531252384185791,0.0446147546172142,0.045041692588064404,0.04431999089817206,30.50610129462348,31.240564566718206,0.7477665360768636,0.7475308889812894,57162.522624
Wang_2023_260728_1311,236,1785275654.498244,38583.35011434555,0.043217018246650696,0.04255961999297142,0.042824501138594415,0.04216677996847364,30.850563422309026,31.576913163926868,0.7612299181355371,0.7600384072462718,57287.241728
Wang_2023_260728_1311,237,1785275814.0027034,38742.854573726654,0.04221632331609726,0.041631296277046204,0.04196946805549993,0.04140146717429161,30.699478123982747,31.896614837646485,0.7678190298875173,0.7657207099596659,57186.439168
Wang_2023_260728_1311,238,1785275972.7358825,38901.58775281906,0.043318215757608414,0.04262921214103699,0.04275584942764706,0.04203309541775121,30.78392285664876,31.608809814453124,0.7632036631637149,0.7622902247640821,57232.67072
Wang_2023_260728_1311,239,1785276146.328588,39075.180458307266,0.042966559529304504,0.04245847091078758,0.04283972317973773,0.042319441984097164,30.30767583211263,31.712531984117295,0.762024937470754,0.7592405581474304,57283.002368
Wang_2023_260728_1311,240,1785276310.2311697,39239.08303999901,0.04191639646887779,0.041440512984991074,0.041959137866894404,0.041423071093029444,30.659047368367514,31.935233120388453,0.7669213683075375,0.7655212712287903,57337.925632
Wang_2023_260728_1311,241,1785276468.4938478,39397.34571814537,0.042046546936035156,0.041613783687353134,0.04184301810959975,0.04134025777379672,30.464649183485243,31.94733241611057,0.7677046688397725,0.7654382064607408,57384.189952
Wang_2023_260728_1311,242,1785276630.9252603,39559.77713060379,0.044280484318733215,0.043568819761276245,0.04413549377686447,0.043388946329553923,30.56982381184896,31.38981726752387,0.7530746445390913,0.7521297907829285,57347.03104
Wang_2023_260728_1311,243,1785276792.835377,39721.687247276306,0.044559936970472336,0.043832581490278244,0.04283080822063817,0.04216442513797018,30.913419036865236,31.7070997789171,0.761389749844869,0.75960181289249,57356.910592
Wang_2023_260728_1311,244,1785276951.4566772,39880.308547496796,0.0469013974070549,0.046055443584918976,0.04610558609167735,0.04522127774854501,30.529633288913303,31.075376646253797,0.7413012419806586,0.7418129563331604,57305.485312
Wang_2023_260728_1311,245,1785277110.1524532,40039.00432348251,0.04416230693459511,0.04347611218690872,0.04506070879598459,0.04437136518458525,30.368573599921334,31.244662857055665,0.7483916601869796,0.7474466345045302,57309.048832
Wang_2023_260728_1311,246,1785277267.6538763,40196.50574660301,0.04434157907962799,0.04353180527687073,0.04478932851718532,0.043884587975011935,30.810244386461047,31.195471352471245,0.7510134777757856,0.7500857281684875,57276.575744
Wang_2023_260728_1311,247,1785277424.3986752,40353.25054550171,0.04247419163584709,0.04183794930577278,0.04151891661187013,0.04090483248233795,31.067793214586047,31.800135192871092,0.7690789074367947,0.7675399406750997,57461.727232
Wang_2023_260728_1311,248,1785277585.3298283,40514.181698560715,0.045490287244319916,0.04474311321973801,0.047681661877367235,0.046865792754623624,29.92517926534017,30.812486741807724,0.730787680943807,0.7306257567140791,57401.40544
Wang_2023_260728_1311,249,1785277754.8005743,40683.65244460106,0.0486871674656868,0.047852788120508194,0.04918356666134464,0.04832898761663172,30.020225694444445,30.347039430406358,0.7213057833247715,0.7215225695239174,57523.617792
Wang_2023_260728_1311,250,1785277917.3145742,40846.166444540024,0.046715207397937775,0.046062689274549484,0.04628370703094535,0.045606842976477414,29.78800434536404,31.132763451470268,0.7399526952372657,0.7385440128379398,57439.121408
Wang_2023_260728_1311,251,1785278073.9809113,41002.83278155327,0.047012440860271454,0.0462585911154747,0.04684168975386355,0.046106602797905606,30.417238693237305,30.869988928900824,0.7369777288701799,0.7356402113702563,57370.247168
Wang_2023_260728_1311,252,1785278252.1160483,41180.967918634415,0.04618435725569725,0.045369137078523636,0.04670584990746445,0.04591013863682747,30.444663899739584,30.89796895345052,0.739720911582311,0.7391006073686812,57272.025088
Wang_2023_260728_1311,253,1785278426.2690156,41355.120885849,0.04820011928677559,0.04736115783452988,0.048669152698583074,0.04783902942306466,30.064603975084093,30.539618411593967,0.7249265768792894,0.7246757180160946,57416.224768
Wang_2023_260728_1311,254,1785278590.9655294,41519.81739974022,0.0456518717110157,0.04495851323008537,0.04507855239013831,0.044429620256026585,30.425352698432075,31.22205888536241,0.7461018311977387,0.7448024555047353,57536.561152
Wang_2023_260728_1311,255,1785278757.867958,41686.71982836723,0.04654825106263161,0.045910123735666275,0.0470744149469667,0.04640348999036683,29.865628899468316,31.07386828104655,0.7353328355153401,0.7340807425975799,57499.889664
Wang_2023_260728_1311,256,1785278920.6428683,41849.4947385788,0.04961775615811348,0.04887298122048378,0.04988997735910945,0.04914650815228621,29.572848002115887,30.474168167114257,0.7183436609639062,0.7172339687082503,57493.856256
Wang_2023_260728_1311,257,1785279081.6467967,42010.498667001724,0.046036913990974426,0.045400239527225494,0.04557640106313758,0.044984861206677225,30.27642862955729,31.287869228786892,0.7444018675221338,0.7422108161449432,57514.422272
Wang_2023_260728_1311,258,1785279242.112118,42170.96398830414,0.04897258058190346,0.0482294000685215,0.050164851703577575,0.04940207188328107,29.83060006035699,30.2136206902398,0.7163291160265605,0.715842306084103,57465.724928
Wang_2023_260728_1311,259,1785279414.1619642,42343.01383447647,0.04742630943655968,0.04658609628677368,0.04733798841635386,0.04652702334854338,30.140824305216473,30.718012839423285,0.7338856463962131,0.733233085738288,57512.288256
Wang_2023_260728_1311,260,1785279572.5649831,42501.41685342789,0.04702030122280121,0.046725090593099594,0.046845322507950996,0.04656925209694439,29.302277272542316,30.96435205247667,0.73733484254943,0.7331659395164913,57592.979456
Wang_2023_260728_1311,261,1785279733.213112,42662.064982414246,0.046438660472631454,0.04582865908741951,0.046820865836408404,0.046227667447593476,29.801255340576173,31.103833567301432,0.7375064492225647,0.735212228430642,57473.343488
Wang_2023_260728_1311,262,1785279887.828599,42816.68046927452,0.04610786586999893,0.04536937177181244,0.04629851254324118,0.04557427681982517,30.480134336683484,30.89607908460829,0.7400728983349271,0.7393319955137041,57483.210752
Wang_2023_260728_1311,263,1785280049.7574732,42978.60934352875,0.04475231468677521,0.04420130327343941,0.043026334626807106,0.04254040627843804,30.363177981906468,31.72851009792752,0.7599391673670874,0.7570634500185649,57627.877376
Wang_2023_260728_1311,264,1785280208.277584,43137.12945437431,0.04834435507655144,0.04754944145679474,0.048722820141249235,0.04791616443130705,30.000306693183052,30.70567799038357,0.7253896260261535,0.7250400629308489,57496.489984
Wang_2023_260728_1311,265,1785280371.4508138,43300.30268406868,0.04626951739192009,0.04590800404548645,0.04619495511882835,0.045872962847352025,29.386671913994682,31.10726813422309,0.741941265794966,0.737957781818178,57580.9536
Wang_2023_260728_1311,266,1785280527.6543221,43456.506192445755,0.04644019901752472,0.045667074620723724,0.046621991627746155,0.04578902430004544,30.203313013712567,31.125241326226128,0.7377759880489774,0.7375893688201904,57655.41888
Wang_2023_260728_1311,267,1785280698.7692537,43627.62112402916,0.046948131173849106,0.04614994302392006,0.04807757806446817,0.047222823972503346,30.026445253160265,30.736076465182833,0.7284871714644962,0.729282881948683,57600.479232
Wang_2023_260728_1311,268,1785280859.0508587,43787.902729034424,0.044672053307294846,0.04415865242481232,0.044390763127141526,0.04393293137351672,29.970594762166343,31.44839167277018,0.7511542687151167,0.7482240312629276,57526.74304
Wang_2023_260728_1311,269,1785281054.2035778,43983.05544805527,0.0473020076751709,0.04668726027011871,0.04659991864528921,0.04599306885566976,29.85117441813151,31.08880719502767,0.73902003592915,0.7370125460624695,57680.40448
Wang_2023_260728_1311,270,1785281211.3447335,44140.196603775024,0.0444551520049572,0.043989598751068115,0.04465934277408653,0.044169364670912425,29.866392296685113,31.336532194349502,0.7496619624561733,0.748126384417216,57598.406656
Wang_2023_260728_1311,271,1785281368.157183,44297.009053230286,0.04823118448257446,0.04744844511151314,0.047556073235140904,0.046769249993893834,30.256091249254016,30.601806971232097,0.7325430218378702,0.7322944319248199,57459.638272
Wang_2023_260728_1311,272,1785281525.4152534,44454.26712369919,0.046742431819438934,0.04599488154053688,0.045984372380706996,0.04525906806190809,30.54488646613227,31.101731669108073,0.7419046890735627,0.7414902999666002,57700.872192
Wang_2023_260728_1311,273,1785281678.41373,44607.26560020447,0.046988483518362045,0.04627193883061409,0.04583715718653467,0.045092809547980624,30.509658567640518,31.093965623643662,0.7426803229914771,0.7417851164605882,57476.124672
Wang_2023_260728_1311,274,1785281836.0248637,44764.876734018326,0.04736189916729927,0.04649115353822708,0.04766715276572439,0.046788121801283625,30.39573104010688,30.623189409044056,0.7316729611820645,0.7322631462415059,57558.310912
Wang_2023_260728_1311,275,1785281997.4947472,44926.34661746025,0.048486821353435516,0.04767053574323654,0.048896782447894416,0.048068547878000474,29.79927129957411,30.68901357014974,0.7235165711243947,0.7240376202265422,57672.790016
Wang_2023_260728_1311,276,1785282156.1239474,45084.97581768036,0.04865407571196556,0.04776956886053085,0.04815482252173953,0.047271220667494666,30.063338063557943,30.62263955010308,0.729855324294832,0.7284552464220259,57643.360256
Wang_2023_260728_1311,277,1785282313.5525534,45242.404423713684,0.04893837124109268,0.0480649434030056,0.047995516392919754,0.047121506300237447,30.05035489400228,30.762654503716362,0.7297950824101765,0.7296332931518554,57623.601152
Wang_2023_260728_1311,278,1785282474.3282094,45403.18007969856,0.04565724357962608,0.04512079805135727,0.04580011585520374,0.04526020568278101,30.023059607611764,31.173480529785156,0.7437035788430107,0.7413425277339087,57723.736064
Wang_2023_260728_1311,279,1785282648.2573376,45577.109207868576,0.046309154480695724,0.04557199403643608,0.04677083087464173,0.04602001627286275,30.436321309407553,30.861974173651802,0.7376147810618082,0.7368235417207082,57719.97184
Wang_2023_260728_1311,280,1785282808.4814215,45737.33329176903,0.04319398105144501,0.042644351720809937,0.04339708226422469,0.042841041162610054,30.560203204684786,31.634428872002495,0.7577811193466186,0.756545542743471,57699.196928
Wang_2023_260728_1311,281,1785282962.6380084,45891.48987865448,0.048449721187353134,0.047648701816797256,0.04783566460841232,0.04708793073064751,30.282635226779515,30.606935255262588,0.7309094206492106,0.7303181956874,57542.73792
Wang_2023_260728_1311,282,1785283123.293184,46052.14505434036,0.0445091687142849,0.044142693281173706,0.04451926167640421,0.04416702840063307,29.8089163547092,31.48188591003418,0.752073557111952,0.7482118089993794,57691.029504
Wang_2023_260728_1311,283,1785283280.5769541,46209.428824424744,0.046422846615314484,0.045659139752388,0.0465386918766631,0.04573594016333421,30.311517130533854,31.059190199110244,0.7394050183561113,0.7400350509749518,57682.16576
Wang_2023_260728_1311,284,1785283441.6229918,46370.474862098694,0.04816590994596481,0.047383762896060944,0.046672095076905354,0.04590855004886786,30.4141998884413,30.81027493794759,0.7373015726937188,0.7360885931385888,57718.427648
Wang_2023_260728_1311,285,1785283632.2122996,46561.06416988373,0.04894639924168587,0.04818253964185715,0.04840159366528193,0.04764599286019802,30.04470644632975,30.720294647216797,0.727173035674625,0.7262577668825785,57701.7856
Wang_2023_260728_1311,286,1785283822.1103632,46750.962233543396,0.04625528305768967,0.04556267708539963,0.04528606711990303,0.044634275544020864,30.54855613708496,31.180769805908202,0.746066658894221,0.7446922527419196,57628.274688
Wang_2023_260728_1311,287,1785284114.8576279,47043.70949816704,0.04713708534836769,0.046378862112760544,0.04624209568732315,0.04551882272793187,30.01538234286838,31.04338628133138,0.7409148698382907,0.7395383740795983,57790.427136
Wang_2023_260728_1311,288,1785284277.079275,47205.93114519119,0.046602096408605576,0.045946065336465836,0.04677615160743395,0.046142854624324374,29.986575224134658,30.98346027798123,0.7367065970102946,0.7357122099399567,57805.922304
Wang_2023_260728_1311,289,1785284451.6728194,47380.52468967438,0.045443207025527954,0.045067474246025085,0.04567211042675707,0.04530586248470677,29.532424121432832,31.203368038601347,0.7432998339335124,0.7396123519208696,57809.252352
Wang_2023_260728_1311,290,1785284605.4032383,47534.255108594894,0.0476347953081131,0.0468684658408165,0.047646702643897795,0.04685867949492402,30.295473743014867,30.686405114067924,0.7313096410698361,0.7315138655238681,57625.68192
Wang_2023_260728_1311,291,1785284765.7739854,47694.62585568428,0.04527151212096214,0.0447998009622097,0.045076204588015874,0.044587138411071564,29.976690156724718,31.439824718899196,0.7472644261519115,0.744360044002533,57882.615808
Wang_2023_260728_1311,292,1785284928.0161915,47856.86806178093,0.04573366791009903,0.04501410573720932,0.04500461029509703,0.04431185426811377,30.532759204440648,31.31407632615831,0.7482348291079203,0.7472670120663113,57845.456896
Wang_2023_260728_1311,293,1785285085.5224717,48014.37434196472,0.04845326393842697,0.04771463945508003,0.049198366113834914,0.04843676991760731,29.84968196445041,30.50781290690104,0.7215991600354512,0.7206037158436246,57907.679232
Wang_2023_260728_1311,294,1785285244.5517113,48173.40358161926,0.04594624415040016,0.04524371400475502,0.04538880817592144,0.04470350766347514,30.307668567233616,31.341436564127605,0.7446254007021587,0.7436764750215742,57873.87904
Wang_2023_260728_1311,295,1785285406.2291028,48335.080973148346,0.046253662556409836,0.04559926316142082,0.04533663974040084,0.044707807641890314,30.439254438612195,31.374749009874133,0.7463422098424699,0.7449870182408227,57869.504512
Wang_2023_260728_1311,296,1785285565.1225617,48493.97443199158,0.04741530492901802,0.046655818819999695,0.04722422979772091,0.046434240515033406,29.889489669799804,30.90190365261502,0.7338595649931166,0.7339178086651696,57893.425152
Wang_2023_260728_1311,297,1785285724.2109883,48653.06285858154,0.0485302209854126,0.04772978648543358,0.04812364714841048,0.04734050638973713,30.13792591518826,30.58544959174262,0.7298525946670108,0.7286850837866465,57849.921536
Wang_2023_260728_1311,298,1785285894.1238453,48822.97571563721,0.043846506625413895,0.04332626238465309,0.04359043550160196,0.04306611265573237,30.112009667290582,31.659618386162652,0.7577156441741519,0.7555017211702135,57879.4496
Wang_2023_260728_1311,299,1785286076.4858527,49005.33772301674,0.04579848051071167,0.04515980929136276,0.045006102406316334,0.044406768025623426,30.027299296061198,31.412426274617513,0.7480288381046719,0.7460832062032487,57880.481792
Wang_2023_260728_1311,300,1785286238.5265553,49167.378425598145,0.04707777500152588,0.04648274555802345,0.047139975966678724,0.04655869829157988,29.74250762939453,31.017059326171875,0.7350936571756999,0.732883693377177,57981.80864
Wang_2023_260728_1311,301,1785286400.5547638,49329.40663409233,0.04600401967763901,0.0452515184879303,0.045348129462864664,0.04462607497970263,30.4098294406467,31.31162555270725,0.7457347518867916,0.7451297766632504,57926.750208
Wang_2023_260728_1311,302,1785286558.6248891,49487.476759433746,0.048359327018260956,0.04765678942203522,0.04796935807499621,0.04729567516181204,29.906625222100153,30.84083802964952,0.7294867613580491,0.7276975601249271,57911.02976
Wang_2023_260728_1311,303,1785286719.1956992,49648.04756951332,0.04749264195561409,0.04664692282676697,0.04772668523093065,0.046862138277954525,30.207674034966363,30.616332168579103,0.7320702440208859,0.7322292632526821,57904.009216
Wang_2023_260728_1311,304,1785286880.454659,49809.30652928352,0.0454096719622612,0.04485788568854332,0.045585263090001216,0.04501769713229603,29.960059017605253,31.352755177815755,0.7445092206531101,0.7423270618915558,57877.323776
Wang_2023_260728_1311,305,1785287038.6146588,49967.466529130936,0.04543643817305565,0.0448547787964344,0.045348147278030715,0.0447825333972772,30.150696512858072,31.29945206536187,0.7458586774932013,0.7445774643950992,57860.13696
Wang_2023_260728_1311,306,1785287200.106317,50128.95818734169,0.045067328959703445,0.04456790164113045,0.04533686743842231,0.04484399999181429,29.819994888305665,31.443129060533312,0.7473280844423505,0.7450048824151357,57998.483456
Wang_2023_260728_1311,307,1785287358.039554,50286.891424417496,0.047700632363557816,0.04690289497375488,0.0473831066240867,0.046543986424803736,30.15743322584364,30.87884184943305,0.7335242153538598,0.7334822250737084,57832.865792
Wang_2023_260728_1311,308,1785287520.458844,50449.31071424484,0.04633203148841858,0.04562174901366234,0.0455046856817272,0.0447752859029505,30.07694699605306,31.21415111117893,0.7436734884315067,0.7437990632322099,58011.148288
Wang_2023_260728_1311,309,1785287694.6957142,50623.54758453369,0.04378398880362511,0.04328905791044235,0.044173692572447985,0.043673572291930515,30.138190595838758,31.509033779568142,0.7539361190795898,0.7511347443527645,58126.434304
Wang_2023_260728_1311,310,1785287855.7319074,50784.58377766609,0.04643111675977707,0.04569656029343605,0.045594395109348825,0.04487724361320337,30.211124471028647,31.223831982082793,0.745680072704951,0.7438864571518368,58008.604672
Wang_2023_260728_1311,311,1785288013.5952172,50942.44708752632,0.04733692482113838,0.04656818509101868,0.047345158383250235,0.04658536915149954,30.23633422003852,30.813971871270073,0.7337701952457428,0.7330799469682905,58077.7984
Wang_2023_260728_1311,312,1785288176.9746654,51105.82653570175,0.045370567589998245,0.044952306896448135,0.04490022226340241,0.04450207080278132,29.842540232340493,31.367685665554472,0.7493644303745693,0.746621480120553,58053.16096
Wang_2023_260728_1311,313,1785288333.1843176,51262.03618788719,0.04893606901168823,0.048164840787649155,0.048664749935269355,0.04788983785443836,30.00190466986762,30.38596024407281,0.7251315653324127,0.7250052479902903,57866.248192
Wang_2023_260728_1311,314,1785288494.2379203,51423.08979058266,0.04640014469623566,0.045904796570539474,0.045341535434126855,0.04487457974089516,29.74102479722765,31.36189653184679,0.7467317851384481,0.7445120522711012,58073.018368
Wang_2023_260728_1311,315,1785288650.37074,51579.222610235214,0.047701746225357056,0.04691755026578903,0.046387167564696734,0.045656686193413204,30.653890804714628,30.894237128363716,0.7398399607340495,0.7389705828825632,57955.135488
Wang_2023_260728_1311,316,1785288811.1310532,51739.98292350769,0.04541425779461861,0.04501844197511673,0.04440143677095572,0.0440082663214869,29.840840004814996,31.489119228786894,0.7522783569494883,0.7493981472651163,58082.197504
Wang_2023_260728_1311,317,1785288970.8406618,51899.69253206253,0.0467979796230793,0.04613200202584267,0.04588544938299391,0.04521261527306504,30.145808266533745,31.22012119717068,0.7417451286315918,0.7404397413465712,58083.96288
Wang_2023_260728_1311,318,1785289124.377575,52053.22944521904,0.04659532755613327,0.0458281934261322,0.04659537548820178,0.045808487335840864,30.403111334906683,30.791815812852647,0.7373252872625987,0.7377420576413473,57898.848256
Wang_2023_260728_1311,319,1785289294.463209,52223.31507921219,0.04606718569993973,0.04556305333971977,0.045924351000123556,0.04541297021011512,29.83488764444987,31.292370868259006,0.7432769338289896,0.7397666850354936,58069.6064
Wang_2023_260728_1311,320,1785289457.9363265,52386.78819680214,0.04481584206223488,0.044470176100730896,0.04508253758152326,0.044766951807671124,29.599744466145832,31.222152150472006,0.7493402972486284,0.7453859101401435,58107.711488
Wang_2023_260728_1311,321,1785289617.1769178,52546.02878808975,0.046905189752578735,0.04622062295675278,0.046398184961742826,0.0457225194076697,30.278674841986764,30.858814180162216,0.7391851774851481,0.7381090038352542,58175.0784
Wang_2023_260728_1311,322,1785289778.258911,52707.11078119278,0.046342287212610245,0.04564333334565163,0.04660223310192426,0.0458797615683741,30.063785010443794,31.08073974609375,0.7378340888023377,0.7365279396375021,58131.68128
Wang_2023_260728_1311,323,1785289940.6073472,52869.45921754837,0.04510805383324623,0.04449226334691048,0.0442181775222222,0.04363529746731122,30.151701905992297,31.550128648546007,0.7536686503887177,0.7523782973819308,58201.25184
Wang_2023_260728_1311,324,1785290096.5227842,53025.37465453148,0.046319182962179184,0.04566202312707901,0.04664412350290351,0.045983689667450055,29.973596496582033,31.1973996480306,0.7380702907509274,0.7367756382624309,58086.363136
Wang_2023_260728_1311,325,1785290254.195929,53183.04779934883,0.047423794865608215,0.046665579080581665,0.047647002496653136,0.04690246362653044,29.704023818969727,30.956005198160806,0.7305072965886857,0.7300099930498335,58042.109952
Wang_2023_260728_1311,326,1785290410.1423955,53338.994265794754,0.04556398466229439,0.04495304450392723,0.04571392209165626,0.04506290540926986,30.218263812594945,31.376973207261827,0.7440760231018066,0.742653659052319,58102.693888
Wang_2023_260728_1311,327,1785290567.6215625,53496.47343277931,0.046084556728601456,0.045318353921175,0.04618079153199991,0.04536735307011339,30.572655359903973,30.86541601392958,0.7408802383475833,0.741086988846461,58060.873728
Wang_2023_260728_1311,328,1785290720.8426082,53649.69447851181,0.047950614243745804,0.047147270292043686,0.047720915608935884,0.046918458516399066,30.025701014200845,30.916103727552628,0.731693758699629,0.7306429215272268,58065.846272
Wang_2023_260728_1311,329,1785290889.3794115,53818.231281757355,0.04816128686070442,0.047367360442876816,0.04779952683382564,0.04700982818173038,29.75545024447971,30.884068213568792,0.7297778881920709,0.730562260945638,58180.73088
Wang_2023_260728_1311,330,1785291046.6731482,53975.5250184536,0.04689857363700867,0.04620026424527168,0.04671571601596144,0.04601368451284038,30.462207387288412,30.714961412217882,0.7386665605174171,0.7363611480924819,58084.040704
Wang_2023_260728_1311,331,1785291209.6123965,54138.46426677704,0.04813171923160553,0.04734410345554352,0.04885004392100705,0.04806359087427457,29.69429020351834,30.75799663119846,0.7245728059609731,0.7246167137887742,58219.966464
Wang_2023_260728_1311,332,1785291368.7472064,54297.599076747894,0.04752499610185623,0.046701401472091675,0.04818613914151986,0.047378132541974385,29.935757768419055,30.58276751200358,0.7276920533180237,0.7280357897281646,58061.430784
Wang_2023_260728_1311,333,1785291526.8698843,54455.721754550934,0.04711103066802025,0.04634734243154526,0.047040531552500195,0.04626744560069508,30.23242197672526,30.894859127468532,0.7362283624543084,0.7350728792614407,58149.482496
Wang_2023_260728_1311,334,1785291682.2867303,54611.138600587845,0.047318339347839355,0.04648695886135101,0.04739853363070223,0.046520270928740504,30.173772659301758,30.734455829196506,0.7312360734409756,0.7322724738385942,58135.027712
Wang_2023_260728_1311,335,1785291841.935816,54770.78768634796,0.04800453782081604,0.04722923785448074,0.047914789492885274,0.04712760333385733,29.783910497029623,30.855772654215496,0.7291475710603926,0.7291492244932387,58220.576768
Wang_2023_260728_1311,336,1785291996.378045,54925.22991538048,0.048877816647291183,0.04806755855679512,0.04897472591035896,0.04815479783548249,29.964419547186957,30.557542928059895,0.7246188774373796,0.723398226234648,58071.40864
Wang_2023_260728_1311,337,1785292158.1347795,55086.98664975166,0.046478886157274246,0.04581877961754799,0.04542213683327039,0.04479511444767316,30.557160330878364,31.155252312554254,0.746636829773585,0.7448005029890272,58263.810048
Wang_2023_260728_1311,338,1785292320.896682,55249.74855232239,0.04306637495756149,0.04270419105887413,0.043134294930431576,0.042751769348978994,30.12457383049859,31.733084157307943,0.7612870494524638,0.7579645666811201,58216.976384
Wang_2023_260728_1311,339,1785292491.0139203,55419.865790605545,0.048339542001485825,0.04756934940814972,0.04958650016950236,0.04877372605105241,29.648946617974175,30.433276358710394,0.7188166799810197,0.7185355116261376,58174.849024
Wang_2023_260728_1311,340,1785292647.9475617,55576.79943203926,0.04849129915237427,0.047669414430856705,0.04875146466824744,0.047852928009298114,29.90920327928331,30.566003833346898,0.7246025150352055,0.724995608859592,58206.035968
Wang_2023_260728_1311,341,1785292811.122926,55739.974796295166,0.04652395099401474,0.04596933722496033,0.04561873085796833,0.04508621313505703,29.891740095350478,31.270039155748155,0.7443227774567074,0.7427593354384104,58236.428288
Wang_2023_260728_1311,342,1785292973.958605,55902.810475349426,0.04608232527971268,0.045635681599378586,0.046316641180051694,0.04587064992222521,29.651176511976455,31.227402954101564,0.7406016047795614,0.7387601790163252,58348.773376
Wang_2023_260728_1311,343,1785293132.4656873,56061.31755757332,0.04777556285262108,0.04692499339580536,0.046585165336728095,0.045762642588880326,30.507945675320094,30.95308691236708,0.7395488006538815,0.7387769419617123,58162.069504
Wang_2023_260728_1311,344,1785293293.5562472,56222.40811753273,0.04542442038655281,0.04486874118447304,0.045921799474292334,0.045391276023454136,29.74006728278266,31.2293972269694,0.7430384992228614,0.7410852363374498,58397.995008
Wang_2023_260728_1311,345,1785293455.0755506,56383.92742085457,0.04591802507638931,0.04535632207989693,0.044735928219225674,0.04420530693398582,30.09533508300781,31.471366390652125,0.7488949886957804,0.7468995783064101,58277.224448
Wang_2023_260728_1311,346,1785293612.508041,56541.359911203384,0.04326392337679863,0.04280548170208931,0.043624157276418475,0.04313549030986097,30.051380801730687,31.60021767510308,0.7565305941634708,0.7542109350363414,58345.684992
Wang_2023_260728_1311,347,1785293771.1263313,56699.97820162773,0.045922327786684036,0.04508296027779579,0.04565056662592623,0.04480127251810498,30.5288762749566,31.10045642428928,0.7435702839162615,0.7441639006137848,58335.90784
Wang_2023_260728_1311,348,1785293926.535757,56855.387627363205,0.04718213528394699,0.04641295224428177,0.048704077783558106,0.047875514320201346,29.894988276163737,30.582589933607313,0.7249424817827013,0.7255463148487938,58292.461568
Wang_2023_260728_1311,349,1785294094.1057303,57022.95760059357,0.04797602444887161,0.04724238067865372,0.04781539321773582,0.047090966428319614,30.073109605577258,30.871489088270398,0.730351917081409,0.7298874451054467,58336.321536
Wang_2023_260728_1311,350,1785294258.3601367,57187.212007045746,0.047101181000471115,0.04640123248100281,0.0472884789440367,0.04658874394165145,29.98417502509223,30.9892042711046,0.7338193425867292,0.7335166215896607,58417.057792
Wang_2023_260728_1311,351,1785294417.5517063,57346.40357661247,0.04591818526387215,0.045235469937324524,0.04570155440105332,0.045055916135509806,30.40118970235189,31.045810317993165,0.7431275882985857,0.7418410109149085,58352.336896
Wang_2023_260728_1311,352,1785294574.3078494,57503.15971970558,0.04590065777301788,0.045615676790475845,0.04629086640973886,0.046006660784284274,29.448705859714085,31.08772826300727,0.7413441055350833,0.7377173146936629,58499.813376
Wang_2023_260728_1311,353,1785294734.943744,57663.795614242554,0.046846501529216766,0.04617341235280037,0.046569157168269155,0.04591297670371003,29.980844836764867,31.01901860555013,0.7383123903804355,0.7374900678793589,58422.099968
Wang_2023_260728_1311,354,1785294896.2769527,57825.128823041916,0.04493790864944458,0.04459907487034798,0.044939473809467424,0.044605607953336505,29.713294576009115,31.336996086968316,0.7489570164680481,0.7457640482319726,58404.827136
Wang_2023_260728_1311,355,1785295049.1256297,57977.97749996185,0.047083303332328796,0.046335767954587936,0.04727460936539703,0.04652279648515913,30.282157694498697,30.705751410590278,0.733084452814526,0.7324716279241774,58270.4128
Wang_2023_260728_1311,356,1785295208.4228914,58137.27476167679,0.04846755415201187,0.0476631261408329,0.04780738601254092,0.04703073610862096,30.207792121039496,30.678202540079752,0.7308243583308326,0.7306333871682485,58413.948928
Wang_2023_260728_1311,357,1785295362.5702753,58291.42214560509,0.05007512867450714,0.04922660440206528,0.05044672582712438,0.049588610339495874,29.744460627237956,30.233691753811307,0.7153529187043508,0.7143106481764052,58302.849024
Wang_2023_260728_1311,358,1785295525.2919981,58454.14386844635,0.04687163978815079,0.04619927331805229,0.04616457305020756,0.04551097195181582,30.160133828057184,31.131820136176216,0.740580022599962,0.7399724739127689,58505.699328
Wang_2023_260728_1311,359,1785295699.5108173,58628.36268758774,0.04571579769253731,0.045115936547517776,0.045756267582376796,0.04514978289604187,30.016761550903322,31.291406792534723,0.7432033546765645,0.7417965592278375,58620.98944
Wang_2023_260728_1311,360,1785295858.648627,58787.500497341156,0.04648493602871895,0.045732446014881134,0.04742928533918328,0.0466408150891463,29.965505972968206,30.924195810953776,0.732714386648602,0.7326545548439026,58516.04992
Wang_2023_260728_1311,361,1785296015.5039742,58944.35584449768,0.04802502691745758,0.047176294028759,0.046590978652238844,0.045797680053446026,30.37569014655219,30.891095792982313,0.7381874864631229,0.7376960774262746,58343.530496
Wang_2023_260728_1311,362,1785296179.8332238,59108.68509411812,0.049278777092695236,0.048492372035980225,0.049607419040468004,0.04882470609413253,29.503308563232423,30.561061520046657,0.7190691598256429,0.7182896253797743,58543.079424
Wang_2023_260728_1311,363,1785296337.75773,59266.60960030556,0.045847997069358826,0.04514162614941597,0.044662002391285364,0.043971663183636135,30.261859631008573,31.465786209106444,0.7507953927252028,0.749883506960339,58472.312832
Wang_2023_260728_1311,364,1785296495.97378,59424.82565021515,0.04625926911830902,0.045441195368766785,0.04524976135128074,0.044473790526390077,30.74276491800944,31.062277704874674,0.7466277505291833,0.7456114808718364,58442.17856
Wang_2023_260728_1311,365,1785296656.1153138,59584.96718406677,0.04818633198738098,0.04730987548828125,0.04851041076083978,0.04764472207261456,29.85944930182563,30.603960723876952,0.7244336518976423,0.7253717248969608,58626.859008
Wang_2023_260728_1311,366,1785296814.0939891,59742.94585943222,0.04646366089582443,0.04575514420866966,0.04697600733074877,0.04625263501372602,30.225821372138128,30.95837151421441,0.7351568758487701,0.7344406986236572,58497.589248
Wang_2023_260728_1311,367,1785296975.3758526,59904.227722883224,0.04448726400732994,0.043929554522037506,0.04483344451420837,0.044257002249360085,30.20248386806912,31.331404274834526,0.7495898744795058,0.7479037684864468,58558.636032
Wang_2023_260728_1311,368,1785297133.9996705,60062.85154080391,0.04609987139701843,0.04539439454674721,0.046604274304376705,0.045868569504883556,30.56881260342068,30.906553302341038,0.7390158991018931,0.7382307522826724,58481.700864
Wang_2023_260728_1311,369,1785297302.0746627,60230.92653298378,0.04731874540448189,0.04659271612763405,0.047716605381833185,0.046959810182452204,30.074221369425455,30.694403822157117,0.7305329219500224,0.7301201411088307,58552.553472
Wang_2023_260728_1311,370,1785297460.8553486,60389.70721888542,0.045684222131967545,0.045400381088256836,0.04482864797943168,0.04456997781164116,29.594270146687826,31.30320980495877,0.7496523797512055,0.7459799708260431,58671.04256
Wang_2023_260728_1311,371,1785297620.8268557,60549.67872595787,0.0472998283803463,0.046594321727752686,0.04610648530224959,0.04538964900705549,30.25851471794976,30.990019649929472,0.7410814432303111,0.7404267985290951,58686.193664
Wang_2023_260728_1311,372,1785297778.0193226,60706.87119293213,0.04755105450749397,0.046648554503917694,0.048343600134054816,0.04737240017288261,30.10461917453342,30.62008589002821,0.7282594185405308,0.7296245087517632,58452.242432
Wang_2023_260728_1311,373,1785297940.071362,60868.92323231697,0.04430487006902695,0.04394637048244476,0.043628744507829345,0.04331082335776753,29.97512632581923,31.612899220784506,0.7577907564904954,0.7543579851256477,58590.838784
Wang_2023_260728_1311,374,1785298097.7269359,61026.57880616188,0.04758879169821739,0.046837061643600464,0.046765050871504676,0.04600425815416707,30.061326293945314,31.018862016465928,0.7369167470932007,0.736213399834103,58620.219392
Wang_2023_260728_1311,375,1785298256.9426599,61185.794530153275,0.047883693128824234,0.04713808372616768,0.04698133865164386,0.0462929911331998,30.27151907179091,30.785148832533096,0.7363177564409044,0.7346815049648285,58616.430592
Wang_2023_260728_1311,376,1785298409.6920965,61338.54396677017,0.044886279851198196,0.044199276715517044,0.04482857753833135,0.04415942979355653,30.588452690972222,31.0415724351671,0.7480839839246538,0.7472472945849101,58488.717312
Wang_2023_260728_1311,377,1785298568.4164662,61497.2683365345,0.046755578368902206,0.04607732966542244,0.04665584029422866,0.045969460763865044,30.13430732727051,31.11386766221788,0.7388775322172377,0.7377055765522851,58689.548288
Wang_2023_260728_1311,378,1785298728.8930683,61657.744938611984,0.045661166310310364,0.045356910675764084,0.04564702760842111,0.04533393373919858,29.45164850870768,31.170488544040257,0.7445740613672468,0.7410057948695289,58691.002368
Wang_2023_260728_1311,379,1785298903.3083768,61832.16024708748,0.04507819190621376,0.04448874294757843,0.04519117539127668,0.044587159438265696,29.92234467400445,31.35716803656684,0.7469059469964769,0.7456908599535624,58816.741376
Wang_2023_260728_1311,380,1785299061.7623074,61990.61417770386,0.046101685613393784,0.04539518430829048,0.045311828727523484,0.044629489299323824,30.369960335625542,31.17973137749566,0.7462448743979136,0.7457109179761675,58769.584128
Wang_2023_260728_1311,381,1785299223.915516,62152.767386198044,0.04826132208108902,0.04743959382176399,0.048753368655840554,0.047927417937252255,29.902312791612413,30.56798923916287,0.7238211766878764,0.7234772605366177,58720.13312
Wang_2023_260728_1311,382,1785299385.05871,62313.91058039665,0.04369181767106056,0.043409861624240875,0.04340187131530709,0.043153897035453054,29.980306871202256,31.587714140150283,0.7581837322976854,0.7544989952776167,58730.00448
Wang_2023_260728_1311,383,1785299542.0155256,62470.86739587784,0.04497162997722626,0.04434541240334511,0.04470914077427652,0.04406845804717806,30.139725240071616,31.47261855231391,0.7502432040373485,0.7494904183016883,58669.686784
Wang_2023_260728_1311,384,1785299702.7552466,62631.60711693764,0.04587318375706673,0.04544703662395477,0.04543083874715699,0.04501958688100179,29.690283321804472,31.311272167629667,0.7448803521527184,0.7419726235336728,58693.074944
Wang_2023_260728_1311,385,1785299859.803716,62788.655586242676,0.04607804864645004,0.045770272612571716,0.04643658348255687,0.04611793399684959,29.239067543877496,30.950351181030275,0.7399851841396755,0.7367735910415649,58824.409088
Wang_2023_260728_1311,386,1785300013.711429,62942.563299417496,0.047666825354099274,0.04688750207424164,0.047182767109738455,0.04642358472777738,30.249519390530057,30.775878372192384,0.7346480670240191,0.7346100469430288,58587.17696
Wang_2023_260728_1311,387,1785300170.2062807,63099.0581510067,0.046954620629549026,0.04622950777411461,0.04805286842915747,0.04725815991560618,30.004364997016058,30.803958935207792,0.7293868251641591,0.7286548149585724,58844.168192
Wang_2023_260728_1311,388,1785300326.5235605,63255.37543082237,0.04766741022467613,0.046858012676239014,0.04834756459626886,0.0475150711586078,29.9492216152615,30.631909756130643,0.7267758136325412,0.7274956897894541,58631.512064
Wang_2023_260728_1311,389,1785300495.704942,63424.55681228638,0.04482736065983772,0.04423148185014725,0.045131372917029594,0.04448513433337212,30.148161443074546,31.418323169284395,0.7478887743420071,0.7470457622740003,58779.082752
Wang_2023_260728_1311,390,1785300648.5023906,63577.35426092148,0.04672684520483017,0.04600214958190918,0.046539429417914814,0.045842315761579405,30.080569432576496,30.940281075371637,0.738134823375278,0.7378767342037624,58688.876544
Wang_2023_260728_1311,391,1785300811.017209,63739.869079351425,0.045582737773656845,0.04508620873093605,0.04547840749224027,0.04496042225095961,29.71538104587131,31.37739985148112,0.7464451727602217,0.743961335685518,58827.579392
Wang_2023_260728_1311,392,1785300973.5588071,63902.410677433014,0.045033544301986694,0.04451719671487808,0.04523448493745592,0.0447127607713143,29.741483586629233,31.350456754896374,0.74623785244094,0.7441426903671688,58837.458944
Wang_2023_260728_1311,393,1785301131.5822182,64060.43408846855,0.04552830010652542,0.04481324553489685,0.04582730991972817,0.0451083810461892,30.474784681532118,31.052289021809894,0.7411248770025042,0.7409922809071011,58777.37472
Wang_2023_260728_1311,394,1785301289.3729513,64218.224821567535,0.04538619890809059,0.04509655013680458,0.04474707824488481,0.04445647068321705,29.609189461602107,31.288311903211806,0.7501770239406161,0.7462507087654537,58913.3824
Wang_2023_260728_1311,395,1785301451.248846,64380.10071635246,0.044491708278656006,0.043953362852334976,0.04496485288772318,0.04440129222969214,30.079365005493162,31.452855241563586,0.7488313570287493,0.7465199377801683,58923.261952
Wang_2023_260728_1311,396,1785301611.7156773,64540.56754755974,0.045440420508384705,0.04504181444644928,0.04455230424801509,0.04418450319932567,29.829016053941515,31.485338516235352,0.7514765579170651,0.7485419419076708,58817.9456
Wang_2023_260728_1311,397,1785301772.49389,64701.34576034546,0.04603191092610359,0.04534800723195076,0.04559803094300959,0.04497750197019842,30.09063247680664,31.313175116644967,0.7445100948545668,0.7426210035218133,58894.209024
Wang_2023_260728_1311,398,1785301930.5467274,64859.398597717285,0.048258375376462936,0.047445617616176605,0.04744158721632428,0.046664656293061046,30.233740124172634,30.910988218519424,0.7339059343602923,0.7333163128958808,58730.463232
Wang_2023_260728_1311,399,1785302101.5212488,65030.37311911583,0.04335593059659004,0.0429365411400795,0.043655649009678096,0.04322323419981532,30.13647358364529,31.658878512912327,0.757055733733707,0.7542175938023461,58923.405312
Wang_2023_260728_1311,400,1785302256.1439552,65184.9958255291,0.0481143482029438,0.047318436205387115,0.04751095063984394,0.04672466728422377,30.185005620320638,30.750188929239908,0.732133057249917,0.7312216692500644,58720.428032
Wang_2023_260728_1311,401,1785302417.987771,65346.839641332626,0.046348344534635544,0.04558573290705681,0.046798831183049415,0.045996914522515406,30.148138224283855,30.93781056722005,0.7357443829377492,0.7361518577734629,58912.473088
Wang_2023_260728_1311,402,1785302577.7566576,65506.60852789879,0.04660464823246002,0.045975759625434875,0.04639369446370337,0.04578871072166496,30.013511225382487,31.053188485039605,0.7403087426556482,0.7380209460523394,58936.393728
Wang_2023_260728_1311,403,1785302739.0467446,65667.89861488342,0.04487142339348793,0.044273048639297485,0.044717378169298175,0.04411843590438366,30.113932300143773,31.46204950120714,0.7490424067444271,0.7477706927723354,59002.433536
Wang_2023_260728_1311,404,1785302897.6969318,65826.54880213737,0.04575927555561066,0.04546862468123436,0.04567232167555226,0.04536774906847212,29.435602391560874,31.076109330919053,0.7442194594277276,0.7406113051043617,59012.313088
Wang_2023_260728_1311,405,1785303059.301929,65988.15379929543,0.046304915100336075,0.045862723141908646,0.04538992058071825,0.044992831639117666,29.766294793023004,31.30133051554362,0.7461777365207672,0.7422808643182118,58900.963328
Wang_2023_260728_1311,406,1785303214.9823196,66143.83418989182,0.04743609204888344,0.046779777854681015,0.04768565845986207,0.0470301402774122,29.771383565266927,30.87515913221571,0.7308114225334591,0.7292066898610857,58907.492352
Wang_2023_260728_1311,407,1785303376.4798048,66305.33167505264,0.0455760583281517,0.04499270021915436,0.045203872811463146,0.044615968275401326,29.91683750576443,31.353011406792536,0.7476204289330377,0.7458443518479665,59042.177024
Wang_2023_260728_1311,408,1785303533.0959222,66461.94779253006,0.04587004333734512,0.04512752965092659,0.0451268275661601,0.04442992880112595,30.751740366617838,30.996439870198568,0.7477029273245069,0.7468237158987258,59042.070528
Wang_2023_260728_1311,409,1785303705.684838,66634.53670835495,0.04600523039698601,0.0453149788081646,0.04570608639882671,0.045039798319339755,30.22432673136393,31.24173799302843,0.743009492026435,0.7431515002250672,59024.351232
Wang_2023_260728_1311,410,1785303870.3513014,66799.20317173004,0.04487978294491768,0.04420230910181999,0.044562473860051896,0.043951375683148705,30.334095306396485,31.342389034695096,0.7493975667158762,0.747685573498408,59012.456448
Wang_2023_260728_1311,411,1785304030.8042576,66959.65612792969,0.0489056259393692,0.04810120165348053,0.0488084645403756,0.047983994781970976,29.96691463894314,30.441622933281792,0.7246846951378716,0.7241208647357092,58967.67488
Wang_2023_260728_1311,412,1785304192.9552197,67121.80709004402,0.044765960425138474,0.044437751173973083,0.04468126342528396,0.04435750838783052,29.74080173916287,31.368416239420572,0.7515466858281029,0.7480248668458727,59024.084992
Wang_2023_260728_1311,413,1785304352.6167915,67281.46866178513,0.04796753078699112,0.04717488959431648,0.047302440686358346,0.04652131923370891,30.06875806172689,30.916600477430556,0.7337952469454871,0.7342573793729147,58966.757376
Wang_2023_260728_1311,414,1785304510.3479674,67439.19983768463,0.04790705814957619,0.04716833680868149,0.047972200512886046,0.047245911086599035,30.0633780670166,30.71216453552246,0.7289510255389743,0.7289360574881236,58969.935872
Wang_2023_260728_1311,415,1785304668.3641791,67597.21604943275,0.046307049691677094,0.04556964337825775,0.04659243444601695,0.045849316716194154,30.282270897759332,30.980945832994248,0.7385229055086772,0.7374899334377713,58896.433152
Wang_2023_260728_1311,416,1785304825.9590623,67754.81093263626,0.0440545454621315,0.04377845302224159,0.044986640645398035,0.04469830835858981,29.569458211263022,31.258258327907985,0.7489684238698747,0.7449490189552307,59128.85248
Wang_2023_260728_1311,417,1785304987.9270644,67916.77893471718,0.04611464962363243,0.045706044882535934,0.04588755221830474,0.04547978057629532,29.476341094970703,31.19987149556478,0.743351862165663,0.7401653348075019,59023.450112
Wang_2023_260728_1311,418,1785305146.2423513,68075.09422159195,0.04574829339981079,0.04526457190513611,0.04547993045714167,0.0449952892627981,29.7404660542806,31.29271767510308,0.7451027656926049,0.7429392121897803,59049.701376
Wang_2023_260728_1311,419,1785305319.9536483,68248.80551862717,0.04569535702466965,0.044966455549001694,0.046235059599081675,0.045485347277588316,29.89576515197754,31.193415535820854,0.7402785229682922,0.739899940888087,59146.252288
Wang_2023_260728_1311,420,1785305482.6019263,68411.45379662514,0.04554945230484009,0.04493196681141853,0.04549813148048189,0.044895561271243625,30.133692872789172,31.235640190972223,0.7453279602527618,0.7438567862245772,59064.672256
Wang_2023_260728_1311,421,1785305642.2269645,68571.07883477211,0.04660362750291824,0.045984286814928055,0.04718976218667295,0.04656748526626163,29.754773491753472,31.037324837578666,0.7342594424883525,0.7330133684476217,59018.715136
Wang_2023_260728_1311,422,1785305802.943574,68731.7954442501,0.04651770740747452,0.04573195055127144,0.04617067367666298,0.04536229173342387,30.43886110941569,30.881686816745333,0.7411759977870517,0.7415787993537055,59073.060864
Wang_2023_260728_1311,423,1785305964.6866796,68893.53854990005,0.045145269483327866,0.04475218802690506,0.046007392836941614,0.04559190140830146,29.579806781344942,31.197101838853623,0.7422053286764356,0.7392755130926768,59075.739648
Wang_2023_260728_1311,424,1785306124.591757,69053.44362735748,0.04542089253664017,0.044685203582048416,0.04498146553006437,0.04421106996635596,30.417452307807075,31.512015889485678,0.7476699659559461,0.7481290520562066,59032.416256
Wang_2023_260728_1311,425,1785306282.623384,69211.47525429726,0.048475638031959534,0.04764769598841667,0.048936189487576484,0.04808375666538874,29.812107264200847,30.617835523817273,0.7247407144970364,0.7247038364410401,59217.805312
Wang_2023_260728_1311,426,1785306440.5807393,69369.4326095581,0.04890915006399155,0.04810022935271263,0.047905387952923775,0.047066780370142725,30.20275875515408,30.659245681762695,0.7303004729747772,0.7302031171321869,59217.698816
Wang_2023_260728_1311,427,1785306602.7583044,69531.61017465591,0.04581524059176445,0.04518379271030426,0.04546398194299804,0.04483019871016344,30.059709684583876,31.352093370225695,0.7449045994546678,0.7441293859481811,59183.587328
Wang_2023_260728_1311,428,1785306764.7806578,69693.63252806664,0.046823397278785706,0.045991092920303345,0.04744082935154438,0.04660738233890798,30.372638024224177,30.846445897420246,0.7331372567017873,0.7325007837348514,59134.734336
Wang_2023_260728_1311,429,1785306936.1725044,69865.02437472343,0.04799247160553932,0.047209903597831726,0.048156043746405176,0.04737822723057535,30.099206093682184,30.590506422254773,0.7291993713378906,0.7287302792072297,59059.44576
Wang_2023_260728_1311,430,1785307095.764323,70024.61619329453,0.048098884522914886,0.04734037443995476,0.04679009044335948,0.046082481311427226,29.788119049072264,31.08433583577474,0.7365347916550107,0.736512838072247,59124.277248
Wang_2023_260728_1311,431,1785307257.4836526,70186.33552289009,0.04687686637043953,0.04614660143852234,0.0471074224015077,0.046380466752582124,29.914312778049045,31.06248732672797,0.7355492073959774,0.7348644416862063,59213.656064
Wang_2023_260728_1311,432,1785307419.091242,70347.94311237335,0.0464031882584095,0.04582417756319046,0.04628593588040935,0.04571634863813718,29.9278534105089,31.295238155788844,0.7409569509824117,0.739279735353258,59234.148352
Wang_2023_260728_1311,433,1785307581.0268471,70509.87871742249,0.045863714069128036,0.04551776126027107,0.04572900974088245,0.045381837437550226,29.51826958550347,31.224882583618164,0.744304696586397,0.7409715456432766,59229.745152
Wang_2023_260728_1311,434,1785307740.0106955,70668.86256575584,0.04490434750914574,0.044208839535713196,0.04497258121768633,0.04430447373953131,30.72936936272515,31.280301191541884,0.749329297542572,0.7478005127112071,59083.603968
Wang_2023_260728_1311,435,1785307901.419851,70830.27172136307,0.04409866780042648,0.04354240745306015,0.04364843671520551,0.04311574716534879,30.14503995259603,31.537261420355904,0.7561794254514906,0.7543225909603967,59153.412096
Wang_2023_260728_1311,436,1785308064.3302639,70993.18213415146,0.044764816761016846,0.044318247586488724,0.044674796925650705,0.04422641372515096,29.83510482788086,31.370771908230253,0.7498994139830272,0.7474692193667094,59264.823296
Wang_2023_260728_1311,437,1785308225.5807402,71154.43261051178,0.044348448514938354,0.04380614683032036,0.04454650099906656,0.04397682711482048,30.281068428887263,31.518064897325303,0.7511153030395508,0.7500807683997684,59268.419584
Wang_2023_260728_1311,438,1785308386.1305265,71314.98239684105,0.044557951390743256,0.0440254807472229,0.04434286385774613,0.04381391960713599,30.281066886054145,31.59871988932292,0.7520089858108097,0.7509117621845669,59278.299136
Wang_2023_260728_1311,439,1785308561.0708182,71489.92268848419,0.04507000744342804,0.044717077165842056,0.04486825348602401,0.04454054950839943,29.764334174262153,31.435643980238172,0.7507645711633895,0.74684981836213,59277.164544
Wang_2023_260728_1311,440,1785308723.375777,71652.22764730453,0.04517371207475662,0.04455264285206795,0.04492876671254635,0.04430614774425824,30.055829289754232,31.47244053310818,0.7496694540977478,0.7479464464717441,59197.833216
Wang_2023_260728_1311,441,1785308881.9832125,71810.8350827694,0.04722104221582413,0.04654523357748985,0.047594362265533874,0.04690558840003278,29.668450122409396,30.882479782104493,0.7333908625443777,0.7322650688224369,59191.181312
Wang_2023_260728_1311,442,1785309036.8499365,71965.70180678368,0.04562096670269966,0.04486176371574402,0.04534365429646439,0.04457869393957986,30.40306514316135,31.211576987372503,0.7457099253601498,0.7456989177068074,59376.570368
