run_id,epoch,timestamp,elapsed_total_sec,train_loss_xy,train_loss_z,val_loss_xy,val_loss_z,psnr_xy,psnr_final,ssim_xy,ssim_final,ram_mb
Wang_2023_260729_1232,0,1785321310.4143443,181.06169390678406,0.07443733513355255,0.06947901099920273,0.0817189107173019,0.08152721857031187,25.839449979994033,26.412434963650174,0.5279713843928443,0.5341347233454387,24774.995968
Wang_2023_260729_1232,1,1785321469.9645658,340.6119153499603,0.06221771240234375,0.06263847649097443,0.07933479466372066,0.07943555581900809,26.124695434570313,26.683907962375216,0.5435490863853031,0.5429288936985863,33240.690688
Wang_2023_260729_1232,2,1785321633.7810361,504.4283857345581,0.06370601803064346,0.06396255642175674,0.08234412961535983,0.08245354466968112,25.729757749769423,26.076612769232856,0.5302466029591031,0.5318701595730252,34294.82496
Wang_2023_260729_1232,3,1785321795.6021547,666.249504327774,0.06168224290013313,0.06202761456370354,0.0826686856812901,0.08265997495916155,25.81803567674425,26.27840422736274,0.5244120744864146,0.5239748767349455,34281.545728
Wang_2023_260729_1232,4,1785321957.1751957,827.8225452899933,0.0623660609126091,0.0626424103975296,0.08439899937974082,0.08437731423311763,25.44926392449273,26.11884046766493,0.5181229057576922,0.5177407961421543,34421.915648
Wang_2023_260729_1232,5,1785322116.1971233,986.8444728851318,0.05968615785241127,0.059778835624456406,0.08276407228575812,0.08281386382049985,25.625644209120008,26.010840055677626,0.5275898059209188,0.5248720531993442,34727.682048
Wang_2023_260729_1232,6,1785322271.6312644,1142.2786140441895,0.061053235083818436,0.06118055060505867,0.08168941565685801,0.0814705915749073,25.93451402452257,26.293654369778103,0.5331949333349864,0.5325557299455007,34819.473408
Wang_2023_260729_1232,7,1785322435.7427752,1306.390124797821,0.06288813799619675,0.06311634182929993,0.08127581958969433,0.08100699654883808,25.9141466861301,26.455900056627062,0.5320555970403883,0.534191672205925,34677.030912
Wang_2023_260729_1232,8,1785322590.2172077,1460.8645572662354,0.059134457260370255,0.059332240372896194,0.08235124089651638,0.08218231308791372,25.795225024753147,26.330499030219183,0.5273402780956692,0.526149653395017,34724.335616
Wang_2023_260729_1232,9,1785322753.566834,1624.2141835689545,0.06374591588973999,0.0638817623257637,0.07994544471303622,0.08014439559645123,26.03218992445204,26.474283328586154,0.5412584365738763,0.5383955954180824,35181.744128
Wang_2023_260729_1232,10,1785322902.8853145,1773.5326640605927,0.06093604862689972,0.06102260202169418,0.07857633238037427,0.0784070061147213,26.18893157111274,26.626721081203886,0.5488237949212392,0.5463637275165981,40686.624768
Wang_2023_260729_1232,11,1785323064.56001,1935.2073595523834,0.060178473591804504,0.06026158481836319,0.08130872989694278,0.0811694308121999,25.898717965020072,26.291584989759656,0.5355416601234012,0.5359676130612692,40758.55872
Wang_2023_260729_1232,12,1785323223.1209083,2093.768257856369,0.059440191835165024,0.05938172712922096,0.07484649724430507,0.07467385414573881,26.557002826266817,27.045712797376844,0.5703723680973053,0.5700961332850986,41263.632384
Wang_2023_260729_1232,13,1785323385.5150557,2256.1624052524567,0.05941041558980942,0.05958534777164459,0.08360643684864044,0.08349140671392281,25.65451560974121,26.269432169596353,0.5208684745762083,0.5204288209146923,40639.11936
Wang_2023_260729_1232,14,1785323537.1690784,2407.8164279460907,0.06163265183568001,0.06164620444178581,0.07990036182933384,0.07977889812654919,26.104568879869248,26.485610478719074,0.5428880536556244,0.5417911303043366,41387.388928
Wang_2023_260729_1232,15,1785323683.975143,2554.6224925518036,0.06198977306485176,0.06192321702837944,0.08284710400634342,0.0827922035753727,25.620816124810112,26.088233829074436,0.5219771753417121,0.5228798872894711,41437.601792
Wang_2023_260729_1232,16,1785323843.8334296,2714.48077917099,0.05680595710873604,0.05699688941240311,0.08224492632680469,0.08210141911274857,25.88570442199707,26.793692287868925,0.5292050713962979,0.5288985905382368,40038.690816
Wang_2023_260729_1232,17,1785324001.1852937,2871.8326432704926,0.05779504030942917,0.057892195880413055,0.08296360508435302,0.08293807874951098,25.746879993014865,26.532448230319552,0.524090215894911,0.5207374499903785,40565.133312
Wang_2023_260729_1232,18,1785324158.1933548,3028.8407044410706,0.056895725429058075,0.05694880336523056,0.0840704043292337,0.08395663984947735,25.692850858900282,26.17188875834147,0.5179040743245019,0.5169595073329077,41099.784192
Wang_2023_260729_1232,19,1785324327.6768932,3198.3242428302765,0.05832395330071449,0.05830676853656769,0.07799045022990969,0.07828405219647619,26.263182754516603,26.66898969014486,0.5512390030754937,0.5468008089727826,42114.830336
Wang_2023_260729_1232,20,1785324482.7039237,3353.3512732982635,0.05709986016154289,0.05707285925745964,0.07928629452983538,0.0793021121289995,26.170873726738822,26.461484841240775,0.5487228643894195,0.5475362743271722,42171.662336
Wang_2023_260729_1232,21,1785324630.8775606,3501.524910211563,0.05764253810048103,0.05753997713327408,0.08063483508096801,0.08054191826118363,25.8957777150472,26.31051687452528,0.5338042194313474,0.5346791573365529,41950.1056
Wang_2023_260729_1232,22,1785324781.4663367,3652.113686323166,0.05883953347802162,0.0587984099984169,0.08339002211888631,0.08363338200582399,25.705396516588,25.930103844536674,0.5197336851225959,0.5170263638761309,41994.825728
Wang_2023_260729_1232,23,1785324941.1049697,3811.7523193359375,0.055594298988580704,0.05573352053761482,0.08212037856380144,0.082152325908343,25.9607758585612,26.74552913241916,0.5272561492522557,0.5260501072804133,41125.134336
Wang_2023_260729_1232,24,1785325091.8595421,3962.5068917274475,0.055365752428770065,0.055241141468286514,0.08144267977939712,0.08138350293040275,25.966583557128907,26.305038358900283,0.5340769573714998,0.5321878671646119,42687.930368
Wang_2023_260729_1232,25,1785325242.558441,4113.205790519714,0.057696934789419174,0.057602476328611374,0.08351895658506288,0.08353999503784709,25.66045031229655,26.04424405415853,0.5269440543651581,0.5259588458140692,42482.688
Wang_2023_260729_1232,26,1785325391.6611898,4262.308539390564,0.05560033768415451,0.05558811128139496,0.08067281477981143,0.08076505212320222,26.02427596198188,26.70102047390408,0.5371953029765023,0.5347538521554736,41786.167296
Wang_2023_260729_1232,27,1785325547.5652134,4418.212563037872,0.05775057151913643,0.0576331652700901,0.07940257580743895,0.07944537685977088,26.130166982014973,26.450321901109483,0.5403710597091251,0.5391457005341848,42611.154944
Wang_2023_260729_1232,28,1785325708.053939,4578.701288700104,0.053657062351703644,0.053773533552885056,0.08200489088065094,0.08190166777206792,25.854243291219074,26.646577936808267,0.5255786508321763,0.5266139431794484,41475.428352
Wang_2023_260729_1232,29,1785325874.0825577,4744.729907274246,0.056199077516794205,0.05616418272256851,0.08110967879494031,0.08091929376125336,25.89333888583713,26.175774926079644,0.529076103899214,0.5303070080280304,42844.16
Wang_2023_260729_1232,30,1785326034.7932346,4905.440584182739,0.05416077375411987,0.054107531905174255,0.07934457539684242,0.07914111747509904,26.122188907199437,26.786720699734158,0.5419223105245167,0.5413152145677143,42130.259968
Wang_2023_260729_1232,31,1785326195.7357645,5066.383114099503,0.05460644140839577,0.054548513144254684,0.08158747046358056,0.0817317279593812,25.952978083292642,26.582581566704643,0.5315679664744272,0.52899652964539,42000.97792
Wang_2023_260729_1232,32,1785326346.4309402,5217.078289747238,0.0524519719183445,0.052210479974746704,0.08203327818049325,0.0821311790910032,25.834420166015626,26.156764645046657,0.5287291782432132,0.5241402488284641,43214.344192
Wang_2023_260729_1232,33,1785326495.591366,5366.238715648651,0.05439023673534393,0.05443747714161873,0.08035335616932975,0.0803119771513674,25.84273956298828,26.728451495700412,0.5350684516297446,0.5355809124973085,42037.362688
Wang_2023_260729_1232,34,1785326656.843872,5527.491221666336,0.054284196346998215,0.05421258136630058,0.08185315748883618,0.08183312026990784,25.821020109388563,26.497341690063475,0.5289462125301361,0.528905403746499,42339.110912
Wang_2023_260729_1232,35,1785326807.604056,5678.251405477524,0.05093551054596901,0.05091779679059982,0.08275747683313157,0.08277410876419809,25.76055179172092,26.53019906785753,0.5249159870545069,0.5230366092920303,41950.068736
Wang_2023_260729_1232,36,1785326968.8118443,5839.459193944931,0.053797293454408646,0.05366860702633858,0.07879853311512205,0.07856780509981844,26.3132142384847,26.80054551018609,0.5438351554340787,0.5415257832076814,42849.984512
Wang_2023_260729_1232,37,1785327119.8185918,5990.465941429138,0.05479523167014122,0.054600734263658524,0.07982661108175913,0.07959094757835071,26.093162723117405,26.43385515001085,0.5388950535986159,0.5383822011947632,43330.146304
Wang_2023_260729_1232,38,1785327281.1249847,6151.7723343372345,0.05219382792711258,0.052117347717285156,0.08823476506604089,0.08872312563161056,25.304452446831597,25.93366697523329,0.4911658316850662,0.48807831280761294,42296.643584
Wang_2023_260729_1232,39,1785327435.9321387,6306.579488277435,0.05220558121800423,0.05212431773543358,0.08067915917270714,0.08045703666077719,26.065902608235678,26.91878185696072,0.5317130504051845,0.5300938330756293,42249.846784
Wang_2023_260729_1232,40,1785327587.682982,6458.33033156395,0.05331488698720932,0.053237926214933395,0.081375715997484,0.08120482818947898,26.064062271118164,26.62767509460449,0.526567086842325,0.5272887641191483,42731.872256
Wang_2023_260729_1232,41,1785327740.0330117,6610.6803612709045,0.05098531395196915,0.05076789855957031,0.07918740303979979,0.0792334542506271,26.38978672451443,26.73677983601888,0.5444111837943395,0.5397860939635171,43043.201024
Wang_2023_260729_1232,42,1785327903.0382879,6773.68563747406,0.05393998324871063,0.053736284375190735,0.08310156443052821,0.08302661340269778,25.793663779364692,26.181247278849284,0.5198904837502374,0.5200341759787666,43184.222208
Wang_2023_260729_1232,43,1785328051.930166,6922.577515602112,0.05147102102637291,0.05129750445485115,0.08506115179095003,0.08501928182939689,25.55686258951823,26.0920494333903,0.5065048438310623,0.5055293098423216,42837.868544
Wang_2023_260729_1232,44,1785328211.9236226,7082.570972204208,0.052924949675798416,0.05269531533122063,0.08394289473692576,0.08380937531590461,25.770743272569444,26.045545179578994,0.5143830213944117,0.5108700501918793,43801.780224
Wang_2023_260729_1232,45,1785328362.6892085,7233.336558103561,0.05069466307759285,0.05046258866786957,0.08520816726817025,0.08523837533262041,25.653943405151367,25.940379536946615,0.507113312681516,0.5073621064424515,43481.399296
Wang_2023_260729_1232,46,1785328514.5300884,7385.177438020706,0.053395263850688934,0.05314795672893524,0.08318009942770005,0.08301470715138648,25.811748140123154,25.99931091308594,0.5163326034280988,0.5166337757640415,43864.047616
Wang_2023_260729_1232,47,1785328667.4150808,7538.062430381775,0.05079304054379463,0.0506138876080513,0.08185400972763697,0.08164782678915394,25.98260314941406,26.259164945814344,0.5265134895510144,0.5277834964460797,43443.433472
Wang_2023_260729_1232,48,1785328819.5188992,7690.16624879837,0.04900191351771355,0.048698559403419495,0.08073624023132854,0.08045898662673102,25.98049717373318,26.23637479994032,0.5313024609618717,0.5322851741976208,43879.69024
Wang_2023_260729_1232,49,1785328979.3519945,7849.999344110489,0.049462899565696716,0.04920325428247452,0.07958367314603594,0.07920655430191093,26.12253530714247,26.583617706298828,0.5379658456643422,0.5391265912850698,43444.502528
Wang_2023_260729_1232,50,1785329127.453315,7998.100664615631,0.052125170826911926,0.05183081328868866,0.08193384332789315,0.08174082443118096,25.86765416463216,26.139397447374133,0.5266974037223392,0.5268726642926534,43877.470208
Wang_2023_260729_1232,51,1785329283.957603,8154.604952573776,0.04877638816833496,0.04853095859289169,0.07734274576107661,0.07722434676355786,26.368198555840387,27.120001754760743,0.5518547217051188,0.551689373254776,42722.5088
Wang_2023_260729_1232,52,1785329439.4160295,8310.063379049301,0.04955076053738594,0.04951612278819084,0.08537592768669128,0.08557759235302607,25.475238401624893,26.4472321234809,0.5107329663965438,0.5075685438182619,42526.449664
Wang_2023_260729_1232,53,1785329591.9982467,8462.645596265793,0.0506616085767746,0.05042300745844841,0.080452049093114,0.08021784603595733,26.05007950676812,26.456424475775826,0.5331009544928869,0.5323103363646401,43839.373312
Wang_2023_260729_1232,54,1785329746.0337214,8616.681071043015,0.05065513774752617,0.05035366117954254,0.08128889398442374,0.0813056461678611,26.00042608473036,26.375215013292102,0.5269647137986289,0.52533653597037,43612.52864
Wang_2023_260729_1232,55,1785329898.264122,8768.9114716053,0.05170556902885437,0.05134471133351326,0.07911409598257807,0.07889637958672312,26.152203165690104,26.42336284213596,0.5435534885194566,0.5420624372694227,44081.209344
Wang_2023_260729_1232,56,1785330057.9317417,8928.579091310501,0.05051770806312561,0.05014555901288986,0.08283386865423785,0.08272671860953172,25.8059142642551,26.085186581081814,0.5174904078245163,0.5176005337635676,44022.796288
Wang_2023_260729_1232,57,1785330209.3953242,9080.042673826218,0.05011918768286705,0.04993707314133644,0.08274397938615746,0.0827054766813914,25.845821092393663,26.567833565606012,0.5206886082225376,0.523173915081554,42896.95744
Wang_2023_260729_1232,58,1785330361.5021086,9232.149458169937,0.048221129924058914,0.04792109504342079,0.08248637134830157,0.08236853299869432,25.82410265604655,26.21739200168186,0.5211398989624447,0.5204531996117698,43943.64928
Wang_2023_260729_1232,59,1785330517.5535138,9388.200863361359,0.05055052414536476,0.0503070242702961,0.08191498249769211,0.08184176820847723,26.060100546942817,26.57907016330295,0.5230957324637308,0.5241627680593067,43148.468224
Wang_2023_260729_1232,60,1785330667.5691574,9538.216506958008,0.04957573860883713,0.049230802804231644,0.08404940941267543,0.08379639423555799,25.693894365098743,26.021786549886066,0.5149592839346991,0.5129970983001921,44299.411456
Wang_2023_260729_1232,61,1785330819.7869663,9690.434315919876,0.05060344189405441,0.050275981426239014,0.08078420665529039,0.08046151782075564,26.036716673109268,26.34922102186415,0.5328842979007297,0.532523090839386,44001.378304
Wang_2023_260729_1232,62,1785330970.800104,9841.44745349884,0.04617132246494293,0.04577356204390526,0.07965418824719059,0.07939071344004738,26.094081149631076,26.498667085435656,0.5382017833656735,0.5374312377638287,44288.966656
Wang_2023_260729_1232,63,1785331120.800541,9991.447890520096,0.04935522377490997,0.04898110777139664,0.07653300920294391,0.07625103154944049,26.393405185275608,26.810724275377062,0.555330579413308,0.5554321768548753,44198.948864
Wang_2023_260729_1232,64,1785331270.18064,10140.827989578247,0.04715704172849655,0.046827804297208786,0.08408475788103209,0.08392168187432819,25.671183683607314,25.908294118245443,0.5135451892349455,0.513045408460829,44025.626624
Wang_2023_260729_1232,65,1785331419.1916823,10289.839031934738,0.046778686344623566,0.04650859162211418,0.08125380204783546,0.08092931254870361,26.03505328708225,26.59792729695638,0.5324389865001042,0.5319466331270006,43431.972864
Wang_2023_260729_1232,66,1785331567.2019718,10437.849321365356,0.05088389664888382,0.0504600889980793,0.08355745961268743,0.08339127050505744,25.749022250705295,25.97188924153646,0.5141995275020599,0.516416114171346,44258.844672
Wang_2023_260729_1232,67,1785331714.3927503,10585.040099859238,0.04952625185251236,0.049049220979213715,0.08203889106710752,0.08188686973518795,25.909558003743488,26.029799847073026,0.5250726068019866,0.5245309383339352,44144.070656
Wang_2023_260729_1232,68,1785331865.8328388,10736.480188369751,0.04707498848438263,0.04683787003159523,0.079934817502896,0.07962481999562847,26.012213389078777,26.878394673665365,0.5363061357206769,0.5372201746039921,43112.251392
Wang_2023_260729_1232,69,1785332021.8932705,10892.540620088577,0.04935460537672043,0.04900606349110603,0.07984987948503759,0.07939391379555066,26.035552910698783,26.639748577541773,0.5350907086663776,0.5394437121682697,43482.80832
Wang_2023_260729_1232,70,1785332176.591909,11047.239258527756,0.04693683981895447,0.04656858369708061,0.07767990393771065,0.07744513039787611,26.294186511569553,26.919689721001518,0.5488972001605563,0.5476552146010929,43734.020096
Wang_2023_260729_1232,71,1785332328.7632127,11199.41056227684,0.048122208565473557,0.04777787998318672,0.08010944676068094,0.07982154664066103,26.08313169691298,26.603950695461698,0.5366397223207686,0.53771690706412,43590.078464
Wang_2023_260729_1232,72,1785332475.8273718,11346.474721431732,0.051029838621616364,0.0506477989256382,0.08307147166795201,0.08314835197395748,25.844791361490884,26.183826522827147,0.5212022219101587,0.5191216398610009,44326.66624
Wang_2023_260729_1232,73,1785332624.5750504,11495.222399950027,0.049817632883787155,0.0492839477956295,0.07992215269141727,0.079777463061942,26.13821212768555,26.417507112291123,0.5362447351879543,0.5346213880512449,44461.6704
Wang_2023_260729_1232,74,1785332775.7185972,11646.365946769714,0.04688171669840813,0.046602990478277206,0.08270883965823385,0.0827462343706025,25.909444300333657,26.488865212334527,0.5203849340147443,0.520019353363249,43387.625472
Wang_2023_260729_1232,75,1785332931.2649393,11801.91228890419,0.04934888705611229,0.04881080240011215,0.08095123537712627,0.08057092953059408,25.94273242526584,26.325969229804144,0.5311861383252674,0.5296558661593331,44373.83168
Wang_2023_260729_1232,76,1785333082.215948,11952.863297700882,0.047779470682144165,0.04731781780719757,0.08358392405013243,0.08389679650465648,25.750231263902453,25.869758945041234,0.5211845401922862,0.5179112464189529,44539.37152
Wang_2023_260729_1232,77,1785333245.5291512,12116.176500797272,0.04728767275810242,0.04683402180671692,0.0809461794131332,0.08048155509763294,25.97130844116211,26.186562559339734,0.5312080404493544,0.5318611992730035,44662.157312
Wang_2023_260729_1232,78,1785333398.0516284,12268.698977947235,0.04564262926578522,0.04540696740150452,0.08206157150367896,0.08169333458774619,25.917480019463433,26.54229364183214,0.5220535354481803,0.5209864674674141,43452.002304
Wang_2023_260729_1232,79,1785333555.7811277,12426.428477287292,0.04571249336004257,0.04533074423670769,0.08025357708334922,0.08003798305988312,26.24403828938802,26.678236923217774,0.5345159228642782,0.5337362458308538,43962.519552
Wang_2023_260729_1232,80,1785333708.1422188,12578.789568424225,0.04898616299033165,0.04847559705376625,0.08379069089889526,0.08371801733970642,25.702972785101995,26.049329664442276,0.515477137433158,0.5129263337453206,44491.526144
Wang_2023_260729_1232,81,1785333861.2245862,12731.871935844421,0.04661126807332039,0.04617152735590935,0.08094561601678531,0.08068495224747393,25.940620201958552,26.4953089650472,0.5323766887850232,0.5299674125512441,44255.82592
Wang_2023_260729_1232,82,1785334012.7903087,12883.437658309937,0.046413619071245193,0.04604751616716385,0.07696487038499779,0.07655420882834328,26.577088911268447,26.966761491563584,0.5539818433258269,0.5533501924408807,44179.566592
Wang_2023_260729_1232,83,1785334170.9479766,13041.595326185226,0.04610704630613327,0.04570998251438141,0.08410094671779209,0.08391950575013955,25.541007876926,26.19649151272244,0.5104754937357373,0.5107575084103478,43638.784
Wang_2023_260729_1232,84,1785334322.584643,13193.231992483139,0.04607719928026199,0.0456184484064579,0.07973196725050609,0.07976664173934195,26.159806781344944,26.539625684950085,0.5362046415938272,0.5360856361521615,44254.834688
Wang_2023_260729_1232,85,1785334471.486669,13342.134018659592,0.04687633365392685,0.04641881585121155,0.08271152808434433,0.08248445058862368,25.751029417249892,26.23074484931098,0.5214787822299534,0.5229789776272243,43967.033344
Wang_2023_260729_1232,86,1785334624.5656304,13495.212980031967,0.044767506420612335,0.04440140724182129,0.08117140187157525,0.08098390177720123,26.029059490627713,26.33375372144911,0.5286079828606711,0.5291527503066593,44517.1712
Wang_2023_260729_1232,87,1785334774.8700657,13645.51741528511,0.046649131923913956,0.04616326093673706,0.07877774592902925,0.07843107746707069,26.19949751112196,26.457781168619793,0.5416936789618598,0.5420951660474141,44756.176896
Wang_2023_260729_1232,88,1785334921.2236395,13791.870989084244,0.04328301176428795,0.04302786663174629,0.0791362220628394,0.0790058809849951,26.2069475724962,27.06349172804091,0.540442769130071,0.5389245749182171,43632.64
Wang_2023_260729_1232,89,1785335074.5172098,13945.164559364319,0.045549310743808746,0.04522024095058441,0.08072522460586495,0.08053242690861225,25.967732357449,26.714962734646267,0.535948747727606,0.5355105655723148,43786.665984
Wang_2023_260729_1232,90,1785335234.7850683,14105.432417869568,0.046142399311065674,0.04593285918235779,0.0808826194703579,0.08060680692394574,26.060956785413953,26.97707511054145,0.5342490068409178,0.5332810268799464,43455.475712
Wang_2023_260729_1232,91,1785335386.3526292,14256.999978780746,0.04869700223207474,0.048172496259212494,0.08080334963897864,0.08067505651050144,26.077776319715714,26.225875973171657,0.5331939832369487,0.5315141262610753,44957.847552
Wang_2023_260729_1232,92,1785335540.5312896,14411.178639173508,0.04541676118969917,0.045016393065452576,0.08132061789433162,0.08112231792675124,25.992992307874893,26.327517488267688,0.5288570700089137,0.5272183773914972,44620.795904
Wang_2023_260729_1232,93,1785335692.3699121,14563.017261743546,0.04668425768613815,0.04618477821350098,0.07998948021067513,0.07942383151087495,26.057592485215928,26.36440579732259,0.5383593219518662,0.5369422590732574,44905.94304
Wang_2023_260729_1232,94,1785335843.1078603,14713.75520992279,0.04250214621424675,0.04223819822072983,0.08160769756469462,0.08149944476783276,25.997123446994358,26.61837535434299,0.5277686368756824,0.5279617206255595,43773.325312
Wang_2023_260729_1232,95,1785336006.8366256,14877.483975172043,0.045470040291547775,0.04503708705306053,0.08138737118078603,0.0812053428673082,25.94089283413357,26.250716162787544,0.5258313918775982,0.5267273501555125,44785.21344
Wang_2023_260729_1232,96,1785336155.2602155,15025.907565116882,0.04817459359765053,0.04762927070260048,0.08450090328852336,0.08407390860219796,25.684168735080295,25.9643507554796,0.5133626684877608,0.5121306020683712,45076.844544
Wang_2023_260729_1232,97,1785336304.327084,15174.974433660507,0.04573829099535942,0.04535809904336929,0.08306848388579156,0.08295827449195915,25.792786619398328,26.51190689086914,0.5210240746868982,0.518895442949401,44053.25824
Wang_2023_260729_1232,98,1785336456.0099177,15326.657267332077,0.04839518293738365,0.047825708985328674,0.07858066795600785,0.07802010074257851,26.23500278049045,26.488532002766927,0.5436446362071568,0.5426281217734019,45037.453312
Wang_2023_260729_1232,99,1785336615.1742406,15485.821590185165,0.05000849813222885,0.0493556410074234,0.08264904308650228,0.08214347605903943,25.748537606133354,26.11099585639106,0.5173564435376061,0.5167184216446347,45026.402304
Wang_2023_260729_1232,100,1785336766.4021838,15637.049533367157,0.044616229832172394,0.044243842363357544,0.08300008253918753,0.08282370241151915,25.702050501505536,26.205789650811088,0.5168169062005149,0.5152822112374835,44222.296064
Wang_2023_260729_1232,101,1785336913.0830953,15783.730444908142,0.04629627615213394,0.04576144367456436,0.07985335289604134,0.07935479559004306,26.161040835910374,26.64921169704861,0.5394722726609972,0.5371672266059452,44370.386944
Wang_2023_260729_1232,102,1785337067.1796284,15937.826977968216,0.04847376048564911,0.04784749820828438,0.0805693751739131,0.08024560423360931,26.04063095940484,26.386625162760417,0.535645164516237,0.5350090565946367,45061.771264
Wang_2023_260729_1232,103,1785337218.4550052,16089.102354764938,0.04331901669502258,0.042970314621925354,0.07851065495775805,0.07814007317854299,26.278596869574653,26.92261486477322,0.5439802624781926,0.5425088279114829,44206.088192
Wang_2023_260729_1232,104,1785337369.929713,16240.577062606812,0.04274750500917435,0.042505085468292236,0.0825617293185658,0.08218692402044932,25.91485058254666,26.61944174024794,0.5209805710448159,0.5209162950515747,43774.697472
Wang_2023_260729_1232,105,1785337517.3710673,16388.01841688156,0.04580247774720192,0.04547162353992462,0.08094065654608938,0.08039646004637083,26.047117351955837,26.71116072760688,0.5290402096509933,0.5286736259195539,43876.33152
Wang_2023_260729_1232,106,1785337668.8189845,16539.466334104538,0.048433106392621994,0.0478312186896801,0.08217593000166946,0.08170992511841986,25.901641515096028,26.166765331692165,0.5237920820713043,0.5212291771835751,45075.29216
Wang_2023_260729_1232,107,1785337829.0435767,16699.6909263134,0.048095569014549255,0.04750208556652069,0.07979325133065383,0.07937147191829151,25.95860865275065,26.44752192179362,0.5357015734910965,0.5328611940807766,45155.622912
Wang_2023_260729_1232,108,1785337980.1741896,16850.82153916359,0.04790491610765457,0.0472753681242466,0.07982036910123295,0.0792491851001978,26.115802493625218,26.41097028096517,0.5360796550909678,0.5348002676169078,45183.320064
Wang_2023_260729_1232,109,1785338138.4771729,17009.124522447586,0.04624457284808159,0.04568559676408768,0.08049215147892634,0.07997081494993634,25.971918309529624,26.340332870483397,0.5326470416122012,0.5328166853057014,45193.347072
Wang_2023_260729_1232,110,1785338283.821396,17154.468745708466,0.044357117265462875,0.044242266565561295,0.07977428005801307,0.0794961795459191,26.080649168226454,26.947334959242077,0.5397004546059503,0.5402857950660918,43774.070784
Wang_2023_260729_1232,111,1785338438.3699145,17309.01726412773,0.045671410858631134,0.045184727758169174,0.08313932205239932,0.08271064786447418,25.74998151143392,26.00471538119846,0.5192976013819377,0.5184344731436835,44968.57088
Wang_2023_260729_1232,112,1785338584.958012,17455.605361700058,0.04730606824159622,0.046750620007514954,0.0800652602646086,0.0796318900750743,26.01887070549859,26.23644799126519,0.5343778913550906,0.5341379900773366,45115.183104
Wang_2023_260729_1232,113,1785338736.8200262,17607.46737575531,0.04498553276062012,0.04479828476905823,0.07878038810359107,0.0785301422410541,26.149378187391495,27.10277481926812,0.5434177622530195,0.5440043062633938,43802.148864
Wang_2023_260729_1232,114,1785338889.0582078,17759.705557346344,0.04435035586357117,0.043898507952690125,0.0793153823332654,0.07903631432188882,26.167393959893122,26.655156648423937,0.5418299753798379,0.5397322316964467,44580.421632
Wang_2023_260729_1232,115,1785339037.849548,17908.49689769745,0.04385683313012123,0.04340510070323944,0.07891108132898808,0.07857815514008204,26.194847310384116,26.666149139404297,0.5401562246349123,0.5400513007905748,44526.432256
Wang_2023_260729_1232,116,1785339189.3055806,18059.95293021202,0.04661111161112785,0.04606204107403755,0.07742930594417784,0.0768041042983532,26.267710588243272,26.694039560953776,0.548511177500089,0.5492890218893687,44969.28768
Wang_2023_260729_1232,117,1785339342.002554,18212.649903535843,0.04441443458199501,0.04386782646179199,0.08266080215573311,0.0826401293112172,25.69608700222439,26.12698346455892,0.521051981250445,0.5197612549198999,44918.468608
Wang_2023_260729_1232,118,1785339494.2752354,18364.92258501053,0.0450226254761219,0.044657740741968155,0.08238991120623218,0.08192761265569264,25.85146622551812,26.69045951843262,0.5205025079515245,0.5233247060245938,44120.00256
Wang_2023_260729_1232,119,1785339648.1596208,18518.806970357895,0.04533173516392708,0.04473283886909485,0.08073817238211632,0.08032651285330454,26.013756900363497,26.241832758585613,0.5334713959693909,0.5323464853233761,45172.113408
Wang_2023_260729_1232,120,1785339800.6245537,18671.271903276443,0.047189585864543915,0.046580154448747635,0.07777751990490489,0.07710573199722502,26.3232763671875,26.60552594502767,0.5488252653015985,0.5509376060962677,45345.009664
Wang_2023_260729_1232,121,1785339950.688179,18821.335528612137,0.04600599780678749,0.04546607658267021,0.07859140833218893,0.07817508842382166,26.133687218560112,26.75359960767958,0.5455953021844228,0.546467159986496,44467.388416
Wang_2023_260729_1232,122,1785340102.0845919,18972.731941461563,0.0447775274515152,0.044380590319633484,0.08312843575245804,0.08287066854536533,25.854554044935437,26.26038683573405,0.5159752676222059,0.5158768669764201,44495.351808
Wang_2023_260729_1232,123,1785340258.245184,19128.892533540726,0.0437721312046051,0.04326764494180679,0.08037121924261252,0.07989960671299033,25.917106636895074,26.3059115685357,0.534985060426924,0.5346017817656199,45390.495744
Wang_2023_260729_1232,124,1785340412.9597933,19283.607142925262,0.04524204134941101,0.04473845288157463,0.07889696372879876,0.07834156001607577,26.239682523939344,26.56973827785916,0.5415627235836453,0.5424802711274889,45087.45728
Wang_2023_260729_1232,125,1785340564.227166,19434.874515533447,0.045165833085775375,0.04469142109155655,0.07961016372674042,0.07917723182174895,26.258765419854058,26.601875864664713,0.5414241005976995,0.5394164244996177,44828.647424
Wang_2023_260729_1232,126,1785340715.0656059,19585.712955474854,0.04388289526104927,0.043486081063747406,0.07989326209657722,0.0796873652935028,26.276200875176325,26.82345699734158,0.5366663895050685,0.5346059527662065,44550.160384
Wang_2023_260729_1232,127,1785340874.5809023,19745.22825193405,0.046055037528276443,0.0454721637070179,0.08118230420682165,0.08048409167263243,25.91392416212294,26.18694307115343,0.5284772947099474,0.5294157283835941,45532.950528
Wang_2023_260729_1232,128,1785341026.919862,19897.56721162796,0.047010138630867004,0.046340107917785645,0.07872156677146752,0.07843902288211717,26.273483242458767,26.533899968465168,0.5465168135695987,0.5438141219483481,45380.227072
Wang_2023_260729_1232,129,1785341186.4541867,20057.101536273956,0.04608246684074402,0.045365676283836365,0.08087358752886455,0.08040172304544184,25.980048141479493,26.244698774549697,0.533113497628106,0.5314710852172639,45473.492992
Wang_2023_260729_1232,130,1785341340.4767468,20211.124096393585,0.04401810094714165,0.043464355170726776,0.07916632248295678,0.07861226417952114,26.284070281982423,26.630657238430448,0.5398661818106969,0.5390258163876004,45136.941056
Wang_2023_260729_1232,131,1785341493.8802145,20364.527564048767,0.045009247958660126,0.0445128008723259,0.08059215542342928,0.08019546834131082,26.01913352118598,26.460338965521917,0.5381063565280703,0.5373945530255636,44838.752256
Wang_2023_260729_1232,132,1785341648.9422846,20519.58963418007,0.04380253329873085,0.04319559782743454,0.0817928993039661,0.08132970770200093,25.93383826361762,26.119853151109485,0.5273979198270374,0.5266946024364896,45372.17024
Wang_2023_260729_1232,133,1785341797.6610637,20668.308413267136,0.04515936225652695,0.04459501430392265,0.08279008467992147,0.08269758532444636,25.811559024386934,25.964555274115668,0.5212672232256995,0.5209222769737244,45501.906944
Wang_2023_260729_1232,134,1785341945.7716267,20816.418976306915,0.04391952604055405,0.04332122206687927,0.08073536485433579,0.08015592332515452,26.08777937995063,26.276007698906792,0.5341878089639875,0.5348483806186252,45624.119296
Wang_2023_260729_1232,135,1785342094.7565851,20965.40393471718,0.04405192658305168,0.043449852615594864,0.07915079912377729,0.07861469288667043,26.214703403049047,26.541584599812825,0.5392847153875563,0.5392694391144647,45385.74848
Wang_2023_260729_1232,136,1785342242.2059236,21112.853273153305,0.04381275922060013,0.043434303253889084,0.07727310890124904,0.07674666073587205,26.433712751600478,27.191395534939236,0.551621317797237,0.5519167729218801,44527.448064
Wang_2023_260729_1232,137,1785342393.955772,21264.60312151909,0.044775329530239105,0.044188641011714935,0.07614205769366689,0.07573342129588127,26.50352197435167,26.79049331665039,0.5625470620393753,0.5586276346445084,45694.619648
Wang_2023_260729_1232,138,1785342547.0343213,21417.68167090416,0.04793431609869003,0.04719618335366249,0.07956406234039201,0.0790005418492688,26.123876122368706,26.43499146355523,0.5385595977306366,0.5375080566936069,45701.296128
Wang_2023_260729_1232,139,1785342705.6250873,21576.272436857224,0.04571809992194176,0.045011814683675766,0.08377082955506113,0.08317593673865001,25.605218760172527,25.842602615356444,0.513259568810463,0.5143474657005734,45601.775616
Wang_2023_260729_1232,140,1785342857.584936,21728.232285499573,0.044134773313999176,0.04353812336921692,0.07571572764880127,0.07505923265384304,26.638963182237415,26.965687840779623,0.5587153189049827,0.5606708410051134,45449.760768
Wang_2023_260729_1232,141,1785343009.114169,21879.761518478394,0.043779611587524414,0.0435028113424778,0.07738955336312453,0.07682232844332854,26.387098507351347,27.398167097303602,0.5524753367238574,0.5512618045012156,44205.60896
Wang_2023_260729_1232,142,1785343156.968103,22027.615452528,0.0448286235332489,0.04420499876141548,0.08004561685025692,0.07932708833780554,26.074627295600042,26.350153274536133,0.5331651080979242,0.5340696614318424,45578.4448
Wang_2023_260729_1232,143,1785343305.2230046,22175.870354175568,0.045936331152915955,0.04531276598572731,0.0808371522443162,0.08042521494958135,25.911918012830945,26.18000513712565,0.5303105023172167,0.5309636569023133,45684.416512
Wang_2023_260729_1232,144,1785343455.8948734,22326.542222976685,0.04512309655547142,0.04452421888709068,0.08287775288025538,0.08236580823030737,25.760724962022568,26.089866790771485,0.5208095764451557,0.5199812831481297,45387.042816
Wang_2023_260729_1232,145,1785343607.9629793,22478.610328912735,0.042838338762521744,0.04242370277643204,0.07691782189740075,0.07630946499605974,26.46680460611979,27.07823967827691,0.5522973510291841,0.5535893201165729,44889.751552
Wang_2023_260729_1232,146,1785343766.8899372,22637.537286758423,0.046084724366664886,0.04533540830016136,0.07794362622830603,0.07762513544824388,26.17759256998698,26.490335727267794,0.5486419166458978,0.5477494870954089,45732.519936
Wang_2023_260729_1232,147,1785343917.0398157,22787.687165260315,0.046294063329696655,0.04553654417395592,0.0789039624730746,0.07830053081115086,26.273211754692927,26.577030936347114,0.5422536249955495,0.5421559448374642,45952.479232
Wang_2023_260729_1232,148,1785344068.2822034,22938.92955303192,0.04348045215010643,0.0429275706410408,0.07539953069554435,0.07470822417901622,26.74324562072754,27.171390923394096,0.5648798846536213,0.5647946342494753,45319.811072
Wang_2023_260729_1232,149,1785344220.0670633,23090.714412927628,0.044263552874326706,0.04384186118841171,0.0779983304772112,0.07746174308160941,26.37652113172743,27.04431115044488,0.5477399892939462,0.5469058100382487,44767.367168
Wang_2023_260729_1232,150,1785344372.130055,23242.777404546738,0.04225507378578186,0.04176841676235199,0.08221352461311553,0.08161855830914444,25.869129308064778,26.207428656684026,0.5229081304205788,0.524300540222062,45190.479872
Wang_2023_260729_1232,151,1785344523.4149501,23394.062299728394,0.04661928117275238,0.04584211856126785,0.0810546686914232,0.08043540941344367,25.940771967569987,26.25628245035807,0.5305932180086772,0.5312410624159707,45892.739072
Wang_2023_260729_1232,152,1785344674.3323236,23544.9796731472,0.04143228009343147,0.04094844311475754,0.08004288164277872,0.07967967238691118,26.026530108981664,26.502718200683592,0.5382786953449249,0.5392122721009784,45359.620096
Wang_2023_260729_1232,153,1785344822.7582433,23693.405592918396,0.044118478894233704,0.04347025603055954,0.07770188967386882,0.07721513776315583,26.289091110229492,26.594625413682724,0.5509711513916652,0.5508222171333101,45858.930688
Wang_2023_260729_1232,154,1785344968.6638358,23839.311185359955,0.04534903168678284,0.04476557672023773,0.07977701132496198,0.07935445038808717,26.094756325615776,26.40754669189453,0.5366269408994251,0.5375664050049253,45727.121408
Wang_2023_260729_1232,155,1785345118.5317688,23989.17911839485,0.04332857206463814,0.042920950800180435,0.08220752261579037,0.08180360886785719,25.875971103244357,26.408079393174912,0.5258124484618505,0.5229777526855469,44890.124288
Wang_2023_260729_1232,156,1785345269.414259,24140.061608552933,0.04378671571612358,0.04349921643733978,0.08159405888782607,0.0811318623026212,25.88628394232856,26.735719621446396,0.5289822000927396,0.5280266582303577,44678.647808
Wang_2023_260729_1232,157,1785345420.8010962,24291.448445796967,0.045981742441654205,0.045302752405405045,0.08104871882332695,0.08067544922232628,26.004205856323242,26.230095325046115,0.5302403292391036,0.5287149487601386,45935.9232
Wang_2023_260729_1232,158,1785345566.5539055,24437.201255083084,0.04347100108861923,0.04287917912006378,0.08036232501268387,0.07978379380371836,26.068774439493815,26.39217803955078,0.5329360598988003,0.5336261276404063,45767.286784
Wang_2023_260729_1232,159,1785345723.9733431,24594.62069272995,0.04416157305240631,0.04351072385907173,0.08026887835727797,0.07983902655541897,26.035295935736762,26.281760991414387,0.535455222527186,0.5346827593114641,45859.79904
Wang_2023_260729_1232,160,1785345874.7257364,24745.373085975647,0.045682623982429504,0.0449865497648716,0.0774320982893308,0.07681778563393486,26.34319260491265,26.561429392496745,0.553491454521815,0.5539104223251343,46113.071104
Wang_2023_260729_1232,161,1785346027.833997,24898.48134660721,0.043762754648923874,0.043172743171453476,0.08231164361867639,0.0820643189880583,25.893634906344943,26.38386582268609,0.5246816972891489,0.524277085132069,45268.885504
Wang_2023_260729_1232,162,1785346175.428497,25046.075846672058,0.041999612003564835,0.0416421964764595,0.08300905918909443,0.08245149411261082,25.693411449856228,26.37453674316406,0.5179026354021496,0.519400046269099,44865.531904
Wang_2023_260729_1232,163,1785346325.9610028,25196.608352422714,0.04384259879589081,0.0431811548769474,0.0766396027472284,0.07611521805326144,26.53918650309245,26.7225336795383,0.5580553858810001,0.5579607239034441,46091.280384
Wang_2023_260729_1232,164,1785346476.5220766,25347.169426202774,0.04289909824728966,0.04241491109132767,0.08269066902498404,0.08210192215939363,25.79941332499186,26.371998036702475,0.5213204668627844,0.5225099765592152,45181.493248
Wang_2023_260729_1232,165,1785346628.042101,25498.689450502396,0.04177046939730644,0.041365813463926315,0.07593682029181056,0.07553669364915953,26.490724580552843,27.020897810194228,0.5599406793382433,0.5593126381768121,45191.376896
Wang_2023_260729_1232,166,1785346775.3450108,25645.99236035347,0.042220115661621094,0.04174495115876198,0.07857982199225161,0.0782587117370632,26.25762900458442,26.713853903876412,0.5446488255924649,0.5451966727442211,45381.337088
Wang_2023_260729_1232,167,1785346926.725241,25797.37259054184,0.04403243586421013,0.04341854527592659,0.07885618300901519,0.07829220804903242,26.22790148417155,26.50330231560601,0.543826337589158,0.5437999131944444,46010.990592
Wang_2023_260729_1232,168,1785347073.0432725,25943.690622091293,0.04485569894313812,0.044126976281404495,0.07844076179795795,0.07785980274279912,26.200534472995333,26.489324713812934,0.5452335781521267,0.5454874900976817,45910.28224
Wang_2023_260729_1232,169,1785347227.8539653,26098.501314878464,0.04090755060315132,0.04068281874060631,0.07978024978604581,0.07912316272656122,26.1794564904107,27.044720289442274,0.5382806273301443,0.5375129012266795,44678.467584
Wang_2023_260729_1232,170,1785347375.141042,26245.78839159012,0.04233361408114433,0.0419425442814827,0.08371929003132714,0.08321489243871635,25.620385140313044,26.243599277072484,0.5145466954840554,0.514776946703593,44974.923776
Wang_2023_260729_1232,171,1785347524.7991009,26395.446450471878,0.04526660218834877,0.04455916956067085,0.08003551721572875,0.07924014977282948,26.059519797431097,26.329725740220812,0.5354783787992266,0.5369393743409051,46189.69088
Wang_2023_260729_1232,172,1785347675.9336345,26546.5809841156,0.046513304114341736,0.04571431875228882,0.07916452991465728,0.07869240272376272,26.106414582994248,26.481637200249565,0.5391845296488867,0.5379823153548771,45965.80352
Wang_2023_260729_1232,173,1785347827.3249466,26697.972296237946,0.04260469973087311,0.042080916464328766,0.07967497529255019,0.07907020491030481,26.082423985799153,26.70420597500271,0.5384732764959336,0.5380809901820289,45417.885696
Wang_2023_260729_1232,174,1785347976.4161925,26847.06354212761,0.04288344457745552,0.04252156987786293,0.08080187468065156,0.08022287497917811,26.118646562364365,26.706240929497614,0.5323228539360894,0.5314064503378338,45082.54208
Wang_2023_260729_1232,175,1785348129.9191668,27000.566516399384,0.04280027002096176,0.04230687767267227,0.08133812393579218,0.08083281815052032,25.90367346021864,26.28090922885471,0.5280587866571215,0.5278314055336846,45855.440896
Wang_2023_260729_1232,176,1785348280.791723,27151.439072608948,0.04254620522260666,0.042262002825737,0.08067319090995524,0.07996344177259339,26.02150301615397,26.81488313462999,0.5340218204259872,0.5327536615398195,44747.722752
Wang_2023_260729_1232,177,1785348426.3013475,27296.94869709015,0.04310004785656929,0.043043043464422226,0.08257349488635858,0.08214524274071057,25.805505701700845,26.713256386650933,0.5221354738871257,0.5195826709270477,44690.886656
Wang_2023_260729_1232,178,1785348580.7939692,27451.44131875038,0.04534865543246269,0.044656164944171906,0.07690257416831123,0.07627213234702745,26.38743729485406,26.604467476738822,0.5537392842769623,0.555996351506975,46204.342272
Wang_2023_260729_1232,179,1785348739.6115582,27610.258907794952,0.04242648184299469,0.04187183082103729,0.07768403156763977,0.07695551267928548,26.28147339714898,26.55453119913737,0.5483260125584073,0.5501068030463324,46138.712064
Wang_2023_260729_1232,180,1785348891.8557596,27762.50310921669,0.041811369359493256,0.04141926392912865,0.07914325232307116,0.07877227466139529,26.147060190836587,26.770437706841363,0.540051692061954,0.5397080725431442,45343.37536
Wang_2023_260729_1232,181,1785349045.3862948,27916.03364443779,0.041001640260219574,0.04058240354061127,0.08355222765770223,0.08299110376172596,25.736771960788303,26.25631352742513,0.5149493443303638,0.5131667210658392,45492.625408
Wang_2023_260729_1232,182,1785349194.1019413,28064.749290943146,0.04132277891039848,0.040907204151153564,0.08302024405035707,0.08237097686363591,25.695097774929472,26.260143551296657,0.519636386235555,0.5204557315508525,45353.885696
Wang_2023_260729_1232,183,1785349345.744191,28216.391540527344,0.04347248747944832,0.04282249137759209,0.07886124162210359,0.07820326952470673,26.15499415927463,26.492784305148653,0.5415667172935273,0.5413939829667409,46091.464704
Wang_2023_260729_1232,184,1785349490.847113,28361.49446249008,0.0419301800429821,0.041875287890434265,0.07956036397980319,0.07929137527942658,26.12950715806749,27.11758879767524,0.5398247267140283,0.5375996969143549,44755.718144
Wang_2023_260729_1232,185,1785349638.6743088,28509.32165837288,0.04105832800269127,0.04068531468510628,0.07887584437098769,0.07824355964859327,26.235526640150283,26.891618050469294,0.5416943640179104,0.5429588001304203,45186.895872
Wang_2023_260729_1232,186,1785349789.710001,28660.357350587845,0.04224317893385887,0.04184058681130409,0.08030643747912512,0.0797401942147149,26.12111819797092,26.701339145236545,0.5341131829553181,0.5336100152466032,45191.581696
Wang_2023_260729_1232,187,1785349937.8522782,28808.499627828598,0.04286838695406914,0.04238031059503555,0.0826393378029267,0.08226758535537455,25.88276853773329,26.295108761257595,0.5209694634543525,0.5216739650567372,45403.291648
Wang_2023_260729_1232,188,1785350087.8289626,28958.476312160492,0.04267225041985512,0.042064618319272995,0.08187214404344559,0.08137306700150172,25.91156371222602,26.22272300720215,0.5280816071563297,0.5256457767883936,46300.778496
Wang_2023_260729_1232,189,1785350240.818979,29111.46632862091,0.043707575649023056,0.043052852153778076,0.07757484655413363,0.07706320209635628,26.35913427564833,26.593499688042535,0.5497034764289856,0.5489438528484768,46126.583808
Wang_2023_260729_1232,190,1785350389.3720512,29260.019400835037,0.0404970683157444,0.040156420320272446,0.08164967318375906,0.08109068009588453,25.882463590833876,26.601140314737957,0.5276368561718199,0.5257087593608433,45101.481984
Wang_2023_260729_1232,191,1785350535.5874045,29406.23475408554,0.04386582970619202,0.043285220861434937,0.07581143612662951,0.07512780426277055,26.53277982076009,26.864785970052083,0.5619013229343626,0.5619946783118778,46135.676928
Wang_2023_260729_1232,192,1785350686.4056656,29557.053015232086,0.04530201852321625,0.04456076771020889,0.07602408500181304,0.07524219132959843,26.524458236694336,26.829655905829537,0.5569727765189276,0.5574703131781684,46355.378176
Wang_2023_260729_1232,193,1785350840.4821305,29711.12948012352,0.044906433671712875,0.04424979165196419,0.07973359426690473,0.07905398302608066,26.12510450575087,26.323520312839083,0.5385575432909859,0.5397227806515164,46514.495488
Wang_2023_260729_1232,194,1785350988.9556608,29859.60301041603,0.0406457744538784,0.04032580927014351,0.08073473894761668,0.08001985150078933,26.010558887057833,26.596218193901908,0.5326979449060228,0.5346852386660046,45374.611456
Wang_2023_260729_1232,195,1785351135.6987083,30006.346057891846,0.042613983154296875,0.04200863838195801,0.07546175142129262,0.07458081678383881,26.622801818847655,27.001844863891602,0.5634053321679433,0.5639600247806973,46352.420864
Wang_2023_260729_1232,196,1785351287.5110598,30158.15840935707,0.041184742003679276,0.040884848684072495,0.07805006206035614,0.07748132822414239,26.456066419813368,27.195401340060762,0.5488374492194917,0.549413999915123,45235.990528
Wang_2023_260729_1232,197,1785351436.053225,30306.70057463646,0.045367538928985596,0.04460757225751877,0.0796958165615797,0.07916505249838034,26.095844523111978,26.32175675286187,0.5379271913899316,0.5372225365373824,46455.943168
Wang_2023_260729_1232,198,1785351587.9480014,30458.59535098076,0.04089989885687828,0.04046936705708504,0.08154335859749053,0.08114198476076126,25.965915951199,26.510786658393013,0.5268451771471235,0.5276474079820845,45477.25312
Wang_2023_260729_1232,199,1785351741.0095572,30611.656906843185,0.04117541387677193,0.04081978648900986,0.0783470254474216,0.07780651948518223,26.304371439615885,27.08460713704427,0.5500209559334649,0.5499570449855593,45492.334592
Wang_2023_260729_1232,200,1785351893.2560987,30763.903448343277,0.044324878603219986,0.04370774328708649,0.07855284035205841,0.07799281116161082,26.294314058091906,26.722200910780163,0.5440807583596972,0.5419944830735525,46082.678784
Wang_2023_260729_1232,201,1785352044.1646364,30914.811985969543,0.04311336949467659,0.04242812842130661,0.08491586859027545,0.08425005255473984,25.530084143744574,25.758136469523112,0.5079178121354845,0.5073694075478448,46495.793152
Wang_2023_260729_1232,202,1785352193.7261498,31064.373499393463,0.04154116287827492,0.04133296012878418,0.07979311917391088,0.07933308092256387,26.145274208916558,27.04437395731608,0.5404161394966973,0.5381833904981613,45167.730688
Wang_2023_260729_1232,203,1785352346.124039,31216.77138853073,0.043954651802778244,0.043232567608356476,0.08003861235247718,0.07937657266027398,25.993448350694443,26.31838094075521,0.5358975552188026,0.5358507740497589,46566.334464
Wang_2023_260729_1232,204,1785352496.456254,31367.103603601456,0.04356546327471733,0.04291614145040512,0.08130149360332224,0.08062346208426688,25.967146394517687,26.30786409166124,0.5299786477618748,0.5298249427477518,46368.29696
Wang_2023_260729_1232,205,1785352649.432345,31520.079694509506,0.044380925595760345,0.043624021112918854,0.08103355151083734,0.08035123320089446,25.973944430881076,26.141411700778537,0.5324283494551977,0.5314309949345059,46586.093568
Wang_2023_260729_1232,206,1785352801.7202394,31672.367588996887,0.04435598477721214,0.04359592869877815,0.07629804886877536,0.07553901323013835,26.446176461113822,26.70864131503635,0.5553222658899095,0.5582238598664602,46599.176192
Wang_2023_260729_1232,207,1785352950.5379276,31821.185277223587,0.04303901642560959,0.04250465705990791,0.08142892062664032,0.08088501372271113,25.959218639797633,26.50741566128201,0.5284379316038555,0.529446954396036,45768.339456
Wang_2023_260729_1232,208,1785353096.502919,31967.150268554688,0.04470149427652359,0.043881386518478394,0.07979230913023154,0.07894178320964178,26.02456765068902,26.411856163872613,0.5380647505654229,0.5388733984364403,46468.902912
Wang_2023_260729_1232,209,1785353253.1286013,32123.77595090866,0.041971124708652496,0.04138530045747757,0.0824418495512671,0.081581272482872,25.706781149970162,26.11741327073839,0.522537211312188,0.5239755725198322,46305.845248
Wang_2023_260729_1232,210,1785353402.5849288,32273.232278347015,0.04113887622952461,0.040712639689445496,0.07901670090026326,0.07819281448920568,26.18211516486274,26.637412974039712,0.5409862436188592,0.5422643423742718,45882.707968
Wang_2023_260729_1232,211,1785353556.879012,32427.526361703873,0.04091464728116989,0.040322743356227875,0.08091707960598998,0.08037759158346389,25.99070174323188,26.285694139268664,0.5288283142116335,0.5287801773018307,46375.718912
Wang_2023_260729_1232,212,1785353710.643193,32581.29054260254,0.04331980645656586,0.04267047345638275,0.07932393406828245,0.07850528995196025,26.214415011935763,26.37191483391656,0.539217640293969,0.5413579487800598,46704.61952
Wang_2023_260729_1232,213,1785353861.9878817,32732.635231256485,0.04268864169716835,0.04211607947945595,0.07862620888484849,0.07816947701904509,26.244920501708986,26.651892250908745,0.5441422090265486,0.542758076786995,46126.800896
Wang_2023_260729_1232,214,1785354012.8615737,32883.50892329216,0.04412544518709183,0.043390776962041855,0.07829002449909846,0.07768235905302895,26.26983888414171,26.565450558132596,0.5450969337092506,0.546402708556917,46679.691264
Wang_2023_260729_1232,215,1785354162.660497,33033.30784654617,0.041750166565179825,0.04121823236346245,0.07976339581112067,0.07912341929972172,26.051234419080945,26.680428534613714,0.5359451756212447,0.534768935640653,45933.58848
Wang_2023_260729_1232,216,1785354316.0608892,33186.7082388401,0.042775146663188934,0.04219038784503937,0.08005480794443025,0.07959391341441208,26.03737671746148,26.487977947658962,0.5342423411210379,0.5331096474329631,46315.741184
Wang_2023_260729_1232,217,1785354462.2171385,33332.86448812485,0.045961253345012665,0.045152731239795685,0.0818469613790512,0.08098386084040006,25.78391364203559,26.085155622694227,0.5271175824933582,0.527264492975341,46571.741184
Wang_2023_260729_1232,218,1785354612.1365843,33482.783933877945,0.039891600608825684,0.03963201865553856,0.08044115691549249,0.07977248017986616,26.083465092976887,26.835593787299263,0.5310859804683261,0.5314973425865174,45455.310848
Wang_2023_260729_1232,219,1785354763.576869,33634.22421860695,0.04084528982639313,0.04050680249929428,0.07790809241433938,0.07741350936392943,26.219073876274958,26.981487096150715,0.5471597538391749,0.5489836484856075,45556.944896
Wang_2023_260729_1232,220,1785354910.2292182,33780.876567840576,0.04095234349370003,0.04059021174907684,0.07970337012575732,0.07912367074853845,26.28824425591363,26.960921529134115,0.5398967589934667,0.5406128278705808,45566.824448
Wang_2023_260729_1232,221,1785355061.1497357,33931.79708528519,0.04107334464788437,0.04062896966934204,0.08190419663157728,0.08131424795422289,25.861510832044814,26.38085316128201,0.5261275479528639,0.5292903410726123,45926.289408
Wang_2023_260729_1232,222,1785355211.9649312,34082.61228084564,0.04393388703465462,0.043304380029439926,0.08156799080471198,0.08081403642064995,25.95449126349555,26.259314676920575,0.5287933292653826,0.5305282746420966,46521.622528
Wang_2023_260729_1232,223,1785355363.6310394,34234.27838897705,0.04116317629814148,0.04065529629588127,0.0810678498695294,0.08053710187474887,26.006801300048828,26.407766342163086,0.5303684227996402,0.5284514521227942,46311.796736
Wang_2023_260729_1232,224,1785355518.4470618,34389.09441137314,0.04567406699061394,0.044922880828380585,0.08225656001104249,0.08167926811509663,25.919052505493163,26.047874230278865,0.5241818548573388,0.5249885535902448,46823.493632
Wang_2023_260729_1232,225,1785355665.0093257,34535.656675338745,0.04456593096256256,0.04376921057701111,0.08116010150975651,0.08049950762755341,25.910709669325087,26.263227293226453,0.530767256087727,0.5328100515736474,46763.17184
Wang_2023_260729_1232,226,1785355818.5069993,34689.15434885025,0.043303232640028,0.04263867437839508,0.07863400085104837,0.0779625165131357,26.229839748806423,26.599287575615776,0.5422393686241573,0.5428383417261972,46524.002304
Wang_2023_260729_1232,227,1785355965.5512507,34836.198600292206,0.04123661294579506,0.04090636968612671,0.0770457676715321,0.07638562247157096,26.546230655246312,27.18197327507867,0.5528810431559881,0.5541110167238448,45636.059136
Wang_2023_260729_1232,228,1785356115.0279217,34985.67527127266,0.04234851151704788,0.041746579110622406,0.07906212319930395,0.07826647927363714,26.178721110026043,26.492203937106662,0.5425577553113302,0.5418425916963153,46495.080448
Wang_2023_260729_1232,229,1785356270.7505593,35141.39790892601,0.04197198897600174,0.0413958877325058,0.08023374531004164,0.07952396598127154,26.030637486775717,26.27061954922146,0.5361030547486412,0.537353358136283,46616.850432
Wang_2023_260729_1232,230,1785356422.9400282,35293.587377786636,0.04101508855819702,0.04079994186758995,0.07828620470232434,0.07763442731565899,26.360316518147787,27.23614909701877,0.5489960449271732,0.5502475737863117,45389.35296
Wang_2023_260729_1232,231,1785356575.238579,35445.88592863083,0.04378858208656311,0.04305235669016838,0.07874604177143839,0.07793767102890545,26.226871422661674,26.436059121025934,0.5420292792055342,0.5437701666355133,46844.571648
Wang_2023_260729_1232,232,1785356723.8313286,35594.47867822647,0.04486110433936119,0.04412040114402771,0.08059630990856223,0.07998049709531996,26.001620059543185,26.34654084947374,0.5345757614241706,0.5343875881036123,46803.673088
Wang_2023_260729_1232,233,1785356875.040981,35745.68833065033,0.041596174240112305,0.04112137854099274,0.07540475125114122,0.07481124425099955,26.664221471150714,27.23827901204427,0.5645739598406686,0.5633742061588499,46175.41632
Wang_2023_260729_1232,234,1785357026.2580378,35896.90538740158,0.04252069815993309,0.04189740866422653,0.07913688624898593,0.07871490038103528,26.121276787651908,26.442569325764975,0.539612084892061,0.53805080195268,46666.297344
Wang_2023_260729_1232,235,1785357179.1273086,36049.774658203125,0.043342456221580505,0.042733389884233475,0.08245334340466394,0.0817351472708914,25.8461255730523,26.190481033325195,0.5228530843390359,0.5250420471032461,46503.583744
Wang_2023_260729_1232,236,1785357330.3401513,36200.98750090599,0.04068295285105705,0.04021322354674339,0.08214822171462907,0.08144423951705297,25.8670004357232,26.473268678453234,0.5235078919596142,0.5254154139757157,46074.540032
Wang_2023_260729_1232,237,1785357481.1898642,36351.837213754654,0.041680216789245605,0.041128095239400864,0.07984382815659047,0.07921688665118483,26.038707394070094,26.681532363891602,0.5360542609294255,0.5362178617053561,46075.670528
Wang_2023_260729_1232,238,1785357627.2579045,36497.905254125595,0.04068980738520622,0.04067389667034149,0.08211611798240079,0.08162810831434197,25.769916907416448,26.795185911390515,0.5232529899809095,0.5233416491746903,45458.284544
Wang_2023_260729_1232,239,1785357782.9679353,36653.61528491974,0.041814401745796204,0.04124660789966583,0.0810698059035672,0.08026833958923817,25.90559285481771,26.382280485365126,0.5262047092119853,0.5276691899034712,46603.808768
Wang_2023_260729_1232,240,1785357938.0049815,36808.652331113815,0.041218169033527374,0.04066871479153633,0.0799966812464926,0.07935927125314872,25.937212380303276,26.36304072909885,0.5351061050097148,0.5355566615528531,46691.495936
Wang_2023_260729_1232,241,1785358088.7541802,36959.40152978897,0.04340021684765816,0.042703282088041306,0.07700784857074419,0.07616753201517794,26.392926279703776,26.59466528998481,0.5539420110649532,0.555970492362976,47023.763456
Wang_2023_260729_1232,242,1785358236.08367,37106.73101949692,0.045564908534288406,0.04475603252649307,0.07998432465725475,0.07914027631282806,26.044476072523327,26.252105000813803,0.5347200891706678,0.5359177064895629,46929.862656
Wang_2023_260729_1232,243,1785358387.4063418,37258.05369138718,0.04360222816467285,0.04287559166550636,0.0803749928292301,0.07956945262849331,26.01968997531467,26.316753328111435,0.5340044844150543,0.5356967050499386,46965.014528
Wang_2023_260729_1232,244,1785358535.132052,37405.779401540756,0.04113498330116272,0.04063893482089043,0.08118226895729701,0.08056123518281513,25.981826875474717,26.59188329908583,0.5290333760446972,0.5301133162445493,46134.181888
Wang_2023_260729_1232,245,1785358680.9325714,37551.57992100716,0.04101851209998131,0.04041934013366699,0.08327426888876491,0.08287613078951836,25.86170115152995,25.976947191026476,0.5197288480069903,0.5202083074384265,46789.124096
Wang_2023_260729_1232,246,1785358828.7649603,37699.412309885025,0.040753867477178574,0.040292322635650635,0.08180020930038558,0.08131320727368196,25.854851082695856,26.39315483940972,0.527329620189137,0.5262149861786101,46153.940992
Wang_2023_260729_1232,247,1785358976.464309,37847.11165857315,0.03985884413123131,0.03954114019870758,0.0804854450871547,0.07991368738313516,25.929994049072267,26.68471828036838,0.5326318232218424,0.5336119153764513,45899.190272
Wang_2023_260729_1232,248,1785359124.9401004,37995.587450027466,0.044059671461582184,0.04330878332257271,0.07690211391283407,0.07626513647536437,26.454512142605253,26.71455245123969,0.5553969187868966,0.5552198452419704,47113.949184
Wang_2023_260729_1232,249,1785359281.959513,38152.60686254501,0.04367584362626076,0.04318627342581749,0.07908093716535303,0.07836872494883007,26.120976096259223,26.562570122612847,0.5419828936788771,0.5408147337701585,46700.306432
Wang_2023_260729_1232,250,1785359437.0571218,38307.704471349716,0.043852102011442184,0.043310925364494324,0.07726470730370945,0.07654243762294452,26.274135937160917,26.49066324022081,0.552504282924864,0.5523541079627143,47093.174272
Wang_2023_260729_1232,251,1785359592.2990906,38462.94644021988,0.044576916843652725,0.043964024633169174,0.07873968304031426,0.0780722393343846,26.226957439846462,26.532663328382704,0.5449817083941566,0.5426995944976807,47069.380608
Wang_2023_260729_1232,252,1785359743.5893145,38614.23666405678,0.04350193589925766,0.043013036251068115,0.0781449005421665,0.07744787608583768,26.189379001193576,26.858589418199326,0.5479207595189413,0.5466480812761518,46211.923968
Wang_2023_260729_1232,253,1785359893.6157644,38764.263113975525,0.043903108686208725,0.043388571590185165,0.07781361211505201,0.07707375648948882,26.37513988071018,26.707402708265516,0.5470743559466468,0.5467870427502526,46722.760704
Wang_2023_260729_1232,254,1785360044.71202,38915.35936951637,0.04304662346839905,0.04285571724176407,0.07940602538486322,0.07882852238913376,26.15922605726454,27.017204547458224,0.5426706357134713,0.5411967103348838,45663.727616
Wang_2023_260729_1232,255,1785360193.2437377,39063.891087293625,0.04418736323714256,0.04366619139909744,0.07964887122313181,0.07908545125689771,26.034848946465388,26.627979007297093,0.5410435662004682,0.5392540530363719,46309.548032
Wang_2023_260729_1232,256,1785360339.6893437,39210.336693286896,0.044816821813583374,0.0441637746989727,0.07377126213577058,0.07312504161563184,26.7862850189209,26.969967312282986,0.5737746898333231,0.5731603637006548,46954.88512
Wang_2023_260729_1232,257,1785360490.5871077,39361.23445725441,0.044839050620794296,0.044247329235076904,0.07829402024547259,0.07760418815745247,26.17059049818251,26.640527725219727,0.546829356484943,0.5448587204350366,46865.178624
Wang_2023_260729_1232,258,1785360634.5609984,39505.20834803581,0.04361056908965111,0.043014753609895706,0.079689615054263,0.07899616046084298,26.072962917751735,26.38564227634006,0.5396938223308987,0.5377661301030053,46962.429952
Wang_2023_260729_1232,259,1785360785.721778,39656.36912751198,0.04275055229663849,0.04222731664776802,0.07906105923155944,0.07835642801390753,26.13407851325141,26.590889010959202,0.5403972861501906,0.5405003594027625,46479.826944
Wang_2023_260729_1232,260,1785360934.294106,39804.941455602646,0.04281465709209442,0.04240591824054718,0.07475066646105713,0.07416150776876343,26.719696621365017,27.383041110568577,0.5702398736609353,0.566875016424391,46087.811072
Wang_2023_260729_1232,261,1785361088.1479342,39958.7952837944,0.044621847569942474,0.044072311371564865,0.07802211870749791,0.07731610449651877,26.15953687879774,26.656497014363605,0.5487563913398319,0.5481299961937799,46865.952768
Wang_2023_260729_1232,262,1785361237.1153111,40107.762660741806,0.04423057660460472,0.043683040887117386,0.07939945976767275,0.07868261295888158,26.09781866285536,26.5346721818712,0.5397278094953961,0.5399038835366567,46607.142912
Wang_2023_260729_1232,263,1785361384.7869847,40255.43433427811,0.04804697632789612,0.04723873734474182,0.07937676728599602,0.07867409170501762,26.112601047092014,26.39249998304579,0.5388170214494069,0.5386377982298534,47134.76096
Wang_2023_260729_1232,264,1785361534.2390497,40404.886399269104,0.0419304333627224,0.04175616428256035,0.0764005082183414,0.07574443807204564,26.504088473849826,27.35105420430501,0.5559520892964469,0.5567060494422913,45720.809472
Wang_2023_260729_1232,265,1785361685.797747,40556.44509649277,0.04688142612576485,0.04612092673778534,0.08020798991123836,0.07948483616113662,26.042132229275175,26.329399422539606,0.5351676380634308,0.5327189204427931,47175.974912
Wang_2023_260729_1232,266,1785361830.3423054,40700.98965501785,0.0444352850317955,0.043797850608825684,0.07750071722600195,0.07682258519861433,26.361087858412002,26.725291069878473,0.5527176079485151,0.5496631136205461,46993.403904
Wang_2023_260729_1232,267,1785361983.4730823,40854.120431900024,0.046303436160087585,0.045576855540275574,0.08041178757945697,0.07967547767692142,25.971196789211696,26.252848553127713,0.5318349191877577,0.531290609439214,47195.865088
Wang_2023_260729_1232,268,1785362132.8079703,41003.45531988144,0.040792010724544525,0.040661443024873734,0.08125200443797641,0.08061134233242935,25.984056888156466,26.762884877522787,0.5284732151693768,0.5283921406004164,45945.040896
Wang_2023_260729_1232,269,1785362288.642317,41159.28966665268,0.043285779654979706,0.04268326237797737,0.07704689196414417,0.07628847979836993,26.31478660583496,26.629251827663847,0.5519687008857727,0.5515198526117536,47084.511232
Wang_2023_260729_1232,270,1785362440.0371673,41310.68451690674,0.04229094460606575,0.04197430610656738,0.08055737144417233,0.07991579876177841,25.99093694898817,26.613473451402452,0.5348455234368642,0.5352775446573893,46396.64128
Wang_2023_260729_1232,271,1785362590.864948,41461.51229763031,0.043190643191337585,0.04301220178604126,0.08030960938168896,0.07962695005867217,25.995019946628148,26.96359149509006,0.5382818006806903,0.5360196671220991,45789.483008
Wang_2023_260729_1232,272,1785362740.0895588,41610.73690843582,0.045081570744514465,0.044402115046978,0.08151192171706094,0.08077721933523814,25.8243819003635,26.18917441474067,0.5249115314748553,0.5243964238961538,47182.548992
Wang_2023_260729_1232,273,1785362889.379738,41760.027087688446,0.04527570679783821,0.044600192457437515,0.07892915896243519,0.07822938763433032,26.15527150472005,26.463161256578232,0.5423233558071984,0.5422667609320746,47192.428544
Wang_2023_260729_1232,274,1785363036.4819422,41907.12929177284,0.04508611559867859,0.0444786511361599,0.07847607534792689,0.07773900707562764,26.167352455986872,26.436860682169595,0.5453833606508043,0.5449600599871741,47213.617152
Wang_2023_260729_1232,275,1785363185.418219,42056.06556868553,0.040907468646764755,0.04074549302458763,0.08292225857575734,0.08221264554394617,25.75360057406955,26.47968037923177,0.5203785765833325,0.5193178671598434,45885.554688
Wang_2023_260729_1232,276,1785363330.1567345,42200.804084062576,0.04662829637527466,0.04594441130757332,0.08016121480200025,0.079484024643898,25.937999182807076,26.28216738382975,0.5372392952442169,0.5361963593959809,47137.288192
Wang_2023_260729_1232,277,1785363479.4517784,42350.09912800789,0.041382089257240295,0.041249580681324005,0.07916569330626064,0.07854359250929621,26.107725134955512,27.041023949517143,0.5408272463745541,0.5413654675086339,45848.752128
Wang_2023_260729_1232,278,1785363628.8762975,42499.52364706993,0.044478222727775574,0.043873514980077744,0.08047087257934941,0.0796985527790255,26.112483037312824,26.311150283813475,0.5324780559539795,0.5322125987211863,47290.486784
Wang_2023_260729_1232,279,1785363782.2929347,42652.94028425217,0.04278272017836571,0.04257381334900856,0.07901488922536373,0.07841072437663874,26.14694164699978,26.916154403686523,0.5426546906762653,0.5432000511222416,45925.085184
Wang_2023_260729_1232,280,1785363928.7145996,42799.3619492054,0.04425325244665146,0.043818339705467224,0.0804830195920335,0.07980496938857767,26.033767369588215,26.67708878411187,0.533591211438179,0.5336310277382533,46221.541376
Wang_2023_260729_1232,281,1785364079.5461226,42950.19347214699,0.042857520282268524,0.042462777346372604,0.07764913917415672,0.07703685438467396,26.227708129882814,26.96073370191786,0.5526399501827028,0.5518300819396973,46514.184192
Wang_2023_260729_1232,282,1785364224.8497698,43095.49711942673,0.04532031714916229,0.044683925807476044,0.08191446010437277,0.0811716385351287,25.87100222269694,26.124358495076496,0.525524249540435,0.5251405816608005,47151.046656
Wang_2023_260729_1232,283,1785364369.8572297,43240.50457930565,0.04203885793685913,0.04161396622657776,0.08134767143262757,0.08069387992223104,25.857818239000107,26.253318116929798,0.529150882628229,0.5294174920188056,46713.01632
Wang_2023_260729_1232,284,1785364516.0131993,43386.6605489254,0.04680640995502472,0.04597405344247818,0.07550491913325257,0.07481742935048209,26.545347544352214,26.860642793443468,0.5610643042458429,0.559081325398551,47227.854848
Wang_2023_260729_1232,285,1785364662.7029648,43533.35031437874,0.04280081018805504,0.04250847548246384,0.07822162431975206,0.07752902942399184,26.326643464830187,27.02232802497016,0.5442867204878066,0.5456840096579658,46269.980672
Wang_2023_260729_1232,286,1785364816.4188657,43687.06621527672,0.04374257102608681,0.04325379431247711,0.07859273119105233,0.07790518282188309,26.19826414320204,26.48792610168457,0.5434439929326376,0.5425572027762731,47429.902336
Wang_2023_260729_1232,287,1785364968.387159,43839.03450870514,0.04487605020403862,0.0441831536591053,0.07953389895459016,0.07885334436264303,26.078664703369142,26.34079268561469,0.5412739522589578,0.5408498745494419,47391.891456
Wang_2023_260729_1232,288,1785365123.1142275,43993.761577129364,0.04269411787390709,0.04222464933991432,0.07880585353407595,0.07816329387327035,26.165116399129232,26.573688973320856,0.5433317697048188,0.5433569477001826,47021.2608
Wang_2023_260729_1232,289,1785365277.1898985,44147.83724808693,0.04308148846030235,0.042577408254146576,0.07547899143563376,0.07488943608270751,26.551940977308487,26.94510476006402,0.5643233044279946,0.565133583744367,46658.871296
Wang_2023_260729_1232,290,1785365428.622585,44299.269934654236,0.046066783368587494,0.04541788995265961,0.077405799743202,0.076724634087748,26.366059799194336,26.71641120062934,0.5519618812534545,0.5497288510534498,47347.216384
Wang_2023_260729_1232,291,1785365580.425079,44451.07242870331,0.04209981858730316,0.041904836893081665,0.0828097228374746,0.08205768908891413,25.946890318128798,26.564961912367078,0.5227158196767171,0.5229835093021393,46204.727296
Wang_2023_260729_1232,292,1785365731.5865405,44602.23389005661,0.04547571763396263,0.044819049537181854,0.0771367172565725,0.07642381115092171,26.46242313808865,26.687218721177842,0.5516963352097405,0.5510798202620613,47426.351104
Wang_2023_260729_1232,293,1785365880.606929,44751.25427865982,0.04777579754590988,0.046996939927339554,0.07900932979252603,0.07830691176984045,26.11024796379937,26.505219395955404,0.5433692497677273,0.5419644635915756,47389.343744
Wang_2023_260729_1232,294,1785366030.2110724,44900.85842204094,0.04193586856126785,0.0417904406785965,0.07944255227016078,0.0787771826899714,25.955380393134224,26.946391109890406,0.5433889049953885,0.5426813057396147,46016.028672
Wang_2023_260729_1232,295,1785366179.9021032,45050.54945278168,0.04209228977560997,0.04204303026199341,0.07803430245154434,0.07732063370446364,26.1435735405816,27.1400905863444,0.5460309786929025,0.544837933977445,46025.908224
Wang_2023_260729_1232,296,1785366324.315048,45194.96239757538,0.0434478297829628,0.04291604459285736,0.07805689395301872,0.07737272786597411,26.26553616841634,26.723954942491318,0.5460741423898273,0.5468246167235904,46841.724928
Wang_2023_260729_1232,297,1785366476.7893276,45347.43667721748,0.0445803627371788,0.043885089457035065,0.07750897349582778,0.07684808468653095,26.33552478366428,26.62871976216634,0.5491729026370579,0.5492846381664276,47491.100672
Wang_2023_260729_1232,298,1785366629.9290342,45500.57638382912,0.044922806322574615,0.04429858177900314,0.08080887240668137,0.0800947614841991,25.936543282402887,26.195910347832573,0.5320887282821867,0.5312900135914485,47549.014016
Wang_2023_260729_1232,299,1785366785.8301287,45656.47747826576,0.042949143797159195,0.04264114424586296,0.07815703488058515,0.07745517758859528,26.23729248046875,26.90004456414117,0.545968787074089,0.5451871071259181,46471.65952
Wang_2023_260729_1232,300,1785366935.3209238,45805.96827340126,0.04326814040541649,0.04286109656095505,0.07853817505968942,0.07787223719060421,26.318385119967992,26.990704243977863,0.5464069099558724,0.5437394439511829,46481.539072
Wang_2023_260729_1232,301,1785367087.5859706,45958.233320236206,0.04284804314374924,0.042416762560606,0.07747319986422857,0.07680495370593336,26.33875431484646,26.852995546129016,0.5525487516986,0.550392423801952,47077.13024
Wang_2023_260729_1232,302,1785367236.691055,46107.33840465546,0.04435305297374725,0.043755143880844116,0.07910444304347038,0.07836174680127038,26.08951132880317,26.32046245151096,0.5406307404571109,0.5420433237817552,47590.66624
Wang_2023_260729_1232,303,1785367381.533693,46252.1810426712,0.045232560485601425,0.04461229220032692,0.0770177829431163,0.07634919090403451,26.43689644707574,26.79320137871636,0.5530663934018877,0.5519396719667646,47358.107648
Wang_2023_260729_1232,304,1785367531.4259326,46402.07328224182,0.04287238046526909,0.04236460477113724,0.07900794612864653,0.07834543098178175,26.162399664984807,26.613773998684355,0.541620160539945,0.5414638525909847,47020.630016
Wang_2023_260729_1232,305,1785367682.649409,46553.29675865173,0.04321128502488136,0.04297136887907982,0.07731112138264709,0.07667421771420373,26.424192530314127,27.06716839260525,0.5523186700211631,0.5527586958143447,46381.4656
Wang_2023_260729_1232,306,1785367835.0387993,46705.68614888191,0.043676503002643585,0.04309951514005661,0.0764760935306549,0.07578661244776513,26.363270950317382,26.754662221272785,0.5558236473136478,0.5540708943870333,47628.455936
Wang_2023_260729_1232,307,1785367980.65964,46851.3069896698,0.043519534170627594,0.04301554337143898,0.07682090683943696,0.07618098264767063,26.423510920206706,26.95421999613444,0.5551992138226827,0.5531469043095907,46950.760448
Wang_2023_260729_1232,308,1785368129.9079394,47000.555289030075,0.04470163211226463,0.044179610908031464,0.08110961112711165,0.08045840311381552,25.966358956231012,26.324155366685655,0.5335704967710707,0.5309474384784698,47280.18944
Wang_2023_260729_1232,309,1785368291.0515423,47161.69889187813,0.043090492486953735,0.04250821843743324,0.07753207588361369,0.0767947352760368,26.300142423841688,26.65267534044054,0.5483700318468941,0.5474239189094967,47657.766912
Wang_2023_260729_1232,310,1785368442.6369321,47313.28428173065,0.043215345591306686,0.04275468364357948,0.07690118046270476,0.07617507279747063,26.3609844801161,26.951031790839302,0.5530272165271971,0.5531334651178784,46930.751488
Wang_2023_260729_1232,311,1785368593.6692913,47464.31664085388,0.04497062787413597,0.04423889145255089,0.08203220333490106,0.08130176617867417,25.79538787841797,26.048392935858832,0.5255718021922642,0.5245738463931614,47519.756288
Wang_2023_260729_1232,312,1785368743.3789017,47614.02625131607,0.042309343814849854,0.041866760700941086,0.0770211759623554,0.07630116080244383,26.385980962117515,26.730105217827692,0.5533037124739753,0.5540383565425873,47431.540736
Wang_2023_260729_1232,313,1785368891.2939742,47761.94132375717,0.04508989304304123,0.04445700719952583,0.08010723877284262,0.07941649158795674,26.063577389187284,26.271755710177953,0.5370971983008914,0.536879231929779,47598.563328
Wang_2023_260729_1232,314,1785369035.7099545,47906.35730409622,0.044372864067554474,0.04387589916586876,0.07492406728367011,0.07427146942251259,26.670785200330947,27.174973136054145,0.5650908166832395,0.5632872616582446,47019.86816
Wang_2023_260729_1232,315,1785369189.0430348,48059.69038438797,0.04359002783894539,0.04306434467434883,0.0805402072519064,0.0798143184516165,26.038605719672308,26.3996447330051,0.534608557621638,0.5343004406823052,47288.590336
Wang_2023_260729_1232,316,1785369339.2471564,48209.89450597763,0.04186083748936653,0.041492994874715805,0.07845741251276599,0.07778693299326632,26.243191282484265,26.886766891479493,0.5450243743260702,0.5454550529850853,46639.632384
Wang_2023_260729_1232,317,1785369490.5932057,48361.24055528641,0.042624976485967636,0.04219144210219383,0.08036176722910669,0.07968658614489767,26.012244177924263,26.574760343763565,0.5362701544496749,0.5343719428115421,46999.949312
Wang_2023_260729_1232,318,1785369638.9959867,48509.64333629608,0.04394270479679108,0.04341974854469299,0.077229156775607,0.07657268676492902,26.369350865681966,26.75111615498861,0.5534961059358385,0.5544483831193712,47378.935808
Wang_2023_260729_1232,319,1785369792.2438233,48662.891172885895,0.046926531940698624,0.04619494080543518,0.07683110659321149,0.07609059580498272,26.482283935546874,26.706890504625107,0.5536444769965277,0.5526035948594411,47561.752576
Wang_2023_260729_1232,320,1785369938.0043094,48808.65165901184,0.04294174909591675,0.04290853440761566,0.08019654538896348,0.0795722626398007,25.957574055989582,27.031284883287217,0.536694413555993,0.537921020189921,46263.00928
Wang_2023_260729_1232,321,1785370090.130959,48960.77830862999,0.044223442673683167,0.043617792427539825,0.07734827525913715,0.076703148757418,26.306642184787325,26.683096152411565,0.551585957341724,0.5502992639276716,47618.535424
Wang_2023_260729_1232,322,1785370234.3295586,49104.97690820694,0.04530404508113861,0.04468986764550209,0.07675065668092834,0.07605162299341625,26.36169403076172,26.754549594455295,0.5542225611209869,0.5535735746224721,47545.782272
Wang_2023_260729_1232,323,1785370385.6508224,49256.29817199707,0.043547291308641434,0.043095044791698456,0.07770441318551699,0.07698449432849884,26.328892771402995,26.811789694892035,0.5499726955095927,0.5499926090902753,47208.30464
Wang_2023_260729_1232,324,1785370535.5063205,49406.153670072556,0.04360359534621239,0.043188825249671936,0.07743156645860937,0.07672765088578065,26.315150519476997,26.921187294854057,0.5518405095736185,0.5516806337568495,46938.566656
Wang_2023_260729_1232,325,1785370686.9182076,49557.56555724144,0.043187543749809265,0.0427788645029068,0.07726919314099683,0.07663102605276638,26.482448603312175,27.049410739474826,0.5506249554951985,0.5506601881318622,47078.965248
Wang_2023_260729_1232,326,1785370835.9550402,49706.60238981247,0.0437958687543869,0.04312268644571304,0.07470285970303747,0.07407159530454212,26.630072343614366,26.96205247667101,0.5673723120159573,0.5650340965059069,47667.93728
Wang_2023_260729_1232,327,1785370985.8279076,49856.47525715828,0.041337743401527405,0.041085388511419296,0.07485121942228741,0.07432660072214074,26.6221433851454,27.550966432359484,0.570342485109965,0.568349467449718,46526.939136
Wang_2023_260729_1232,328,1785371130.5729558,50001.22030544281,0.04403680935502052,0.04339713603258133,0.07621675685875946,0.07555529838634861,26.46879449632433,26.695379765828452,0.5581064779228634,0.5572312088807424,47650.65216
Wang_2023_260729_1232,329,1785371288.6395738,50159.28692340851,0.045923732221126556,0.045299675315618515,0.07687737885448667,0.07622526961896155,26.398256395128037,26.657481028238934,0.5553039019637638,0.5548421912723117,47793.987584
Wang_2023_260729_1232,330,1785371439.9039521,50310.55130171776,0.04163455590605736,0.041337497532367706,0.07875151040653387,0.07808187983102269,26.377822308010526,27.078150999281142,0.5428689810302523,0.5415092670917511,46628.159488
Wang_2023_260729_1232,331,1785371594.515671,50465.16302061081,0.0435418076813221,0.042946331202983856,0.07968906207217111,0.07898382125629319,26.086407029893664,26.346720513237848,0.5399847933981153,0.5400676704777612,47874.854912
Wang_2023_260729_1232,332,1785371745.928925,50616.57627463341,0.043679967522621155,0.043243926018476486,0.07977677033179337,0.07906681107978027,26.08492515563965,26.516042132907444,0.5352961324983173,0.5354803121089935,47456.333824
Wang_2023_260729_1232,333,1785371896.2307632,50766.87811279297,0.0466269887983799,0.04591384157538414,0.07902994473775228,0.07829483873314327,26.16314574347602,26.359055675930446,0.5413425633642408,0.5411938855383132,47737.061376
Wang_2023_260729_1232,334,1785372041.8823626,50912.529712200165,0.04249747470021248,0.04220812767744064,0.08241960888107618,0.08178860390351879,25.84110961066352,26.570824305216473,0.5243000331189898,0.5226773934894138,46687.813632
Wang_2023_260729_1232,335,1785372190.466105,51061.11345458031,0.04242253303527832,0.042067497968673706,0.07914607700374392,0.07841553283234437,26.089337412516276,26.66599307590061,0.5412618830468919,0.54227479868465,47029.129216
Wang_2023_260729_1232,336,1785372339.8901534,51210.537503004074,0.04278809577226639,0.04234590753912926,0.07872893402973812,0.07797871909207768,26.130240122477215,26.67230490790473,0.5421558817889955,0.5424433768457837,47336.71424
Wang_2023_260729_1232,337,1785372486.031332,51356.678681612015,0.045629922300577164,0.045019328594207764,0.0794691696514686,0.07874030604958535,26.13892856174045,26.359371456570095,0.5380783397621579,0.5383032887511783,47752.081408
Wang_2023_260729_1232,338,1785372629.8963623,51500.54371190071,0.0459531731903553,0.04524144530296326,0.07816647857427597,0.07749771725800303,26.180160768296982,26.517912877400715,0.5447843584749433,0.5447833756605784,47749.48864
Wang_2023_260729_1232,339,1785372783.724896,51654.372245550156,0.046435873955488205,0.04583004117012024,0.08181639345155822,0.0811243470840984,25.843612289428712,26.159948315090602,0.5256985824637943,0.5263558405637742,47771.844608
Wang_2023_260729_1232,340,1785372933.2622733,51803.90962290764,0.04127492010593414,0.04113996401429176,0.0827971344606744,0.08208694415787855,25.78825678507487,26.759689348008898,0.5248478683498171,0.5227218180232578,46470.828032
Wang_2023_260729_1232,341,1785373082.1573272,51952.804676771164,0.0416581816971302,0.04137790575623512,0.08045434535377556,0.07973810167776214,26.030600696139864,26.698973202175566,0.5342539695898691,0.5356663297282325,46891.84768
Wang_2023_260729_1232,342,1785373230.9000628,52101.54741239548,0.046805594116449356,0.04608970880508423,0.08035517838266161,0.07966023916999498,25.99041459825304,26.185144593980578,0.5363924156294929,0.5358978500631121,47805.15328
Wang_2023_260729_1232,343,1785373375.2742884,52245.92163801193,0.04403456300497055,0.04352353513240814,0.07898542824718688,0.0782844059334861,26.240707770453557,26.672528381347657,0.5439576180113687,0.5444454222255283,47306.797056
Wang_2023_260729_1232,344,1785373524.857985,52395.50533461571,0.04350521042943001,0.04340003430843353,0.07874050214886666,0.078189066838887,26.124774119059246,27.106987007988824,0.5466691611872779,0.5453156559334861,46498.721792
Wang_2023_260729_1232,345,1785373673.3368402,52543.984189748764,0.04364394396543503,0.04310516640543938,0.08227741219931178,0.08153462418251567,25.834525968763565,26.061227603488497,0.5245029098457761,0.5243096573485269,48015.900672
Wang_2023_260729_1232,346,1785373821.3525684,52691.99991798401,0.04304671660065651,0.0427279993891716,0.0767084875702858,0.0760698431564702,26.41687115987142,27.118292753431533,0.5539801800913281,0.5543760454654694,46873.645056
Wang_2023_260729_1232,347,1785373970.927048,52841.574397563934,0.042158808559179306,0.04200330376625061,0.07915355607039398,0.07850118402805593,26.120827670627172,27.071438556247287,0.5431184486548106,0.5427023131979837,46540.386304
Wang_2023_260729_1232,348,1785374120.6015708,52991.248920440674,0.04287842661142349,0.04245052486658096,0.08022212603025966,0.07957929538355933,25.973078401353625,26.64563658820258,0.5363122747341792,0.5348615323172675,47167.369216
Wang_2023_260729_1232,349,1785374274.5750306,53145.222380161285,0.04414147511124611,0.0440228246152401,0.0762960402833091,0.07569884627229638,26.404859975179036,27.47472903781467,0.5606502293215858,0.5588199641969469,46548.127744
Wang_2023_260729_1232,350,1785374423.3301947,53293.97754430771,0.04539612680673599,0.04474586993455887,0.07641945521036785,0.0757267586969667,26.47898779127333,26.972171732584634,0.5590793997049331,0.5566114539570278,47695.507456
Wang_2023_260729_1232,351,1785374573.722098,53444.36944770813,0.043015263974666595,0.0428328663110733,0.07809478618204593,0.07741279335485564,26.29249370151096,27.091320292154947,0.5467212165064282,0.5451257128847969,46636.544
Wang_2023_260729_1232,352,1785374723.2250192,53593.87236881256,0.04225055128335953,0.0418841578066349,0.07658464645346005,0.0759057638545831,26.438832253350153,27.10022772894965,0.5558830333418316,0.5562961219416724,47224.778752
Wang_2023_260729_1232,353,1785374873.484324,53744.13167357445,0.0438387505710125,0.043388620018959045,0.08098714838425318,0.08028773428665267,25.98432492574056,26.592044236924913,0.5314916031890445,0.5313720813062456,47234.658304
Wang_2023_260729_1232,354,1785375025.6083267,53896.25567626953,0.04569577798247337,0.04504101723432541,0.079617859803968,0.07893331963155005,26.12019176059299,26.348041627671982,0.5415524343649546,0.5395553488201565,48075.91936
Wang_2023_260729_1232,355,1785375175.12292,54045.77026963234,0.0460456907749176,0.04527343809604645,0.07894733748502201,0.07820932231843472,26.138861346774632,26.356580276489257,0.5431420161989,0.5435924569765727,48085.782528
Wang_2023_260729_1232,356,1785375324.8092759,54195.45662546158,0.0430501252412796,0.042903345078229904,0.08031828097999096,0.0797348970754279,26.043057132297093,27.005219362046983,0.5372772053877513,0.5343502437406116,46635.15136
Wang_2023_260729_1232,357,1785375471.4440875,54342.091437101364,0.04326473921537399,0.042938120663166046,0.08002419293754631,0.07939779015878837,26.054186553955077,26.846223458184138,0.5357212675280041,0.5344537389940686,47068.188672
Wang_2023_260729_1232,358,1785375621.3538568,54492.00120639801,0.04390464723110199,0.04337063804268837,0.08218878490229448,0.08144762084715897,25.728254640367297,26.093883573744034,0.5216256210539076,0.5224597488509284,47904.301056
Wang_2023_260729_1232,359,1785375782.9573143,54653.60466384888,0.045261137187480927,0.044632602483034134,0.08042451471090317,0.07973240926033921,25.924940626356335,26.292951719495985,0.534144371483061,0.5338130969471402,48169.992192
Wang_2023_260729_1232,360,1785375930.0495615,54800.69691109657,0.044021911919116974,0.04369749873876572,0.07559055772920449,0.07497163022557894,26.650512805514865,27.35625210232205,0.5632238027122286,0.5631894420252906,46962.8928
Wang_2023_260729_1232,361,1785376080.9406087,54951.58795833588,0.04312647506594658,0.042899586260318756,0.07761117469105455,0.07700903904934724,26.28771725124783,27.06670806037055,0.5509801659981409,0.5508450858460532,46881.050624
Wang_2023_260729_1232,362,1785376231.0301614,55101.67751097679,0.041742537170648575,0.041474349796772,0.07749573063519266,0.07679538293017281,26.385753716362846,27.03852165222168,0.5525075868765513,0.5525910502009922,46962.765824
Wang_2023_260729_1232,363,1785376381.3189063,55251.966255903244,0.043923068791627884,0.043422844260931015,0.07740381606751018,0.07674280009335942,26.339702106051973,26.584489534166124,0.554555718501409,0.5520670757028792,48051.679232
Wang_2023_260729_1232,364,1785376531.273729,55401.921078681946,0.04378030449151993,0.043257180601358414,0.08064197987318039,0.07990432464414172,25.937496168348524,26.375363879733616,0.5329241432746251,0.5327553488148583,47631.568896
Wang_2023_260729_1232,365,1785376682.2196996,55552.867049217224,0.04451591148972511,0.043916475027799606,0.07842791499363051,0.07769096474680635,26.26136616177029,26.51847292582194,0.5438503893216451,0.5449296885066562,48181.264384
Wang_2023_260729_1232,366,1785376832.7699142,55703.41726374626,0.044456303119659424,0.043852388858795166,0.08190723687410355,0.08120248268047968,25.86286126030816,26.18019005669488,0.5257439776261648,0.5252418576346504,47983.22688
Wang_2023_260729_1232,367,1785376976.675822,55847.3231716156,0.044863149523735046,0.04422089084982872,0.07930568660298984,0.07857997733685705,26.076776038275824,26.3500134701199,0.5417349549796846,0.5411856532096863,48008.568832
Wang_2023_260729_1232,368,1785377126.6120942,55997.25944375992,0.042486079037189484,0.04209466651082039,0.07667297641436259,0.07602067266901334,26.435326215955946,27.07134423997667,0.5565961249669393,0.5569203388028675,47171.555328
Wang_2023_260729_1232,369,1785377277.9587507,56148.606100320816,0.043404266238212585,0.04304385185241699,0.07600284206370513,0.07541994421018494,26.4542921617296,27.265071631537545,0.5605506771140628,0.5578693733612696,47186.6368
Wang_2023_260729_1232,370,1785377424.8432145,56295.490564107895,0.04627905413508415,0.045609597116708755,0.08016505064235793,0.07944191525379816,26.085192108154295,26.262036276923286,0.5355060561498006,0.5343088216251797,48193.724416
Wang_2023_260729_1232,371,1785377575.5520687,56446.19941830635,0.04180974140763283,0.04159453511238098,0.07811594618691338,0.07752072339256605,26.256510230170356,27.17824783325195,0.5487348321411345,0.5465111625856823,46801.12128
Wang_2023_260729_1232,372,1785377726.4311235,56597.078473091125,0.04230525717139244,0.041943296790122986,0.07709040498567953,0.07639587670564651,26.416953421698675,26.94819342719184,0.5494251172410117,0.5512423511346182,47176.9088
Wang_2023_260729_1232,373,1785377879.0583088,56749.70565843582,0.04522212967276573,0.04466097429394722,0.07952416260209348,0.07876636940571997,26.135704913669162,26.56542840745714,0.5388871261808608,0.5383928846650653,47981.408256
Wang_2023_260729_1232,374,1785378024.4826212,56895.129970788956,0.0440501868724823,0.04355980455875397,0.08165828257799149,0.08094662166304059,25.906557117038304,26.19426766289605,0.5259223136636946,0.525633260011673,48071.70048
Wang_2023_260729_1232,375,1785378175.1920202,57045.839369773865,0.0438431054353714,0.04339906945824623,0.07830369954307874,0.07762626231544548,26.28938500298394,26.704893137613933,0.5472422933578491,0.546716769668791,47585.120256
Wang_2023_260729_1232,376,1785378327.075028,57197.72237753868,0.04396149516105652,0.043375466018915176,0.07554595772590902,0.07480706203314993,26.55149452209473,26.834481989542642,0.5625609560807546,0.5625750817192925,48283.91424
Wang_2023_260729_1232,377,1785378476.4129977,57347.06034731865,0.04231441393494606,0.041846465319395065,0.07888491575916608,0.07814499134818713,26.211460088094075,26.499880566067166,0.5420749404695299,0.5406885800096723,48087.28576
Wang_2023_260729_1232,378,1785378621.3656332,57492.01298284531,0.04351099953055382,0.043000172823667526,0.07758567214012146,0.0768450411574708,26.35595759073893,26.763470984564886,0.5497862813207838,0.5510711353354983,47665.729536
Wang_2023_260729_1232,379,1785378774.3039963,57644.95134592056,0.043579719960689545,0.04310179874300957,0.08194562304351065,0.08123043285475837,25.84623839484321,26.333274858262804,0.5240176426039802,0.524397885468271,47562.182656
Wang_2023_260729_1232,380,1785378928.5040638,57799.151413440704,0.04776892811059952,0.047122012823820114,0.08233531738320986,0.08160783056583669,25.80974284701877,26.15866791619195,0.521993338531918,0.5218997939427694,48412.852224
Wang_2023_260729_1232,381,1785379078.6549406,57949.30229020119,0.04526866227388382,0.04460085183382034,0.08033790499799781,0.07966455659104718,25.972064166598848,26.279320517645942,0.5344238356749217,0.5340251808696322,48423.714816
Wang_2023_260729_1232,382,1785379231.0788953,58101.72624492645,0.043777983635663986,0.043181564658880234,0.07752873779171043,0.07684009889761607,26.357709401448567,26.656652925279406,0.5503524080912272,0.5503944729434119,48070.459392
Wang_2023_260729_1232,383,1785379380.6520278,58251.299377441406,0.04247460514307022,0.04204195365309715,0.07856238917344147,0.07793404333293438,26.427677993774413,26.851049363878037,0.5472211606634988,0.5446851845582327,47811.649536
Wang_2023_260729_1232,384,1785379529.314594,58399.961943626404,0.04462701082229614,0.04411580041050911,0.08114089644617505,0.08047255739569664,25.85370800442166,26.270286848280165,0.5295793628692627,0.5296886377864414,48041.53344
Wang_2023_260729_1232,385,1785379678.259138,58548.90648770332,0.042811088263988495,0.042384304106235504,0.07898996007111338,0.0783004758424229,26.18534218682183,26.657258978949653,0.5433140313625335,0.5413701334926817,47533.703168
Wang_2023_260729_1232,386,1785379825.9211874,58696.56853699684,0.04516845569014549,0.04459383711218834,0.07453464319308599,0.07385465281705061,26.72393247816298,27.063854988945856,0.5671729951434665,0.5676077885097928,48148.660224
Wang_2023_260729_1232,387,1785379974.554175,58845.20152449608,0.04589573293924332,0.04529054835438728,0.07904075024856462,0.07832759954863125,26.19832795884874,26.461128056844075,0.540278051826689,0.5396042911211649,48444.182528
Wang_2023_260729_1232,388,1785380123.6303532,58994.27770280838,0.044747162610292435,0.04404425993561745,0.07627706444925732,0.07557553191979727,26.491488655938042,26.774774186876083,0.5570723284615411,0.5574752199649811,48509.07136
Wang_2023_260729_1232,389,1785380278.8001575,59149.44750714302,0.042744871228933334,0.04249008744955063,0.07779735698468156,0.07711707958744632,26.424465654161242,27.19491972181532,0.5475623732142978,0.549214615424474,47029.997568
Wang_2023_260729_1232,390,1785380431.643075,59302.29042458534,0.04266874119639397,0.04214746132493019,0.08264526170988877,0.0819563904321856,25.64653914557563,26.159743203057182,0.5220142939355639,0.5207563579082489,48048.308224
Wang_2023_260729_1232,391,1785380581.0897434,59451.7370929718,0.04515454173088074,0.044509727507829666,0.08087349441316392,0.08017570490638415,25.86212946573893,26.11716829087999,0.53043100727929,0.5312199917104509,48538.968064
Wang_2023_260729_1232,392,1785380734.030303,59604.67765259743,0.045364249497652054,0.044677961617708206,0.0801654662274652,0.07946700787378683,26.01825678507487,26.20281273735894,0.5365018261803521,0.5364333752791087,48496.7424
Wang_2023_260729_1232,393,1785380881.1587882,59751.80613780022,0.043573495000600815,0.043103963136672974,0.07904790098468463,0.07827835217946105,26.186403401692708,26.71706693013509,0.5404646360211902,0.5404714677068923,47620.980736
Wang_2023_260729_1232,394,1785381027.6721148,59898.319464445114,0.042671166360378265,0.042294442653656006,0.08207814171082443,0.08140333919889398,25.795806435479058,26.451311196221244,0.525234250691202,0.5224065646198061,47366.230016
Wang_2023_260729_1232,395,1785381174.1145666,60044.76191616058,0.04272940382361412,0.04244384169578552,0.08047838769025273,0.07982275204526054,26.048655149671767,26.72792702568902,0.5359159359667036,0.5343754702144199,47309.307904
Wang_2023_260729_1232,396,1785381322.8643768,60193.511726379395,0.04516923800110817,0.04452260583639145,0.08052642309003406,0.07979402785499891,25.989386350843642,26.338589952256946,0.532871252960629,0.5319021277957492,48590.86848
Wang_2023_260729_1232,397,1785381472.842342,60343.489691495895,0.044579602777957916,0.04387444630265236,0.07897166229784489,0.07830982041855652,26.158624454074435,26.456847652859157,0.5423160717222426,0.5427443486452103,48388.1984
Wang_2023_260729_1232,398,1785381625.6390965,60496.28644609451,0.04463276267051697,0.04410579800605774,0.07853354005350006,0.07782542310655118,26.254364886813693,26.554915440877277,0.5448984245459239,0.5432938220765856,48555.790336
Wang_2023_260729_1232,399,1785381783.7992725,60654.446622133255,0.04287930205464363,0.04240088164806366,0.07982559218174881,0.07920030852158864,26.138676308525934,26.568671315511068,0.539576494163937,0.5386226591798994,48064.098304
Wang_2023_260729_1232,400,1785381934.3543365,60805.00168609619,0.04228727146983147,0.04193657264113426,0.07972337468630737,0.07900220841997199,25.913633431328666,26.669075826009113,0.5390115718046824,0.5410778237713708,47487.946752
Wang_2023_260729_1232,401,1785382084.1810606,60954.82841014862,0.04444737359881401,0.04384281113743782,0.07561819712320964,0.07495416942569945,26.53934280395508,26.789004270765517,0.5621974473529392,0.5613276851177216,48637.452288
Wang_2023_260729_1232,402,1785382234.5589879,61105.206337451935,0.04178556799888611,0.04147351160645485,0.07914826893972025,0.07851473249495029,26.136931677924263,26.864134012858074,0.5421397944291433,0.5417472931411531,47358.222336
Wang_2023_260729_1232,403,1785382386.309607,61256.956956624985,0.043295592069625854,0.04269706830382347,0.07796991584201654,0.0772506400446097,26.286320826212567,26.758957782321506,0.5491564677821266,0.5467575283182992,48176.447488
Wang_2023_260729_1232,404,1785382531.099613,61401.7469625473,0.04193846508860588,0.041506897658109665,0.07910138050715129,0.07837318652205998,26.21762845357259,26.619332851833768,0.541828402015898,0.5423285351196925,47927.488512
Wang_2023_260729_1232,405,1785382684.7011993,61555.34854888916,0.0440959706902504,0.043519336730241776,0.07683122884896067,0.07618213711513414,26.427687276204427,26.862335289849174,0.5556867591540019,0.5560618378718694,48196.210688
Wang_2023_260729_1232,406,1785382835.4123127,61706.05966234207,0.04332875460386276,0.042860597372055054,0.07938497914208306,0.07856805727713638,26.11228653801812,26.604558910793727,0.5376943132612441,0.5386950947178735,47897.686016
Wang_2023_260729_1232,407,1785382984.7109528,61855.35830235481,0.045308616012334824,0.04466025158762932,0.08024292012055714,0.07949815457065901,26.04582678053114,26.42193000793457,0.5353799985514747,0.5350115173392825,48276.676608
Wang_2023_260729_1232,408,1785383130.3839128,62001.031262397766,0.045294780284166336,0.04461921751499176,0.077220596878065,0.07653162414001094,26.297518412272137,26.530292417738174,0.5532306088341608,0.5522763918505774,48459.493376
Wang_2023_260729_1232,409,1785383289.4269414,62160.07429099083,0.04451870545744896,0.043843824416399,0.08020688311093384,0.07949605363110701,26.030503624810112,26.379965879652236,0.5338415060440699,0.5335468775696225,48554.156032
Wang_2023_260729_1232,410,1785383440.3454347,62310.9927842617,0.04324321076273918,0.042736537754535675,0.07780649924443828,0.07711803190410137,26.409530487060547,26.961804885864257,0.548625608947542,0.5489719802803463,47806.68928
Wang_2023_260729_1232,411,1785383594.6259844,62465.27333402634,0.04602690786123276,0.04527673497796059,0.07954403082529704,0.07876680352621608,26.106645957099065,26.34718802558051,0.5381372907426623,0.5375986373424531,48684.167168
Wang_2023_260729_1232,412,1785383744.0769162,62614.72426581383,0.046244677156209946,0.04554139822721481,0.07861726938022508,0.07792910459968778,26.229194547865127,26.503762317233615,0.5442337519592709,0.54275158378813,48632.50432
Wang_2023_260729_1232,413,1785383891.5952392,62762.24258875847,0.04331902787089348,0.0429837629199028,0.08236715907851855,0.08167734364668529,25.879149102105035,26.449594582451713,0.5217991320292155,0.5220315636528863,47621.648384
Wang_2023_260729_1232,414,1785384041.357166,62912.00451564789,0.04432481527328491,0.04373127222061157,0.07825623131460614,0.0776181126303143,26.182361653645835,26.373760520087348,0.549472664727105,0.5491933589511447,48766.17728
Wang_2023_260729_1232,415,1785384185.9021342,63056.54948377609,0.04435114562511444,0.04377172142267227,0.07399032518267631,0.07330271414584584,26.742583804660374,27.081384472317165,0.5692492927445306,0.569632982412974,48483.36896
Wang_2023_260729_1232,416,1785384335.1591804,63205.80652999878,0.04517277330160141,0.044522132724523544,0.07539428896374173,0.07472018602821562,26.472026579115127,26.828994920518664,0.5614424271716012,0.5614764679802788,48672.288768
Wang_2023_260729_1232,417,1785384482.002978,63352.650327682495,0.043659646064043045,0.04324333742260933,0.08137438693808184,0.08066991206672457,25.913457573784722,26.529332555135092,0.5272308019134734,0.527391552593973,47593.435136
Wang_2023_260729_1232,418,1785384632.159866,63502.80721569061,0.04247809946537018,0.042311012744903564,0.07908268648717139,0.07849175638622707,26.117647815280492,27.166041022406684,0.5405873671505186,0.5413974015580283,47260.18048
Wang_2023_260729_1232,419,1785384785.7347186,63656.382068157196,0.0426349863409996,0.04243677109479904,0.0771471622834603,0.07650930160449611,26.333207388983833,27.139846047295464,0.5534412344296773,0.552425087624126,47326.625792
Wang_2023_260729_1232,420,1785384936.3577807,63807.005130290985,0.04301987960934639,0.04254067316651344,0.07788218088448047,0.07727716794444454,26.28333552890354,26.79454533047146,0.5496251899003982,0.5498140568203397,48036.31104
Wang_2023_260729_1232,421,1785385087.7607603,63958.408109903336,0.042520392686128616,0.042119238525629044,0.07832666258017222,0.0777091700086991,26.198147082858615,26.794699096679686,0.546872364613745,0.5474410006072786,48195.362816
Wang_2023_260729_1232,422,1785385236.7968247,64107.4441742897,0.04252702742815018,0.0422043539583683,0.08344122838642862,0.08283335141009755,25.677397842407228,26.50390520731608,0.5187767582469517,0.5166429907745785,47556.165632
Wang_2023_260729_1232,423,1785385386.6982684,64257.34561800957,0.04309123754501343,0.04261649399995804,0.07416662998497486,0.07355508391227987,26.762112782796223,27.289052157931856,0.5723532229661942,0.5729956243435542,48065.98656
Wang_2023_260729_1232,424,1785385535.7272737,64406.374623298645,0.04467947036027908,0.04406917095184326,0.08171559264262518,0.08096951825751199,25.880001339382595,26.166487113104925,0.5247315544552273,0.5255387910207112,48654.962688
Wang_2023_260729_1232,425,1785385686.3702774,64557.01762700081,0.046864159405231476,0.04611630737781525,0.07747334985269441,0.07675829746656948,26.33747516208225,26.643343794080945,0.5529173578156366,0.5514934126536052,48777.863168
Wang_2023_260729_1232,426,1785385835.4102533,64706.057602882385,0.044237203896045685,0.04365962743759155,0.07676026156379116,0.07604280959400866,26.424857126871746,26.690878075493707,0.5563594834009806,0.5547257853878869,48674.721792
Wang_2023_260729_1232,427,1785385986.2412584,64856.88860797882,0.04195116087794304,0.04171595349907875,0.07709157395693991,0.07651637394395139,26.44762572394477,27.278564122517903,0.5538885923888949,0.5546301803323958,47533.719552
Wang_2023_260729_1232,428,1785386135.2450302,65005.89237976074,0.04470643773674965,0.0440424382686615,0.07449556428525184,0.07379017722275522,26.597993587917752,26.944527553982205,0.5660623474915822,0.566557889646954,48777.867264
Wang_2023_260729_1232,429,1785386296.2957895,65166.94313907623,0.043480128049850464,0.04291006177663803,0.08097036254074838,0.08022405621906122,25.902486368815104,26.199671579996746,0.5311336427264743,0.5307504751947191,48862.076928
Wang_2023_260729_1232,430,1785386446.2660265,65316.91337609291,0.042817287147045135,0.042683035135269165,0.07574056322375933,0.07517437831395202,26.50583173116048,27.461323657565647,0.566568753057056,0.5642929547362857,47366.291456
Wang_2023_260729_1232,431,1785386595.3305979,65465.977947473526,0.04566578194499016,0.044925786554813385,0.08069425189660655,0.07997068417569002,25.974274783664278,26.353390579223632,0.5305896888838874,0.5313776184452904,48771.506176
Wang_2023_260729_1232,432,1785386745.5673518,65616.21470141411,0.04215928539633751,0.0417666994035244,0.08039033122360706,0.07971938540538152,26.067136154174804,26.639978374905056,0.5350073567363951,0.5334318890836504,48015.294464
Wang_2023_260729_1232,433,1785386894.87721,65765.52455949783,0.046561628580093384,0.04587646573781967,0.07881858792569903,0.07811684590246942,26.139635679456923,26.439867435031466,0.5434340726004706,0.5435686967770259,48743.81312
Wang_2023_260729_1232,434,1785387047.8491125,65918.4964621067,0.04568907245993614,0.0450284481048584,0.08092011250555516,0.08019783711267842,25.980421261257597,26.16818091498481,0.5308274870448643,0.5311594683594174,48911.64672
Wang_2023_260729_1232,435,1785387195.1705842,66065.81793379784,0.042348720133304596,0.04215486720204353,0.07875427645113733,0.07811091703673204,26.21584245469835,26.979431847466362,0.5433515810966492,0.5430502559741338,47704.449024
Wang_2023_260729_1232,436,1785387345.2363265,66215.8836760521,0.04174044728279114,0.04153705760836601,0.07782033660345607,0.07718776957028442,26.3234166208903,27.02106959025065,0.5514178697268168,0.5520948975616031,47694.422016
Wang_2023_260729_1232,437,1785387494.4091468,66365.05649638176,0.042987678200006485,0.04280649125576019,0.07938852607376046,0.07877691102524599,26.20824562072754,27.009403194851345,0.5415624746349122,0.5422179418802261,47504.437248
Wang_2023_260729_1232,438,1785387647.4236414,66518.07099103928,0.04486442729830742,0.044267602264881134,0.07848016757104131,0.0777038212120533,26.10365726047092,26.658550669352213,0.5458865041202969,0.5435842198795743,48522.530816
Wang_2023_260729_1232,439,1785387802.8682022,66673.5155518055,0.044729046523571014,0.04429485276341438,0.07876877148946126,0.07808655930062135,26.16330980936686,26.825448413425022,0.5431555302937826,0.543819922738605,48084.738048
Wang_2023_260729_1232,440,1785387952.214999,66822.86234855652,0.04202006757259369,0.041805755347013474,0.08036748371190496,0.0797136317524645,26.035015292697484,26.877399351331924,0.5326715813742744,0.533712732328309,47733.94432
Wang_2023_260729_1232,441,1785388099.509074,66970.15642356873,0.042933374643325806,0.04260934516787529,0.07754316171010335,0.07691368630362881,26.378833363850912,27.096397128634983,0.5518736020723979,0.5522112233771218,47898.58304
Wang_2023_260729_1232,442,1785388248.7182298,67119.36557936668,0.04532374441623688,0.04470278322696686,0.07735437724325392,0.07659622540076573,26.244910922580296,26.607526092529298,0.5505227172374725,0.54978981812795,48734.695424
Wang_2023_260729_1232,443,1785388394.0037818,67264.65113139153,0.04855559021234512,0.04775272682309151,0.07704517736203141,0.07633475087583065,26.410388819376628,26.723355933295355,0.5553191847271389,0.5546187530623542,48818.098176
Wang_2023_260729_1232,444,1785388540.9197824,67411.56713199615,0.04370186850428581,0.04336492717266083,0.0783696288201544,0.07771253248883618,26.21121387057834,26.984383511013455,0.546088658173879,0.5458656416998969,47927.611392
Wang_2023_260729_1232,445,1785388685.1308246,67555.77817416191,0.04727121442556381,0.04655164107680321,0.08000105110307534,0.07931468327840169,26.0088705529107,26.326058383517797,0.5383035495546129,0.5382975761757957,48824.77056
Wang_2023_260729_1232,446,1785388831.751137,67702.39848661423,0.04429216310381889,0.043812040239572525,0.07872188916636838,0.07805493113895258,26.24921038309733,26.75960361904568,0.5430114752716488,0.5439890682035022,48144.007168
Wang_2023_260729_1232,447,1785388981.8246267,67852.47197628021,0.04436486214399338,0.04384392872452736,0.07742272627022531,0.07673233433730073,26.363827353583442,26.639383112589517,0.552134191857444,0.552168324523502,48783.486976
Wang_2023_260729_1232,448,1785389130.5539398,68001.20128941536,0.04511284828186035,0.04448048397898674,0.07912910170853138,0.07841222947670354,26.051673448350694,26.45986469692654,0.5417564780182309,0.5408946425384945,49101.520896
Wang_2023_260729_1232,449,1785389282.1100929,68152.75744247437,0.04331953823566437,0.04281770437955856,0.08015274590088262,0.0794775333835019,26.16825647989909,26.551048329671225,0.5353837258285946,0.5348574843671586,48371.8144
Wang_2023_260729_1232,450,1785389431.2481372,68301.89548683167,0.043873608112335205,0.04328376054763794,0.07749759771757656,0.07681221700376935,26.246516215006512,26.59856078253852,0.5492028580771552,0.5490397984451718,49027.764224
Wang_2023_260729_1232,451,1785389576.6015604,68447.24890995026,0.04203439876437187,0.04203355684876442,0.07946424586077531,0.07880682651367453,26.04389788309733,27.039709379408094,0.5393315277496974,0.5386351791355345,47524.43392
Wang_2023_260729_1232,452,1785389721.8512323,68592.49858188629,0.04152394086122513,0.04109623283147812,0.07780325157774819,0.07711282646490468,26.35006871541341,26.769339014689127,0.5502989537186093,0.5516158320506414,48372.805632
Wang_2023_260729_1232,453,1785389869.6580389,68740.30538845062,0.04270428791642189,0.042251210659742355,0.07762024222148789,0.07702974424593978,26.349774186876086,26.91916341145833,0.5508878884712854,0.5480916432539622,48192.733184
Wang_2023_260729_1232,454,1785390019.2477036,68889.89505314827,0.04493686556816101,0.04430343583226204,0.07769316352076,0.07696893104248577,26.330151053534614,26.549707667032877,0.5497995611031851,0.5489835131168366,49150.103552
Wang_2023_260729_1232,455,1785390170.0311155,69040.67846512794,0.04235042259097099,0.041955482214689255,0.07825316055781312,0.07752874434822135,26.27764986673991,26.771359108818903,0.5478625375032425,0.5470109366046058,48368.345088
Wang_2023_260729_1232,456,1785390320.266121,69190.91347050667,0.04467872530221939,0.044076818972826004,0.07848496946195761,0.07777397627631823,26.18485725402832,26.49862998114692,0.5440679490566254,0.5427740512953865,49168.420864
Wang_2023_260729_1232,457,1785390467.160728,69337.80807757378,0.04312573000788689,0.042861007153987885,0.0767951368374957,0.07611484974622726,26.52185570610894,27.18311989678277,0.554416128396988,0.55700721124808,48043.917312
Wang_2023_260729_1232,458,1785390616.7073445,69487.35469412804,0.0429583415389061,0.04244497790932655,0.0794280897329251,0.07875334378745821,26.090475285847983,26.616927371554905,0.5396383139822218,0.5393518862459394,48548.134912
Wang_2023_260729_1232,459,1785390775.079291,69645.7266407013,0.04255175217986107,0.04206625744700432,0.07839320613278283,0.07768649699787299,26.256007792154946,26.618916829427082,0.548251882923974,0.5468250466717615,48718.31552
Wang_2023_260729_1232,460,1785390925.788019,69796.4353685379,0.046857431530952454,0.04611656442284584,0.07837049595183797,0.07768493904007806,26.2976033782959,26.535918180677626,0.5465404653549194,0.5459092018339369,49145.049088
Wang_2023_260729_1232,461,1785391079.726201,69950.37355065346,0.044142503291368484,0.043523699045181274,0.07855523077150185,0.07778605912294653,26.206200459798175,26.529684126112198,0.5429931353198157,0.5426981919341617,49158.49216
Wang_2023_260729_1232,462,1785391229.4296255,70100.0769751072,0.043537914752960205,0.04304911568760872,0.08004985753032896,0.07932363977862729,26.03015056186252,26.540936364067925,0.5360883725351757,0.5385214085049099,48585.232384
Wang_2023_260729_1232,463,1785391379.0909925,70249.73834204674,0.04179791361093521,0.04160250723361969,0.07994749996397231,0.07928840946820047,25.986044226752387,26.84234127468533,0.5383855828311708,0.5362590191761653,47746.203648
Wang_2023_260729_1232,464,1785391526.5023503,70397.14969992638,0.04160083457827568,0.04121803864836693,0.07840535295506318,0.0777481259405613,26.171996137830945,26.691697811550565,0.5472585090663697,0.5470970861779318,48307.286016
Wang_2023_260729_1232,465,1785391676.3129458,70546.96029543877,0.04501671716570854,0.04462119936943054,0.07945532031357289,0.07873171072867181,26.061108423868816,26.711900973849826,0.5397590559720993,0.5396466117435031,48115.339264
Wang_2023_260729_1232,466,1785391825.6503181,70696.29766774178,0.04437730461359024,0.04383451119065285,0.07818250705798467,0.07745504645837678,26.24161366780599,26.53566281636556,0.5458071080843607,0.5459030747413636,49214.554112
Wang_2023_260729_1232,467,1785391976.0428007,70846.69015026093,0.04389110207557678,0.043306417763233185,0.08231659163203504,0.08157215558820301,25.74728978474935,26.035736660427517,0.5245626224411859,0.5233744233184391,49236.733952
Wang_2023_260729_1232,468,1785392127.293455,70997.9408044815,0.04261619597673416,0.04209006950259209,0.07734681162569258,0.07666180304355091,26.386288291083442,26.56629645453559,0.553897501428922,0.5538595224751367,49200.386048
Wang_2023_260729_1232,469,1785392285.2341626,71155.88151216507,0.04389587789773941,0.043263982981443405,0.07758529186248779,0.07691670914491018,26.35867351108127,26.6630259958903,0.5513025320900811,0.5492823032538096,49098.227712
Wang_2023_260729_1232,470,1785392435.5509274,71306.19827699661,0.04256899654865265,0.04239928722381592,0.07708198036584589,0.0764252786917819,26.37980946858724,27.368153364393446,0.5544791481229994,0.5521762681007385,47829.209088
Wang_2023_260729_1232,471,1785392586.2759364,71456.92328596115,0.041700515896081924,0.041344594210386276,0.07879428086181482,0.07812624936302504,26.217116843329535,26.85356938680013,0.5448465035359065,0.543533597919676,48408.39168
Wang_2023_260729_1232,472,1785392732.3451984,71602.99254798889,0.04384724050760269,0.043149858713150024,0.08032438274886873,0.07961236185497708,25.931802419026692,26.27985134548611,0.5334756794240739,0.5331192318598429,49103.310848
Wang_2023_260729_1232,473,1785392883.046344,71753.69369363785,0.04572837054729462,0.045111797749996185,0.08184737699727217,0.08109882290992472,25.915945358276367,26.072727406819663,0.5276663317945268,0.5267002569304572,49234.173952
Wang_2023_260729_1232,474,1785393030.2772572,71900.92460680008,0.04306477680802345,0.04251734912395477,0.07683862523900138,0.07611729745235708,26.294030108981662,26.58253344217936,0.5549999043676588,0.5538266867399215,49235.39456
